date,t,N_actual,N_pred,residual
2025-10-27,0.0,61.0,0.0,61.0
2025-10-28,1.0,113.0,10.595830082301571,102.40416991769843
2025-10-29,2.0,156.0,21.219113192913973,134.78088680708603
2025-10-30,3.0,188.0,31.869918772868612,156.1300812271314
2025-10-31,4.0,211.0,42.548316429984524,168.45168357001546
2025-11-01,5.0,217.0,53.25437593922256,163.74562406077743
2025-11-02,6.0,221.0,63.98816724303974,157.01183275696025
2025-11-03,7.0,241.0,74.74976045174266,166.25023954825735
2025-11-04,8.0,250.0,85.5392258438438,164.46077415615622
2025-11-05,9.0,261.0,96.3566338664178,164.64336613358222
2025-11-06,10.0,267.0,107.20205513545704,159.79794486454296
2025-11-07,11.0,288.0,118.07556043622795,169.92443956377207
2025-11-08,12.0,295.0,128.97722072362845,166.02277927637155
2025-11-09,13.0,300.0,139.9071071225469,160.0928928774531
2025-11-10,14.0,311.0,150.86529092821897,160.13470907178103
2025-11-11,15.0,318.0,161.85184360658607,156.14815639341393
2025-11-12,16.0,323.0,172.8668367946558,150.1331632053442
2025-11-13,17.0,331.0,183.9103423008612,147.0896576991388
2025-11-14,18.0,341.0,194.9824321054204,146.0175678945796
2025-11-15,19.0,347.0,206.08317836069702,140.91682163930298
2025-11-16,20.0,355.0,217.2126533915629,137.7873466084371
2025-11-17,21.0,360.0,228.37092969575752,131.62907030424248
2025-11-18,22.0,363.0,239.55807994425203,123.44192005574797
2025-11-19,23.0,365.0,250.77417698161113,114.22582301838887
2025-11-20,24.0,370.0,262.0192938263555,107.98070617364448
2025-11-21,25.0,373.0,273.29350367132565,99.70649632867435
2025-11-22,26.0,380.0,284.5968798840468,95.40312011595319
2025-11-23,27.0,380.0,295.9294960070924,84.07050399290762
2025-11-24,28.0,384.0,307.29142575844867,76.70857424155133
2025-11-25,29.0,385.0,318.68274303188156,66.31725696811844
2025-11-26,30.0,391.0,330.10352189730185,60.896478102698154
2025-11-27,31.0,397.0,341.5538366011313,55.44616339886869
2025-11-28,32.0,404.0,353.033761566669,50.966238433331
2025-11-29,33.0,404.0,364.54337139446045,39.45662860553955
2025-11-30,34.0,406.0,376.08274086266346,29.917259137336544
2025-12-01,35.0,412.0,387.6519449274177,24.348055072582326
2025-12-02,36.0,423.0,399.25105872321234,23.74894127678766
2025-12-03,37.0,438.0,410.880157563257,27.119842436743
2025-12-04,38.0,443.0,422.5393169398494,20.460683060150586
2025-12-05,39.0,443.0,434.2286125247461,8.771387475253903
2025-12-06,40.0,443.0,445.94812016953364,-2.948120169533638
2025-12-07,41.0,448.0,457.6979159059992,-9.697915905999196
2025-12-08,42.0,449.0,469.4780759465016,-20.478075946501576
2025-12-09,43.0,457.0,481.28867668434543,-24.288676684345432
2025-12-10,44.0,465.0,493.1297946941488,-28.129794694148814
2025-12-11,45.0,466.0,505.00150673222265,-39.00150673222265
2025-12-12,46.0,469.0,516.903889736938,-47.90388973693803
2025-12-13,47.0,473.0,528.8370208291026,-55.837020829102585
2025-12-14,48.0,474.0,540.8009773123366,-66.80097731233661
2025-12-15,49.0,477.0,552.7958366734439,-75.79583667344389
2025-12-16,50.0,484.0,564.8216765827887,-80.82167658278865
2025-12-17,51.0,492.0,576.8785748946723,-84.87857489467228
2025-12-18,52.0,509.0,588.9666096477068,-79.96660964770683
2025-12-19,53.0,520.0,601.0858590651942,-81.0858590651942
2025-12-20,54.0,524.0,613.2364015555002,-89.23640155550015
2025-12-21,55.0,540.0,625.4183157124343,-85.41831571243426
2025-12-22,56.0,550.0,637.6316803156261,-87.63168031562611
2025-12-23,57.0,561.0,649.8765743309037,-88.87657433090374
2025-12-24,58.0,586.0,662.1530769106733,-76.15307691067335
2025-12-25,59.0,617.0,674.4612673942966,-57.461267394296556
2025-12-26,60.0,637.0,686.8012253084706,-49.801225308470634
2025-12-27,61.0,645.0,699.1730303676098,-54.17303036760984
2025-12-28,62.0,658.0,711.5767624742243,-53.576762474224324
2025-12-29,63.0,675.0,724.0125017193005,-49.01250171930053
2025-12-30,64.0,684.0,736.4803283826841,-52.48032838268409
2025-12-31,65.0,694.0,748.9803229334597,-54.98032293345966
2026-01-01,66.0,708.0,761.5125660303345,-53.51256603033448
2026-01-02,67.0,716.0,774.077138522021,-58.07713852202096
2026-01-03,68.0,728.0,786.674121447617,-58.67412144761704
2026-01-04,69.0,736.0,799.3035960369925,-63.30359603699253
2026-01-05,70.0,752.0,811.9656437111728,-59.96564371117279
2026-01-06,71.0,774.0,824.6603460827197,-50.660346082719684
2026-01-07,72.0,789.0,837.3877849561203,-48.3877849561203
2026-01-08,73.0,802.0,850.1480423281688,-48.1480423281688
2026-01-09,74.0,812.0,862.9412003883529,-50.941200388352854
2026-01-10,75.0,826.0,875.7673415192413,-49.76734151924131
2026-01-11,76.0,834.0,888.6265482968678,-54.62654829686778
2026-01-12,77.0,859.0,901.5189034911168,-42.518903491116816
2026-01-13,78.0,874.0,914.4444900661141,-40.4444900661141
2026-01-14,79.0,894.0,927.4033911806118,-33.403391180611834
2026-01-15,80.0,916.0,940.3956901883765,-24.395690188376534
2026-01-16,81.0,928.0,953.4214706385774,-25.421470638577375
2026-01-17,82.0,939.0,966.4808162761764,-27.48081627617637
2026-01-18,83.0,953.0,979.573811042314,-26.57381104231399
2026-01-19,84.0,978.0,992.7005390747017,-14.700539074701737
2026-01-20,85.0,989.0,1005.8610847080105,-16.86108470801048
2026-01-21,86.0,1005.0,1019.055532474262,-14.055532474262009
2026-01-22,87.0,1021.0,1032.2839671032173,-11.283967103217265
2026-01-23,88.0,1033.0,1045.5464735227683,-12.546473522768338
2026-01-24,89.0,1044.0,1058.8431368593315,-14.84313685933148
2026-01-25,90.0,1056.0,1072.1740424382365,-16.174042438236484
2026-01-26,91.0,1079.0,1085.5392757841191,-6.539275784119127
2026-01-27,92.0,1097.0,1098.9389226213152,-1.9389226213152142
2026-01-28,93.0,1116.0,1112.3730688742526,3.626931125747433
2026-01-29,94.0,1124.0,1125.8418006678419,-1.8418006678418806
2026-01-30,95.0,1133.0,1139.3452043278749,-6.345204327874853
2026-01-31,96.0,1147.0,1152.8833663814146,-5.883366381414589
2026-02-01,97.0,1160.0,1166.4563735571908,-6.456373557190773
2026-02-02,98.0,1171.0,1180.064312785995,-9.064312785995071
2026-02-03,99.0,1206.0,1193.7072712010759,12.292728798924145
2026-02-04,100.0,1233.0,1207.3853361385327,25.614663861467307
2026-02-05,101.0,1254.0,1221.0985951377133,32.901404862286654
2026-02-06,102.0,1273.0,1234.8471359416076,38.152864058392424
2026-02-07,103.0,1288.0,1248.6310464972485,39.36895350275154
2026-02-08,104.0,1301.0,1262.450414956103,38.54958504389697
2026-02-09,105.0,1316.0,1276.305329674474,39.694670325525976
2026-02-10,106.0,1333.0,1290.1958792138944,42.804120786105614
2026-02-11,107.0,1345.0,1304.1221523415286,40.87784765847141
2026-02-12,108.0,1359.0,1318.0842380305664,40.91576196943356
2026-02-13,109.0,1367.0,1332.0822254606226,34.91777453937743
2026-02-14,110.0,1376.0,1346.1162040181412,29.88379598185884
2026-02-15,111.0,1383.0,1360.1862632967861,22.813736703213863
2026-02-16,112.0,1397.0,1374.2924930978454,22.70750690215459
2026-02-17,113.0,1408.0,1388.4349834306315,19.56501656936848
2026-02-18,114.0,1418.0,1402.6138245128798,15.386175487120227
2026-02-19,115.0,1435.0,1416.8291067711489,18.170893228851128
2026-02-20,116.0,1442.0,1431.0809208412213,10.919079158778686
2026-02-21,117.0,1451.0,1445.3693575685086,5.630642431491424
2026-02-22,118.0,1459.0,1459.6945080084438,-0.6945080084437905
2026-02-23,119.0,1466.0,1474.056463426894,-8.05646342689397
2026-02-24,120.0,1482.0,1488.4553153005536,-6.455315300553593
2026-02-25,121.0,1505.0,1502.8911553173516,2.108844682648396
2026-02-26,122.0,1518.0,1517.364075376853,0.6359246231470479
2026-02-27,123.0,1533.0,1531.8741675906608,1.125832409339182
2026-02-28,124.0,1548.0,1546.4215242828195,1.5784757171804813
2026-03-01,125.0,1559.0,1561.006237990219,-2.006237990219006
2026-03-02,126.0,1570.0,1575.6284014629985,-5.628401462998454
2026-03-03,127.0,1597.0,1590.2881076649505,6.71189233504947
2026-03-04,128.0,1611.0,1604.985449773926,6.014550226074107
2026-03-05,129.0,1652.0,1619.7205211822356,32.27947881776436
2026-03-06,130.0,1676.0,1634.493415497061,41.50658450293895
2026-03-07,131.0,1684.0,1649.3042265408524,34.69577345914763
2026-03-08,132.0,1691.0,1664.1530483517408,26.846951648259164
2026-03-09,133.0,1710.0,1679.039975183939,30.960024816060923
2026-03-10,134.0,1733.0,1693.9651015081506,39.03489849184939
2026-03-11,135.0,1748.0,1708.9285220119737,39.071477988026345
2026-03-12,136.0,1768.0,1723.9303316003102,44.06966839968982
2026-03-13,137.0,1803.0,1738.970625395771,64.0293746042289
2026-03-14,138.0,1819.0,1754.0494987390837,64.95050126091633
2026-03-15,139.0,1839.0,1769.1670471894995,69.8329528105005
2026-03-16,140.0,1856.0,1784.3233665251996,71.67663347480038
2026-03-17,141.0,1890.0,1799.5185527437052,90.48144725629481
2026-03-18,142.0,1902.0,1814.752702062285,87.24729793771508
2026-03-19,143.0,1923.0,1830.0259109183626,92.97408908163743
2026-03-20,144.0,1938.0,1845.3382759699255,92.66172403007454
2026-03-21,145.0,1950.0,1860.6898940959347,89.31010590406527
2026-03-22,146.0,1970.0,1876.0808623967314,93.91913760326861
2026-03-23,147.0,1984.0,1891.5112781944479,92.48872180555213
2026-03-24,148.0,2009.0,1906.9812390334196,102.01876096658043
2026-03-25,149.0,2022.0,1922.4908426805875,99.50915731941245
2026-03-26,150.0,2042.0,1938.0401871259155,103.95981287408449
2026-03-27,151.0,2056.0,1953.6293705827973,102.37062941720274
2026-03-28,152.0,2067.0,1969.2584914884649,97.74150851153513
2026-03-29,153.0,2083.0,1984.927648504402,98.07235149559801
2026-03-30,154.0,2092.0,2000.6369405167566,91.36305948324343
2026-03-31,155.0,2111.0,2016.3864666367442,94.61353336325578
2026-04-01,156.0,2126.0,2032.176326201068,93.82367379893208
2026-04-02,157.0,2142.0,2048.0066187723223,93.99338122767767
2026-04-03,158.0,2158.0,2063.8774441394107,94.12255586058927
2026-04-04,159.0,2166.0,2079.7889023179528,86.21109768204724
2026-04-05,160.0,2190.0,2095.7410935506996,94.25890644930041
2026-04-06,161.0,2219.0,2111.734118307943,107.26588169205706
2026-04-07,162.0,2243.0,2127.768077287926,115.23192271207381
2026-04-08,163.0,2284.0,2143.8430714172646,140.15692858273542
2026-04-09,164.0,2304.0,2159.959201851348,144.0407981486519
2026-04-10,165.0,2326.0,2176.116569974759,149.88343002524107
2026-04-11,166.0,2340.0,2192.3152774016835,147.6847225983165
2026-04-12,167.0,2359.0,2208.555425976328,150.44457402367198
2026-04-13,168.0,2382.0,2224.8371177733256,157.16288222667436
2026-04-14,169.0,2423.0,2241.160455098156,181.83954490184396
2026-04-15,170.0,2441.0,2257.525540487556,183.4744595124439
2026-04-16,171.0,2455.0,2273.9324767099333,181.06752329006667
2026-04-17,172.0,2468.0,2290.3813667657787,177.6186332342213
2026-04-18,173.0,2482.0,2306.8723138880823,175.12768611191768
2026-04-19,174.0,2502.0,2323.405421542747,178.5945784572532
2026-04-20,175.0,2525.0,2339.9807934290025,185.01920657099754
2026-04-21,176.0,2542.0,2356.5985334798197,185.4014665201803
2026-04-22,177.0,2571.0,2373.258745862323,197.74125413767706
2026-04-23,178.0,2588.0,2389.961534978208,198.03846502179204
2026-04-24,179.0,2604.0,2406.707005464153,197.2929945358469
2026-04-25,180.0,2623.0,2423.4952621922366,199.50473780776338
2026-04-26,181.0,2637.0,2440.3264102703506,196.6735897296494
2026-04-27,182.0,2653.0,2457.2005550426147,195.79944495738528
2026-04-28,183.0,2663.0,2474.117802089792,188.8821979102081
2026-04-29,184.0,2679.0,2491.0782572297026,187.92174277029744
2026-04-30,185.0,2692.0,2508.082026517642,183.91797348235787
2026-05-01,186.0,2707.0,2525.1292162467957,181.87078375320425
2026-05-02,187.0,2725.0,2542.21993294865,182.78006705135022
2026-05-03,188.0,2739.0,2559.354283393411,179.64571660658885
2026-05-04,189.0,2757.0,2576.5323745904193,180.4676254095807
2026-05-05,190.0,2769.0,2593.754313788569,175.2456862114309
2026-05-06,191.0,2777.0,2611.020208476713,165.97979152328708
2026-05-07,192.0,2806.0,2628.3301663840916,177.66983361590837
2026-05-08,193.0,2814.0,2645.6842954807385,168.31570451926154
2026-05-09,194.0,2830.0,2663.0827039779,166.9172960220999
2026-05-10,195.0,2866.0,2680.525500328452,185.47449967154807
2026-05-11,196.0,2888.0,2698.012793227309,189.98720677269102
2026-05-12,197.0,2903.0,2715.544691611853,187.45530838814693
2026-05-13,198.0,2914.0,2733.121304662334,180.87869533766616
2026-05-14,199.0,2925.0,2750.742741802295,174.25725819770514
2026-05-15,200.0,2934.0,2768.4091126989856,165.5908873010144
2026-05-16,201.0,2946.0,2786.12052726378,159.87947273622012
2026-05-17,202.0,2959.0,2803.877095652586,155.12290434741408
2026-05-18,203.0,2975.0,2821.678928266269,153.32107173373106
2026-05-19,204.0,2984.0,2839.526135751063,144.47386424893693
2026-05-20,205.0,3008.0,2857.4188289989847,150.58117100101526
2026-05-21,206.0,3030.0,2875.3571191482583,154.64288085174167
2026-05-22,207.0,3053.0,2893.3411175837164,159.65888241628363
2026-05-23,208.0,3062.0,2911.370935937233,150.62906406276716
2026-05-24,209.0,3081.0,2929.446686088122,151.55331391187792
2026-05-25,210.0,3107.0,2947.5684801635675,159.43151983643247
2026-05-26,211.0,3125.0,2965.736430539028,159.26356946097212
2026-05-27,212.0,3136.0,2983.9506498386595,152.0493501613405
2026-05-28,213.0,3154.0,3002.2112509357307,151.78874906426927
2026-05-29,214.0,3174.0,3020.518346953029,153.48165304697113
2026-05-30,215.0,3182.0,3038.87205126329,143.1279487367101
2026-05-31,216.0,3200.0,3057.2724774896014,142.72752251039856
2026-06-01,217.0,3216.0,3075.7197395058242,140.28026049417576
2026-06-02,218.0,3230.0,3094.2139514370033,135.7860485629967
2026-06-03,219.0,3253.0,3112.7552276597885,140.2447723402115
2026-06-04,220.0,3267.0,3131.343682802845,135.6563171971552
2026-06-05,221.0,3282.0,3149.9794317472697,132.0205682527303
2026-06-06,222.0,3291.0,3168.662589627004,122.33741037299615
2026-06-07,223.0,3296.0,3187.3932718292517,108.60672817074828
2026-06-08,224.0,3316.0,3206.1715939948904,109.82840600510963
2026-06-09,225.0,3325.0,3224.9976720188897,100.00232798111028
2026-06-10,226.0,3337.0,3243.8716220507213,93.12837794927873
2026-06-11,227.0,3345.0,3262.7935604947734,82.20643950522663
2026-06-12,228.0,3354.0,3281.7636040107705,72.23639598922955
2026-06-13,229.0,3363.0,3300.7818695141787,62.21813048582135
2026-06-14,230.0,3370.0,3319.8484741766256,50.15152582337441
2026-06-15,231.0,3392.0,3338.9635354263105,53.0364645736895
2026-06-16,232.0,3400.0,3358.127170948423,41.8728290515769
2026-06-17,233.0,3416.0,3377.3394986855483,38.66050131445172
2026-06-18,234.0,3430.0,3396.6006368380854,33.39936316191461
2026-06-19,235.0,3444.0,3415.91070386466,28.08929613534019
2026-06-20,236.0,3462.0,3435.269818482533,26.730181517466917
2026-06-21,237.0,3485.0,3454.6780996680222,30.32190033197776
2026-06-22,238.0,3493.0,3474.1356666569013,18.86433334309868
2026-06-23,239.0,3506.0,3493.6426389448256,12.357361055174351
2026-06-24,240.0,3522.0,3513.1991362877316,8.800863712268438
2026-06-25,241.0,3543.0,3532.8052787022602,10.194721297739761
2026-06-26,242.0,3554.0,3552.461186466157,1.5388135338430402
2026-06-27,243.0,3566.0,3572.166980118694,-6.166980118694028
2026-06-28,244.0,3574.0,3591.922780461072,-17.922780461071852
2026-06-29,245.0,3587.0,3611.7287085568355,-24.7287085568355
2026-06-30,246.0,3602.0,3631.5848857322844,-29.58488573228442
2026-07-01,247.0,3611.0,3651.4914335768804,-40.491433576880354
2026-07-02,248.0,3628.0,3671.4484739436616,-43.44847394366161
2026-07-03,249.0,3646.0,3691.456128949645,-45.45612894964506
2026-07-04,250.0,3658.0,3711.5145209762472,-53.51452097624724
2026-07-05,251.0,3664.0,3731.6237726696795,-67.62377266967951
2026-07-06,252.0,3671.0,3751.784006941369,-80.78400694136917
2026-07-07,253.0,3677.0,3771.9953469683646,-94.99534696836463
2026-07-08,254.0,3685.0,3792.257916193736,-107.25791619373604
2026-07-09,255.0,3703.0,3812.571838326993,-109.5718383269932
2026-07-10,256.0,3713.0,3832.93723734449,-119.93723734448986
2026-07-11,257.0,3719.0,3853.35423748983,-134.3542374898302
2026-07-12,258.0,3723.0,3873.822963274275,-150.82296327427503
2026-07-13,259.0,3734.0,3894.34353947715,-160.34353947715
2026-07-14,260.0,3755.0,3914.916091146252,-159.9160911462518
2026-07-15,261.0,3770.0,3935.540743598254,-165.5407435982538
2026-07-16,262.0,3783.0,3956.217622419114,-173.21762241911392
2026-07-17,263.0,3797.0,3976.9468534644757,-179.94685346447568
2026-07-18,264.0,3803.0,3997.728562860072,-194.7285628600721
2026-07-19,265.0,3809.0,4018.5628770021426,-209.5628770021426
2026-07-20,266.0,3833.0,4039.4499225578165,-206.44992255781654
2026-07-21,267.0,3861.0,4060.3898264655354,-199.3898264655354
2026-07-22,268.0,3888.0,4081.382715935449,-193.38271593544914
2026-07-23,269.0,3900.0,4102.428718449814,-202.42871844981437
2026-07-24,270.0,3907.0,4123.527961763405,-216.52796176340507
2026-07-25,271.0,3911.0,4144.680573903911,-233.68057390391095
2026-07-26,272.0,3915.0,4165.886683172338,-250.88668317233805
2026-07-27,273.0,3931.0,4187.14641814341,-256.1464181434103
2026-07-28,274.0,3944.0,4208.459907665974,-264.45990766597424
2026-07-29,275.0,3961.0,4229.827280863395,-268.82728086339466
2026-07-30,276.0,3970.0,4251.248667133955,-281.24866713395477
2026-07-31,277.0,3982.0,4272.724196151257,-290.7241961512573
2026-08-01,278.0,3999.0,4294.253997864626,-295.2539978646264
2026-08-02,279.0,4016.0,4315.8382024995,-299.83820249949986
2026-08-03,280.0,4031.0,4337.476940557828,-306.47694055782813
2026-08-04,281.0,4043.0,4359.1703428184765,-316.17034281847646
2026-08-05,282.0,4056.0,4380.918540337619,-324.91854033761865
2026-08-06,283.0,4078.0,4402.721664449134,-324.72166444913364
2026-08-07,284.0,4087.0,4424.579846765002,-337.579846765002
2026-08-08,285.0,4093.0,4446.493219175701,-353.4932191757007
2026-08-09,286.0,4102.0,4468.461913850596,-366.4619138505959
2026-08-10,287.0,4118.0,4490.4860632383425,-372.48606323834247
2026-08-11,288.0,4135.0,4512.565800067275,-377.5658000672747
2026-08-12,289.0,4144.0,4534.701257345796,-390.70125734579597
2026-08-13,290.0,4167.0,4556.892568362782,-389.8925683627822
2026-08-14,291.0,4184.0,4579.139866687959,-395.1398666879586
2026-08-15,292.0,4187.0,4601.443286172303,-414.4432861723026
2026-08-16,293.0,4191.0,4623.802960948434,-432.8029609484338
2026-08-17,294.0,4212.0,4646.219025430996,-434.2190254309962
2026-08-18,295.0,4224.0,4668.691614317057,-444.69161431705743
2026-08-19,296.0,4237.0,4691.220862586492,-454.22086258649233
2026-08-20,297.0,4246.0,4713.8069055023725,-467.8069055023725
2026-08-21,298.0,4254.0,4736.449878611354,-482.4498786113536
2026-08-22,299.0,4259.0,4759.149917744062,-500.1499177440619
2026-08-23,300.0,4266.0,4781.907159015485,-515.9071590154854
2026-08-24,301.0,4292.0,4804.721738825352,-512.7217388253521
2026-08-25,302.0,4307.0,4827.593793858519,-520.5937938585193
2026-08-26,303.0,4322.0,4850.523461085361,-528.5234610853613
2026-08-27,304.0,4336.0,4873.510877762147,-537.5108777621472
2026-08-28,305.0,4344.0,4896.5561814314215,-552.5561814314215
2026-08-29,306.0,4346.0,4919.659509922395,-573.659509922395
2026-08-30,307.0,4356.0,4942.821001351325,-586.8210013513253
2026-08-31,308.0,4366.0,4966.040794121889,-600.0407941218891
2026-09-01,309.0,4372.0,4989.319026925571,-617.319026925571
2026-09-02,310.0,4388.0,5012.655838742037,-624.6558387420373
2026-09-03,311.0,4398.0,5036.051368839522,-638.0513688395222
2026-09-04,312.0,4420.0,5059.505756775192,-639.5057567751919
2026-09-05,313.0,4427.0,5083.0191423955375,-656.0191423955375
2026-09-06,314.0,4442.0,5106.5916658367405,-664.5916658367405
2026-09-07,315.0,4455.0,5130.223467525053,-675.2234675250529
2026-09-08,316.0,4470.0,5153.9146881771685,-683.9146881771685
2026-09-09,317.0,4494.0,5177.665468800601,-683.665468800601
2026-09-10,318.0,4506.0,5201.475950694056,-695.4759506940563
2026-09-11,319.0,4517.0,5225.346275447799,-708.3462754477987
2026-09-12,320.0,4521.0,5249.276584944029,-728.2765849440293
2026-09-13,321.0,4526.0,5273.267021357256,-747.2670213572565
2026-09-14,322.0,4538.0,5297.317727154658,-759.3177271546583
2026-09-15,323.0,4545.0,5321.428845096461,-776.4288450964614
2026-09-16,324.0,4553.0,5345.600518236298,-792.6005182362978
2026-09-17,325.0,5441.0,5369.832889921581,71.16711007841877
2026-09-18,326.0,6599.0,5394.126103793867,1204.8738962061334
2026-09-19,327.0,6663.0,5418.480303789226,1244.5196962107739
2026-09-20,328.0,6699.0,5442.895634138593,1256.1043658614071
2026-09-21,329.0,6734.0,5467.372239368148,1266.6277606318517
2026-09-22,330.0,6749.0,5491.910264299664,1257.089735700336
2026-09-23,331.0,6796.0,5516.509854050878,1279.490145949122
2026-09-24,332.0,6829.0,5541.171154035849,1287.8288459641508
2026-09-25,333.0,6856.0,5565.894309965318,1290.105690034682
2026-09-26,334.0,6871.0,5590.679467847055,1280.320532152945
2026-09-27,335.0,6886.0,5615.526773986239,1270.4732260137607
2026-09-28,336.0,6946.0,5640.436374985794,1305.563625014206
2026-09-29,337.0,6965.0,5665.408417746757,1299.5915822532434
2026-09-30,338.0,7001.0,5690.443049468626,1310.5569505313742
2026-10-01,339.0,7016.0,5715.540417649713,1300.4595823502868
2026-10-02,340.0,7020.0,5740.700670087503,1279.2993299124973
