observed_week,cohort_week,cohort_size,still_holding,weeks_since,retention
2025-10-27,2025-10-27,1015,958,0,0.9438423645320198
2025-11-03,2025-10-27,1015,931,1,0.9172413793103448
2025-11-03,2025-11-03,253,227,0,0.8972332015810277
2025-11-10,2025-10-27,1015,915,2,0.9014778325123153
2025-11-10,2025-11-03,253,218,1,0.8616600790513834
2025-11-10,2025-11-10,176,159,0,0.9034090909090909
2025-11-17,2025-10-27,1015,906,3,0.8926108374384236
2025-11-17,2025-11-03,253,220,2,0.8695652173913043
2025-11-17,2025-11-10,176,155,1,0.8806818181818182
2025-11-17,2025-11-17,168,157,0,0.9345238095238095
2025-11-24,2025-10-27,1015,893,4,0.8798029556650246
2025-11-24,2025-11-03,253,220,3,0.8695652173913043
2025-11-24,2025-11-10,176,154,2,0.875
2025-11-24,2025-11-17,168,152,1,0.9047619047619048
2025-11-24,2025-11-24,37823,37771,0,0.9986251751579727
2025-12-01,2025-10-27,1015,881,5,0.8679802955665025
2025-12-01,2025-11-03,253,219,4,0.8656126482213439
2025-12-01,2025-11-10,176,153,3,0.8693181818181818
2025-12-01,2025-11-17,168,152,2,0.9047619047619048
2025-12-01,2025-11-24,37823,29912,1,0.7908415514369563
2025-12-01,2025-12-01,30781,30606,0,0.9943146746369513
2025-12-08,2025-10-27,1015,879,6,0.8660098522167488
2025-12-08,2025-11-03,253,215,5,0.849802371541502
2025-12-08,2025-11-10,176,152,4,0.8636363636363636
2025-12-08,2025-11-17,168,150,3,0.8928571428571429
2025-12-08,2025-11-24,37823,26752,2,0.7072945033445258
2025-12-08,2025-12-01,30781,27802,1,0.9032195185341607
2025-12-08,2025-12-08,494,480,0,0.97165991902834
2025-12-15,2025-10-27,1015,872,7,0.8591133004926108
2025-12-15,2025-11-03,253,216,6,0.8537549407114624
2025-12-15,2025-11-10,176,152,5,0.8636363636363636
2025-12-15,2025-11-17,168,151,4,0.8988095238095238
2025-12-15,2025-11-24,37823,26280,3,0.6948153240092008
2025-12-15,2025-12-01,30781,24476,2,0.7951658490627335
2025-12-15,2025-12-08,494,481,1,0.9736842105263158
2025-12-15,2025-12-15,360,343,0,0.9527777777777777
2025-12-22,2025-10-27,1015,864,8,0.8512315270935961
2025-12-22,2025-11-03,253,217,7,0.857707509881423
2025-12-22,2025-11-10,176,148,6,0.8409090909090909
2025-12-22,2025-11-17,168,150,5,0.8928571428571429
2025-12-22,2025-11-24,37823,25672,4,0.6787404489331889
2025-12-22,2025-12-01,30781,22767,3,0.7396445859458757
2025-12-22,2025-12-08,494,479,2,0.9696356275303644
2025-12-22,2025-12-15,360,341,1,0.9472222222222222
2025-12-22,2025-12-22,393,376,0,0.9567430025445293
2025-12-29,2025-10-27,1015,865,9,0.8522167487684729
2025-12-29,2025-11-03,253,217,8,0.857707509881423
2025-12-29,2025-11-10,176,149,7,0.8465909090909091
2025-12-29,2025-11-17,168,148,6,0.8809523809523809
2025-12-29,2025-11-24,37823,25537,5,0.6751711921317717
2025-12-29,2025-12-01,30781,21694,4,0.7047854195770118
2025-12-29,2025-12-08,494,477,3,0.9655870445344129
2025-12-29,2025-12-15,360,339,2,0.9416666666666667
2025-12-29,2025-12-22,393,373,1,0.9491094147582697
2025-12-29,2025-12-29,71,63,0,0.8873239436619719
2026-01-05,2025-10-27,1015,859,10,0.8463054187192118
2026-01-05,2025-11-03,253,215,9,0.849802371541502
2026-01-05,2025-11-10,176,149,8,0.8465909090909091
2026-01-05,2025-11-17,168,148,7,0.8809523809523809
2026-01-05,2025-11-24,37823,25134,6,0.6645162996060598
2026-01-05,2025-12-01,30781,21358,5,0.6938695948799584
2026-01-05,2025-12-08,494,477,4,0.9655870445344129
2026-01-05,2025-12-15,360,336,3,0.9333333333333333
2026-01-05,2025-12-22,393,370,2,0.9414758269720102
2026-01-05,2025-12-29,71,62,1,0.8732394366197183
2026-01-05,2026-01-05,232,216,0,0.9310344827586207
2026-01-12,2025-10-27,1015,856,11,0.8433497536945813
2026-01-12,2025-11-03,253,212,10,0.8379446640316206
2026-01-12,2025-11-10,176,147,9,0.8352272727272727
2026-01-12,2025-11-17,168,149,8,0.8869047619047619
2026-01-12,2025-11-24,37823,24736,7,0.6539936017766967
2026-01-12,2025-12-01,30781,20323,6,0.6602449563042136
2026-01-12,2025-12-08,494,476,5,0.9635627530364372
2026-01-12,2025-12-15,360,336,4,0.9333333333333333
2026-01-12,2025-12-22,393,370,3,0.9414758269720102
2026-01-12,2025-12-29,71,60,2,0.8450704225352113
2026-01-12,2026-01-05,232,217,1,0.9353448275862069
2026-01-12,2026-01-12,220,206,0,0.9363636363636364
2026-01-19,2025-10-27,1015,851,12,0.8384236453201971
2026-01-19,2025-11-03,253,211,11,0.83399209486166
2026-01-19,2025-11-10,176,146,10,0.8295454545454546
2026-01-19,2025-11-17,168,149,9,0.8869047619047619
2026-01-19,2025-11-24,37823,24741,8,0.6541257964730455
2026-01-19,2025-12-01,30781,19289,7,0.626652805301972
2026-01-19,2025-12-08,494,477,6,0.9655870445344129
2026-01-19,2025-12-15,360,336,5,0.9333333333333333
2026-01-19,2025-12-22,393,366,4,0.9312977099236641
2026-01-19,2025-12-29,71,60,3,0.8450704225352113
2026-01-19,2026-01-05,232,215,2,0.9267241379310345
2026-01-19,2026-01-12,220,202,1,0.9181818181818182
2026-01-19,2026-01-19,169,161,0,0.9526627218934911
2026-01-26,2025-10-27,1015,848,13,0.8354679802955665
2026-01-26,2025-11-03,253,209,12,0.8260869565217391
2026-01-26,2025-11-10,176,145,11,0.8238636363636364
2026-01-26,2025-11-17,168,147,10,0.875
2026-01-26,2025-11-24,37823,24732,9,0.6538878460196177
2026-01-26,2025-12-01,30781,18833,8,0.6118384717845424
2026-01-26,2025-12-08,494,475,7,0.9615384615384616
2026-01-26,2025-12-15,360,335,6,0.9305555555555556
2026-01-26,2025-12-22,393,364,5,0.926208651399491
2026-01-26,2025-12-29,71,60,4,0.8450704225352113
2026-01-26,2026-01-05,232,213,3,0.9181034482758621
2026-01-26,2026-01-12,220,202,2,0.9181818181818182
2026-01-26,2026-01-19,169,157,1,0.9289940828402367
2026-01-26,2026-01-26,223,209,0,0.9372197309417041
2026-02-02,2025-10-27,1015,844,14,0.8315270935960591
2026-02-02,2025-11-03,253,209,13,0.8260869565217391
2026-02-02,2025-11-10,176,145,12,0.8238636363636364
2026-02-02,2025-11-17,168,147,11,0.875
2026-02-02,2025-11-24,37823,24706,10,0.653200433598604
2026-02-02,2025-12-01,30781,18540,9,0.6023196127481238
2026-02-02,2025-12-08,494,476,8,0.9635627530364372
2026-02-02,2025-12-15,360,336,7,0.9333333333333333
2026-02-02,2025-12-22,393,364,6,0.926208651399491
2026-02-02,2025-12-29,71,60,5,0.8450704225352113
2026-02-02,2026-01-05,232,213,4,0.9181034482758621
2026-02-02,2026-01-12,220,203,3,0.9227272727272727
2026-02-02,2026-01-19,169,156,2,0.9230769230769231
2026-02-02,2026-01-26,223,207,1,0.9282511210762332
2026-02-02,2026-02-02,141,138,0,0.9787234042553191
2026-02-09,2025-10-27,1015,841,15,0.8285714285714286
2026-02-09,2025-11-03,253,209,14,0.8260869565217391
2026-02-09,2025-11-10,176,145,13,0.8238636363636364
2026-02-09,2025-11-17,168,147,12,0.875
2026-02-09,2025-11-24,37823,24282,11,0.6419903233482273
2026-02-09,2025-12-01,30781,18415,10,0.5982586660602319
2026-02-09,2025-12-08,494,475,9,0.9615384615384616
2026-02-09,2025-12-15,360,336,8,0.9333333333333333
2026-02-09,2025-12-22,393,364,7,0.926208651399491
2026-02-09,2025-12-29,71,59,6,0.8309859154929577
2026-02-09,2026-01-05,232,212,5,0.9137931034482759
2026-02-09,2026-01-12,220,205,4,0.9318181818181818
2026-02-09,2026-01-19,169,157,3,0.9289940828402367
2026-02-09,2026-01-26,223,205,2,0.9192825112107623
2026-02-09,2026-02-02,141,138,1,0.9787234042553191
2026-02-09,2026-02-09,136,124,0,0.9117647058823529
2026-02-16,2025-10-27,1015,839,16,0.8266009852216749
2026-02-16,2025-11-03,253,209,15,0.8260869565217391
2026-02-16,2025-11-10,176,144,14,0.8181818181818182
2026-02-16,2025-11-17,168,147,13,0.875
2026-02-16,2025-11-24,37823,24268,12,0.6416201781984506
2026-02-16,2025-12-01,30781,17890,11,0.581202689971086
2026-02-16,2025-12-08,494,476,10,0.9635627530364372
2026-02-16,2025-12-15,360,336,9,0.9333333333333333
2026-02-16,2025-12-22,393,365,8,0.9287531806615776
2026-02-16,2025-12-29,71,59,7,0.8309859154929577
2026-02-16,2026-01-05,232,210,6,0.9051724137931034
2026-02-16,2026-01-12,220,204,5,0.9272727272727272
2026-02-16,2026-01-19,169,156,4,0.9230769230769231
2026-02-16,2026-01-26,223,203,3,0.9103139013452914
2026-02-16,2026-02-02,141,136,2,0.9645390070921985
2026-02-16,2026-02-09,136,123,1,0.9044117647058824
2026-02-16,2026-02-16,125,118,0,0.944
2026-02-23,2025-10-27,1015,835,17,0.8226600985221675
2026-02-23,2025-11-03,253,206,16,0.8142292490118577
2026-02-23,2025-11-10,176,145,15,0.8238636363636364
2026-02-23,2025-11-17,168,147,14,0.875
2026-02-23,2025-11-24,37823,24150,13,0.6385003833646195
2026-02-23,2025-12-01,30781,17509,12,0.5688249244663917
2026-02-23,2025-12-08,494,474,11,0.9595141700404858
2026-02-23,2025-12-15,360,335,10,0.9305555555555556
2026-02-23,2025-12-22,393,366,9,0.9312977099236641
2026-02-23,2025-12-29,71,59,8,0.8309859154929577
2026-02-23,2026-01-05,232,209,7,0.9008620689655172
2026-02-23,2026-01-12,220,203,6,0.9227272727272727
2026-02-23,2026-01-19,169,156,5,0.9230769230769231
2026-02-23,2026-01-26,223,203,4,0.9103139013452914
2026-02-23,2026-02-02,141,134,3,0.950354609929078
2026-02-23,2026-02-09,136,123,2,0.9044117647058824
2026-02-23,2026-02-16,125,114,1,0.912
2026-02-23,2026-02-23,116,108,0,0.9310344827586207
2026-03-02,2025-10-27,1015,834,18,0.8216748768472907
2026-03-02,2025-11-03,253,205,17,0.8102766798418972
2026-03-02,2025-11-10,176,145,16,0.8238636363636364
2026-03-02,2025-11-17,168,147,15,0.875
2026-03-02,2025-11-24,37823,24088,14,0.6368611691298945
2026-03-02,2025-12-01,30781,17404,13,0.5654137292485625
2026-03-02,2025-12-08,494,476,12,0.9635627530364372
2026-03-02,2025-12-15,360,336,11,0.9333333333333333
2026-03-02,2025-12-22,393,365,10,0.9287531806615776
2026-03-02,2025-12-29,71,59,9,0.8309859154929577
2026-03-02,2026-01-05,232,207,8,0.8922413793103449
2026-03-02,2026-01-12,220,203,7,0.9227272727272727
2026-03-02,2026-01-19,169,156,6,0.9230769230769231
2026-03-02,2026-01-26,223,204,5,0.9147982062780269
2026-03-02,2026-02-02,141,136,4,0.9645390070921985
2026-03-02,2026-02-09,136,123,3,0.9044117647058824
2026-03-02,2026-02-16,125,115,2,0.92
2026-03-02,2026-02-23,116,105,1,0.9051724137931034
2026-03-02,2026-03-02,138,128,0,0.927536231884058
2026-03-09,2025-10-27,1015,830,19,0.8177339901477833
2026-03-09,2025-11-03,253,205,18,0.8102766798418972
2026-03-09,2025-11-10,176,145,17,0.8238636363636364
2026-03-09,2025-11-17,168,147,16,0.875
2026-03-09,2025-11-24,37823,24075,15,0.6365174629193877
2026-03-09,2025-12-01,30781,17288,14,0.5616451707221988
2026-03-09,2025-12-08,494,476,13,0.9635627530364372
2026-03-09,2025-12-15,360,335,12,0.9305555555555556
2026-03-09,2025-12-22,393,365,11,0.9287531806615776
2026-03-09,2025-12-29,71,59,10,0.8309859154929577
2026-03-09,2026-01-05,232,209,9,0.9008620689655172
2026-03-09,2026-01-12,220,203,8,0.9227272727272727
2026-03-09,2026-01-19,169,155,7,0.9171597633136095
2026-03-09,2026-01-26,223,207,6,0.9282511210762332
2026-03-09,2026-02-02,141,133,5,0.9432624113475178
2026-03-09,2026-02-09,136,124,4,0.9117647058823529
2026-03-09,2026-02-16,125,113,3,0.904
2026-03-09,2026-02-23,116,104,2,0.896551724137931
2026-03-09,2026-03-02,138,129,1,0.9347826086956522
2026-03-09,2026-03-09,110,98,0,0.8909090909090909
2026-03-16,2025-10-27,1015,828,20,0.8157635467980295
2026-03-16,2025-11-03,253,206,19,0.8142292490118577
2026-03-16,2025-11-10,176,145,18,0.8238636363636364
2026-03-16,2025-11-17,168,147,17,0.875
2026-03-16,2025-11-24,37823,17677,16,0.4673611294714856
2026-03-16,2025-12-01,30781,13926,15,0.45242194860465873
2026-03-16,2025-12-08,494,476,14,0.9635627530364372
2026-03-16,2025-12-15,360,336,13,0.9333333333333333
2026-03-16,2025-12-22,393,366,12,0.9312977099236641
2026-03-16,2025-12-29,71,59,11,0.8309859154929577
2026-03-16,2026-01-05,232,207,10,0.8922413793103449
2026-03-16,2026-01-12,220,202,9,0.9181818181818182
2026-03-16,2026-01-19,169,153,8,0.9053254437869822
2026-03-16,2026-01-26,223,206,7,0.9237668161434978
2026-03-16,2026-02-02,141,134,6,0.950354609929078
2026-03-16,2026-02-09,136,123,5,0.9044117647058824
2026-03-16,2026-02-16,125,111,4,0.888
2026-03-16,2026-02-23,116,102,3,0.8793103448275862
2026-03-16,2026-03-02,138,123,2,0.8913043478260869
2026-03-16,2026-03-09,110,93,1,0.8454545454545455
2026-03-16,2026-03-16,135,120,0,0.8888888888888888
2026-03-23,2025-10-27,1015,827,21,0.8147783251231527
2026-03-23,2025-11-03,253,205,20,0.8102766798418972
2026-03-23,2025-11-10,176,144,19,0.8181818181818182
2026-03-23,2025-11-17,168,148,18,0.8809523809523809
2026-03-23,2025-11-24,37823,15410,17,0.4074240541469476
2026-03-23,2025-12-01,30781,6894,16,0.22396933173061304
2026-03-23,2025-12-08,494,474,15,0.9595141700404858
2026-03-23,2025-12-15,360,335,14,0.9305555555555556
2026-03-23,2025-12-22,393,367,13,0.9338422391857506
2026-03-23,2025-12-29,71,59,12,0.8309859154929577
2026-03-23,2026-01-05,232,208,11,0.896551724137931
2026-03-23,2026-01-12,220,202,10,0.9181818181818182
2026-03-23,2026-01-19,169,153,9,0.9053254437869822
2026-03-23,2026-01-26,223,206,8,0.9237668161434978
2026-03-23,2026-02-02,141,135,7,0.9574468085106383
2026-03-23,2026-02-09,136,123,6,0.9044117647058824
2026-03-23,2026-02-16,125,112,5,0.896
2026-03-23,2026-02-23,116,102,4,0.8793103448275862
2026-03-23,2026-03-02,138,122,3,0.8840579710144928
2026-03-23,2026-03-09,110,94,2,0.8545454545454545
2026-03-23,2026-03-16,135,120,1,0.8888888888888888
2026-03-23,2026-03-23,72,61,0,0.8472222222222222
2026-03-30,2025-10-27,1015,826,22,0.8137931034482758
2026-03-30,2025-11-03,253,205,21,0.8102766798418972
2026-03-30,2025-11-10,176,144,20,0.8181818181818182
2026-03-30,2025-11-17,168,148,19,0.8809523809523809
2026-03-30,2025-11-24,37823,14782,18,0.39082040028554055
2026-03-30,2025-12-01,30781,4564,17,0.14827328546830837
2026-03-30,2025-12-08,494,474,16,0.9595141700404858
2026-03-30,2025-12-15,360,335,15,0.9305555555555556
2026-03-30,2025-12-22,393,366,14,0.9312977099236641
2026-03-30,2025-12-29,71,58,13,0.8169014084507042
2026-03-30,2026-01-05,232,208,12,0.896551724137931
2026-03-30,2026-01-12,220,201,11,0.9136363636363637
2026-03-30,2026-01-19,169,153,10,0.9053254437869822
2026-03-30,2026-01-26,223,205,9,0.9192825112107623
2026-03-30,2026-02-02,141,135,8,0.9574468085106383
2026-03-30,2026-02-09,136,123,7,0.9044117647058824
2026-03-30,2026-02-16,125,108,6,0.864
2026-03-30,2026-02-23,116,101,5,0.8706896551724138
2026-03-30,2026-03-02,138,114,4,0.8260869565217391
2026-03-30,2026-03-09,110,94,3,0.8545454545454545
2026-03-30,2026-03-16,135,108,2,0.8
2026-03-30,2026-03-23,72,60,1,0.8333333333333334
2026-03-30,2026-03-30,56,46,0,0.8214285714285714
2026-04-06,2025-10-27,1015,826,23,0.8137931034482758
2026-04-06,2025-11-03,253,204,22,0.8063241106719368
2026-04-06,2025-11-10,176,142,21,0.8068181818181818
2026-04-06,2025-11-17,168,147,20,0.875
2026-04-06,2025-11-24,37823,14777,19,0.39068820558919176
2026-04-06,2025-12-01,30781,4563,18,0.14824079789480524
2026-04-06,2025-12-08,494,475,17,0.9615384615384616
2026-04-06,2025-12-15,360,335,16,0.9305555555555556
2026-04-06,2025-12-22,393,365,15,0.9287531806615776
2026-04-06,2025-12-29,71,58,14,0.8169014084507042
2026-04-06,2026-01-05,232,208,13,0.896551724137931
2026-04-06,2026-01-12,220,203,12,0.9227272727272727
2026-04-06,2026-01-19,169,151,11,0.893491124260355
2026-04-06,2026-01-26,223,204,10,0.9147982062780269
2026-04-06,2026-02-02,141,134,9,0.950354609929078
2026-04-06,2026-02-09,136,121,8,0.8897058823529411
2026-04-06,2026-02-16,125,108,7,0.864
2026-04-06,2026-02-23,116,101,6,0.8706896551724138
2026-04-06,2026-03-02,138,117,5,0.8478260869565217
2026-04-06,2026-03-09,110,93,4,0.8454545454545455
2026-04-06,2026-03-16,135,108,3,0.8
2026-04-06,2026-03-23,72,60,2,0.8333333333333334
2026-04-06,2026-03-30,56,41,1,0.7321428571428571
2026-04-06,2026-04-06,89,82,0,0.9213483146067416
2026-04-13,2025-10-27,1015,824,24,0.8118226600985222
2026-04-13,2025-11-03,253,204,23,0.8063241106719368
2026-04-13,2025-11-10,176,143,22,0.8125
2026-04-13,2025-11-17,168,145,21,0.8630952380952381
2026-04-13,2025-11-24,37823,14771,20,0.39052957195357324
2026-04-13,2025-12-01,30781,4562,19,0.1482083103213021
2026-04-13,2025-12-08,494,475,18,0.9615384615384616
2026-04-13,2025-12-15,360,334,17,0.9277777777777778
2026-04-13,2025-12-22,393,362,16,0.9211195928753181
2026-04-13,2025-12-29,71,58,15,0.8169014084507042
2026-04-13,2026-01-05,232,207,14,0.8922413793103449
2026-04-13,2026-01-12,220,202,13,0.9181818181818182
2026-04-13,2026-01-19,169,149,12,0.8816568047337278
2026-04-13,2026-01-26,223,205,11,0.9192825112107623
2026-04-13,2026-02-02,141,134,10,0.950354609929078
2026-04-13,2026-02-09,136,121,9,0.8897058823529411
2026-04-13,2026-02-16,125,108,8,0.864
2026-04-13,2026-02-23,116,102,7,0.8793103448275862
2026-04-13,2026-03-02,138,120,6,0.8695652173913043
2026-04-13,2026-03-09,110,92,5,0.8363636363636363
2026-04-13,2026-03-16,135,108,4,0.8
2026-04-13,2026-03-23,72,59,3,0.8194444444444444
2026-04-13,2026-03-30,56,40,2,0.7142857142857143
2026-04-13,2026-04-06,89,79,1,0.8876404494382022
2026-04-13,2026-04-13,57,49,0,0.8596491228070176
2026-04-20,2025-10-27,1015,819,25,0.8068965517241379
2026-04-20,2025-11-03,253,202,24,0.7984189723320159
2026-04-20,2025-11-10,176,143,23,0.8125
2026-04-20,2025-11-17,168,143,22,0.8511904761904762
2026-04-20,2025-11-24,37823,14766,21,0.39039737725722445
2026-04-20,2025-12-01,30781,4560,20,0.14814333517429584
2026-04-20,2025-12-08,494,475,19,0.9615384615384616
2026-04-20,2025-12-15,360,334,18,0.9277777777777778
2026-04-20,2025-12-22,393,361,17,0.9185750636132316
2026-04-20,2025-12-29,71,58,16,0.8169014084507042
2026-04-20,2026-01-05,232,208,15,0.896551724137931
2026-04-20,2026-01-12,220,201,14,0.9136363636363637
2026-04-20,2026-01-19,169,148,13,0.8757396449704142
2026-04-20,2026-01-26,223,204,12,0.9147982062780269
2026-04-20,2026-02-02,141,132,11,0.9361702127659575
2026-04-20,2026-02-09,136,120,10,0.8823529411764706
2026-04-20,2026-02-16,125,108,9,0.864
2026-04-20,2026-02-23,116,102,8,0.8793103448275862
2026-04-20,2026-03-02,138,113,7,0.8188405797101449
2026-04-20,2026-03-09,110,92,6,0.8363636363636363
2026-04-20,2026-03-16,135,107,5,0.7925925925925926
2026-04-20,2026-03-23,72,59,4,0.8194444444444444
2026-04-20,2026-03-30,56,39,3,0.6964285714285714
2026-04-20,2026-04-06,89,78,2,0.8764044943820225
2026-04-20,2026-04-13,57,45,1,0.7894736842105263
2026-04-20,2026-04-20,41,36,0,0.8780487804878049
2026-04-27,2025-10-27,1015,821,26,0.8088669950738916
2026-04-27,2025-11-03,253,201,25,0.7944664031620553
2026-04-27,2025-11-10,176,143,24,0.8125
2026-04-27,2025-11-17,168,143,23,0.8511904761904762
2026-04-27,2025-11-24,37823,14762,22,0.3902916215001454
2026-04-27,2025-12-01,30781,4558,21,0.14807836002728955
2026-04-27,2025-12-08,494,475,20,0.9615384615384616
2026-04-27,2025-12-15,360,334,19,0.9277777777777778
2026-04-27,2025-12-22,393,362,18,0.9211195928753181
2026-04-27,2025-12-29,71,58,17,0.8169014084507042
2026-04-27,2026-01-05,232,207,16,0.8922413793103449
2026-04-27,2026-01-12,220,201,15,0.9136363636363637
2026-04-27,2026-01-19,169,147,14,0.8698224852071006
2026-04-27,2026-01-26,223,204,13,0.9147982062780269
2026-04-27,2026-02-02,141,133,12,0.9432624113475178
2026-04-27,2026-02-09,136,120,11,0.8823529411764706
2026-04-27,2026-02-16,125,108,10,0.864
2026-04-27,2026-02-23,116,102,9,0.8793103448275862
2026-04-27,2026-03-02,138,115,8,0.8333333333333334
2026-04-27,2026-03-09,110,91,7,0.8272727272727273
2026-04-27,2026-03-16,135,107,6,0.7925925925925926
2026-04-27,2026-03-23,72,59,5,0.8194444444444444
2026-04-27,2026-03-30,56,39,4,0.6964285714285714
2026-04-27,2026-04-06,89,77,3,0.8651685393258427
2026-04-27,2026-04-13,57,47,2,0.8245614035087719
2026-04-27,2026-04-20,41,35,1,0.8536585365853658
2026-04-27,2026-04-27,32,30,0,0.9375
2026-05-04,2025-10-27,1015,821,27,0.8088669950738916
2026-05-04,2025-11-03,253,200,26,0.7905138339920948
2026-05-04,2025-11-10,176,142,25,0.8068181818181818
2026-05-04,2025-11-17,168,143,24,0.8511904761904762
2026-05-04,2025-11-24,37823,14749,23,0.38994791528963857
2026-05-04,2025-12-01,30781,4293,22,0.13946915304895877
2026-05-04,2025-12-08,494,474,21,0.9595141700404858
2026-05-04,2025-12-15,360,334,20,0.9277777777777778
2026-05-04,2025-12-22,393,362,19,0.9211195928753181
2026-05-04,2025-12-29,71,58,18,0.8169014084507042
2026-05-04,2026-01-05,232,207,17,0.8922413793103449
2026-05-04,2026-01-12,220,200,16,0.9090909090909091
2026-05-04,2026-01-19,169,146,15,0.863905325443787
2026-05-04,2026-01-26,223,203,14,0.9103139013452914
2026-05-04,2026-02-02,141,133,13,0.9432624113475178
2026-05-04,2026-02-09,136,120,12,0.8823529411764706
2026-05-04,2026-02-16,125,107,11,0.856
2026-05-04,2026-02-23,116,102,10,0.8793103448275862
2026-05-04,2026-03-02,138,114,9,0.8260869565217391
2026-05-04,2026-03-09,110,91,8,0.8272727272727273
2026-05-04,2026-03-16,135,114,7,0.8444444444444444
2026-05-04,2026-03-23,72,58,6,0.8055555555555556
2026-05-04,2026-03-30,56,40,5,0.7142857142857143
2026-05-04,2026-04-06,89,76,4,0.8539325842696629
2026-05-04,2026-04-13,57,45,3,0.7894736842105263
2026-05-04,2026-04-20,41,34,2,0.8292682926829268
2026-05-04,2026-04-27,32,29,1,0.90625
2026-05-04,2026-05-04,35,30,0,0.8571428571428571
2026-05-11,2025-10-27,1015,820,28,0.8078817733990148
2026-05-11,2025-11-03,253,200,27,0.7905138339920948
2026-05-11,2025-11-10,176,141,26,0.8011363636363636
2026-05-11,2025-11-17,168,142,25,0.8452380952380952
2026-05-11,2025-11-24,37823,14750,24,0.38997435422890836
2026-05-11,2025-12-01,30781,4064,23,0.13202949871674086
2026-05-11,2025-12-08,494,473,22,0.9574898785425101
2026-05-11,2025-12-15,360,333,21,0.925
2026-05-11,2025-12-22,393,362,20,0.9211195928753181
2026-05-11,2025-12-29,71,58,19,0.8169014084507042
2026-05-11,2026-01-05,232,207,18,0.8922413793103449
2026-05-11,2026-01-12,220,199,17,0.9045454545454545
2026-05-11,2026-01-19,169,146,16,0.863905325443787
2026-05-11,2026-01-26,223,203,15,0.9103139013452914
2026-05-11,2026-02-02,141,131,14,0.9290780141843972
2026-05-11,2026-02-09,136,120,13,0.8823529411764706
2026-05-11,2026-02-16,125,107,12,0.856
2026-05-11,2026-02-23,116,102,11,0.8793103448275862
2026-05-11,2026-03-02,138,113,10,0.8188405797101449
2026-05-11,2026-03-09,110,91,9,0.8272727272727273
2026-05-11,2026-03-16,135,114,8,0.8444444444444444
2026-05-11,2026-03-23,72,58,7,0.8055555555555556
2026-05-11,2026-03-30,56,40,6,0.7142857142857143
2026-05-11,2026-04-06,89,75,5,0.8426966292134831
2026-05-11,2026-04-13,57,45,4,0.7894736842105263
2026-05-11,2026-04-20,41,33,3,0.8048780487804879
2026-05-11,2026-04-27,32,27,2,0.84375
2026-05-11,2026-05-04,35,27,1,0.7714285714285715
2026-05-11,2026-05-11,36,31,0,0.8611111111111112
2026-05-18,2025-10-27,1015,816,29,0.8039408866995074
2026-05-18,2025-11-03,253,198,28,0.782608695652174
2026-05-18,2025-11-10,176,140,27,0.7954545454545454
2026-05-18,2025-11-17,168,141,26,0.8392857142857143
2026-05-18,2025-11-24,37823,14746,25,0.3898685984718293
2026-05-18,2025-12-01,30781,3929,24,0.12764367629381762
2026-05-18,2025-12-08,494,472,23,0.9554655870445344
2026-05-18,2025-12-15,360,332,22,0.9222222222222223
2026-05-18,2025-12-22,393,361,21,0.9185750636132316
2026-05-18,2025-12-29,71,58,20,0.8169014084507042
2026-05-18,2026-01-05,232,207,19,0.8922413793103449
2026-05-18,2026-01-12,220,198,18,0.9
2026-05-18,2026-01-19,169,146,17,0.863905325443787
2026-05-18,2026-01-26,223,202,16,0.905829596412556
2026-05-18,2026-02-02,141,132,15,0.9361702127659575
2026-05-18,2026-02-09,136,119,14,0.875
2026-05-18,2026-02-16,125,107,13,0.856
2026-05-18,2026-02-23,116,102,12,0.8793103448275862
2026-05-18,2026-03-02,138,112,11,0.8115942028985508
2026-05-18,2026-03-09,110,91,10,0.8272727272727273
2026-05-18,2026-03-16,135,113,9,0.837037037037037
2026-05-18,2026-03-23,72,59,8,0.8194444444444444
2026-05-18,2026-03-30,56,40,7,0.7142857142857143
2026-05-18,2026-04-06,89,73,6,0.8202247191011236
2026-05-18,2026-04-13,57,44,5,0.7719298245614035
2026-05-18,2026-04-20,41,34,4,0.8292682926829268
2026-05-18,2026-04-27,32,27,3,0.84375
2026-05-18,2026-05-04,35,27,2,0.7714285714285715
2026-05-18,2026-05-11,36,29,1,0.8055555555555556
2026-05-18,2026-05-18,45,41,0,0.9111111111111111
2026-05-25,2025-10-27,1015,812,30,0.8
2026-05-25,2025-11-03,253,198,29,0.782608695652174
2026-05-25,2025-11-10,176,139,28,0.7897727272727273
2026-05-25,2025-11-17,168,141,27,0.8392857142857143
2026-05-25,2025-11-24,37823,14742,26,0.38976284271475026
2026-05-25,2025-12-01,30781,3928,25,0.1276111887203145
2026-05-25,2025-12-08,494,472,24,0.9554655870445344
2026-05-25,2025-12-15,360,331,23,0.9194444444444444
2026-05-25,2025-12-22,393,360,22,0.916030534351145
2026-05-25,2025-12-29,71,58,21,0.8169014084507042
2026-05-25,2026-01-05,232,207,20,0.8922413793103449
2026-05-25,2026-01-12,220,198,19,0.9
2026-05-25,2026-01-19,169,145,18,0.8579881656804734
2026-05-25,2026-01-26,223,203,17,0.9103139013452914
2026-05-25,2026-02-02,141,132,16,0.9361702127659575
2026-05-25,2026-02-09,136,120,15,0.8823529411764706
2026-05-25,2026-02-16,125,107,14,0.856
2026-05-25,2026-02-23,116,102,13,0.8793103448275862
2026-05-25,2026-03-02,138,112,12,0.8115942028985508
2026-05-25,2026-03-09,110,91,11,0.8272727272727273
2026-05-25,2026-03-16,135,112,10,0.8296296296296296
2026-05-25,2026-03-23,72,59,9,0.8194444444444444
2026-05-25,2026-03-30,56,40,8,0.7142857142857143
2026-05-25,2026-04-06,89,72,7,0.8089887640449438
2026-05-25,2026-04-13,57,44,6,0.7719298245614035
2026-05-25,2026-04-20,41,33,5,0.8048780487804879
2026-05-25,2026-04-27,32,26,4,0.8125
2026-05-25,2026-05-04,35,27,3,0.7714285714285715
2026-05-25,2026-05-11,36,27,2,0.75
2026-05-25,2026-05-18,45,38,1,0.8444444444444444
2026-05-25,2026-05-25,35,31,0,0.8857142857142857
2026-06-01,2025-10-27,1015,806,31,0.7940886699507389
2026-06-01,2025-11-03,253,198,30,0.782608695652174
2026-06-01,2025-11-10,176,139,29,0.7897727272727273
2026-06-01,2025-11-17,168,141,28,0.8392857142857143
2026-06-01,2025-11-24,37823,14735,27,0.389577770139862
2026-06-01,2025-12-01,30781,3927,26,0.12757870114681136
2026-06-01,2025-12-08,494,472,25,0.9554655870445344
2026-06-01,2025-12-15,360,331,24,0.9194444444444444
2026-06-01,2025-12-22,393,360,23,0.916030534351145
2026-06-01,2025-12-29,71,58,22,0.8169014084507042
2026-06-01,2026-01-05,232,206,21,0.8879310344827587
2026-06-01,2026-01-12,220,197,20,0.8954545454545455
2026-06-01,2026-01-19,169,144,19,0.8520710059171598
2026-06-01,2026-01-26,223,202,18,0.905829596412556
2026-06-01,2026-02-02,141,131,17,0.9290780141843972
2026-06-01,2026-02-09,136,119,16,0.875
2026-06-01,2026-02-16,125,107,15,0.856
2026-06-01,2026-02-23,116,101,14,0.8706896551724138
2026-06-01,2026-03-02,138,114,13,0.8260869565217391
2026-06-01,2026-03-09,110,90,12,0.8181818181818182
2026-06-01,2026-03-16,135,112,11,0.8296296296296296
2026-06-01,2026-03-23,72,59,10,0.8194444444444444
2026-06-01,2026-03-30,56,40,9,0.7142857142857143
2026-06-01,2026-04-06,89,71,8,0.797752808988764
2026-06-01,2026-04-13,57,43,7,0.7543859649122807
2026-06-01,2026-04-20,41,32,6,0.7804878048780488
2026-06-01,2026-04-27,32,26,5,0.8125
2026-06-01,2026-05-04,35,28,4,0.8
2026-06-01,2026-05-11,36,27,3,0.75
2026-06-01,2026-05-18,45,36,2,0.8
2026-06-01,2026-05-25,35,31,1,0.8857142857142857
2026-06-01,2026-06-01,27,19,0,0.7037037037037037
2026-06-08,2025-10-27,1015,807,32,0.7950738916256158
2026-06-08,2025-11-03,253,198,31,0.782608695652174
2026-06-08,2025-11-10,176,139,30,0.7897727272727273
2026-06-08,2025-11-17,168,141,29,0.8392857142857143
2026-06-08,2025-11-24,37823,14731,28,0.38947201438278295
2026-06-08,2025-12-01,30781,3925,27,0.12751372599980507
2026-06-08,2025-12-08,494,471,26,0.9534412955465587
2026-06-08,2025-12-15,360,329,25,0.9138888888888889
2026-06-08,2025-12-22,393,359,24,0.9134860050890585
2026-06-08,2025-12-29,71,58,23,0.8169014084507042
2026-06-08,2026-01-05,232,206,22,0.8879310344827587
2026-06-08,2026-01-12,220,197,21,0.8954545454545455
2026-06-08,2026-01-19,169,143,20,0.8461538461538461
2026-06-08,2026-01-26,223,203,19,0.9103139013452914
2026-06-08,2026-02-02,141,131,18,0.9290780141843972
2026-06-08,2026-02-09,136,119,17,0.875
2026-06-08,2026-02-16,125,107,16,0.856
2026-06-08,2026-02-23,116,101,15,0.8706896551724138
2026-06-08,2026-03-02,138,113,14,0.8188405797101449
2026-06-08,2026-03-09,110,90,13,0.8181818181818182
2026-06-08,2026-03-16,135,112,12,0.8296296296296296
2026-06-08,2026-03-23,72,58,11,0.8055555555555556
2026-06-08,2026-03-30,56,39,10,0.6964285714285714
2026-06-08,2026-04-06,89,70,9,0.7865168539325843
2026-06-08,2026-04-13,57,42,8,0.7368421052631579
2026-06-08,2026-04-20,41,32,7,0.7804878048780488
2026-06-08,2026-04-27,32,26,6,0.8125
2026-06-08,2026-05-04,35,27,5,0.7714285714285715
2026-06-08,2026-05-11,36,25,4,0.6944444444444444
2026-06-08,2026-05-18,45,35,3,0.7777777777777778
2026-06-08,2026-05-25,35,31,2,0.8857142857142857
2026-06-08,2026-06-01,27,19,1,0.7037037037037037
2026-06-08,2026-06-08,47,44,0,0.9361702127659575
2026-06-15,2025-10-27,1015,808,33,0.7960591133004926
2026-06-15,2025-11-03,253,198,32,0.782608695652174
2026-06-15,2025-11-10,176,140,31,0.7954545454545454
2026-06-15,2025-11-17,168,137,30,0.8154761904761905
2026-06-15,2025-11-24,37823,14717,29,0.3891018692330064
2026-06-15,2025-12-01,30781,3924,28,0.12748123842630193
2026-06-15,2025-12-08,494,470,27,0.951417004048583
2026-06-15,2025-12-15,360,329,26,0.9138888888888889
2026-06-15,2025-12-22,393,361,25,0.9185750636132316
2026-06-15,2025-12-29,71,58,24,0.8169014084507042
2026-06-15,2026-01-05,232,203,23,0.875
2026-06-15,2026-01-12,220,197,22,0.8954545454545455
2026-06-15,2026-01-19,169,143,21,0.8461538461538461
2026-06-15,2026-01-26,223,203,20,0.9103139013452914
2026-06-15,2026-02-02,141,131,19,0.9290780141843972
2026-06-15,2026-02-09,136,119,18,0.875
2026-06-15,2026-02-16,125,107,17,0.856
2026-06-15,2026-02-23,116,101,16,0.8706896551724138
2026-06-15,2026-03-02,138,113,15,0.8188405797101449
2026-06-15,2026-03-09,110,90,14,0.8181818181818182
2026-06-15,2026-03-16,135,111,13,0.8222222222222222
2026-06-15,2026-03-23,72,56,12,0.7777777777777778
2026-06-15,2026-03-30,56,39,11,0.6964285714285714
2026-06-15,2026-04-06,89,69,10,0.7752808988764045
2026-06-15,2026-04-13,57,42,9,0.7368421052631579
2026-06-15,2026-04-20,41,32,8,0.7804878048780488
2026-06-15,2026-04-27,32,26,7,0.8125
2026-06-15,2026-05-04,35,27,6,0.7714285714285715
2026-06-15,2026-05-11,36,25,5,0.6944444444444444
2026-06-15,2026-05-18,45,35,4,0.7777777777777778
2026-06-15,2026-05-25,35,29,3,0.8285714285714286
2026-06-15,2026-06-01,27,19,2,0.7037037037037037
2026-06-15,2026-06-08,47,43,1,0.9148936170212766
2026-06-15,2026-06-15,30,27,0,0.9
2026-06-22,2025-10-27,1015,807,34,0.7950738916256158
2026-06-22,2025-11-03,253,196,33,0.7747035573122529
2026-06-22,2025-11-10,176,140,32,0.7954545454545454
2026-06-22,2025-11-17,168,138,31,0.8214285714285714
2026-06-22,2025-11-24,37823,14710,30,0.38891679665811807
2026-06-22,2025-12-01,30781,3921,29,0.12738377570579254
2026-06-22,2025-12-08,494,469,28,0.9493927125506073
2026-06-22,2025-12-15,360,329,27,0.9138888888888889
2026-06-22,2025-12-22,393,361,26,0.9185750636132316
2026-06-22,2025-12-29,71,57,25,0.8028169014084507
2026-06-22,2026-01-05,232,204,24,0.8793103448275862
2026-06-22,2026-01-12,220,197,23,0.8954545454545455
2026-06-22,2026-01-19,169,143,22,0.8461538461538461
2026-06-22,2026-01-26,223,201,21,0.9013452914798207
2026-06-22,2026-02-02,141,131,20,0.9290780141843972
2026-06-22,2026-02-09,136,119,19,0.875
2026-06-22,2026-02-16,125,107,18,0.856
2026-06-22,2026-02-23,116,101,17,0.8706896551724138
2026-06-22,2026-03-02,138,113,16,0.8188405797101449
2026-06-22,2026-03-09,110,90,15,0.8181818181818182
2026-06-22,2026-03-16,135,111,14,0.8222222222222222
2026-06-22,2026-03-23,72,56,13,0.7777777777777778
2026-06-22,2026-03-30,56,40,12,0.7142857142857143
2026-06-22,2026-04-06,89,69,11,0.7752808988764045
2026-06-22,2026-04-13,57,42,10,0.7368421052631579
2026-06-22,2026-04-20,41,32,9,0.7804878048780488
2026-06-22,2026-04-27,32,26,8,0.8125
2026-06-22,2026-05-04,35,27,7,0.7714285714285715
2026-06-22,2026-05-11,36,25,6,0.6944444444444444
2026-06-22,2026-05-18,45,35,5,0.7777777777777778
2026-06-22,2026-05-25,35,29,4,0.8285714285714286
2026-06-22,2026-06-01,27,19,3,0.7037037037037037
2026-06-22,2026-06-08,47,42,2,0.8936170212765957
2026-06-22,2026-06-15,30,26,1,0.8666666666666667
2026-06-22,2026-06-22,30,24,0,0.8
2026-06-29,2025-10-27,1015,803,35,0.7911330049261084
2026-06-29,2025-11-03,253,195,34,0.7707509881422925
2026-06-29,2025-11-10,176,140,33,0.7954545454545454
2026-06-29,2025-11-17,168,138,32,0.8214285714285714
2026-06-29,2025-11-24,37823,14705,31,0.3887846019617693
2026-06-29,2025-12-01,30781,3921,30,0.12738377570579254
2026-06-29,2025-12-08,494,469,29,0.9493927125506073
2026-06-29,2025-12-15,360,328,28,0.9111111111111111
2026-06-29,2025-12-22,393,357,27,0.9083969465648855
2026-06-29,2025-12-29,71,57,26,0.8028169014084507
2026-06-29,2026-01-05,232,204,25,0.8793103448275862
2026-06-29,2026-01-12,220,197,24,0.8954545454545455
2026-06-29,2026-01-19,169,143,23,0.8461538461538461
2026-06-29,2026-01-26,223,201,22,0.9013452914798207
2026-06-29,2026-02-02,141,131,21,0.9290780141843972
2026-06-29,2026-02-09,136,119,20,0.875
2026-06-29,2026-02-16,125,107,19,0.856
2026-06-29,2026-02-23,116,101,18,0.8706896551724138
2026-06-29,2026-03-02,138,113,17,0.8188405797101449
2026-06-29,2026-03-09,110,90,16,0.8181818181818182
2026-06-29,2026-03-16,135,111,15,0.8222222222222222
2026-06-29,2026-03-23,72,56,14,0.7777777777777778
2026-06-29,2026-03-30,56,39,13,0.6964285714285714
2026-06-29,2026-04-06,89,69,12,0.7752808988764045
2026-06-29,2026-04-13,57,42,11,0.7368421052631579
2026-06-29,2026-04-20,41,32,10,0.7804878048780488
2026-06-29,2026-04-27,32,26,9,0.8125
2026-06-29,2026-05-04,35,27,8,0.7714285714285715
2026-06-29,2026-05-11,36,25,7,0.6944444444444444
2026-06-29,2026-05-18,45,36,6,0.8
2026-06-29,2026-05-25,35,29,5,0.8285714285714286
2026-06-29,2026-06-01,27,19,4,0.7037037037037037
2026-06-29,2026-06-08,47,41,3,0.8723404255319149
2026-06-29,2026-06-15,30,25,2,0.8333333333333334
2026-06-29,2026-06-22,30,23,1,0.7666666666666667
2026-06-29,2026-06-29,37,28,0,0.7567567567567568
2026-07-06,2025-10-27,1015,800,36,0.7881773399014779
2026-07-06,2025-11-03,253,194,35,0.766798418972332
2026-07-06,2025-11-10,176,139,34,0.7897727272727273
2026-07-06,2025-11-17,168,136,33,0.8095238095238095
2026-07-06,2025-11-24,37823,14709,32,0.38889035771884833
2026-07-06,2025-12-01,30781,3921,31,0.12738377570579254
2026-07-06,2025-12-08,494,469,30,0.9493927125506073
2026-07-06,2025-12-15,360,328,29,0.9111111111111111
2026-07-06,2025-12-22,393,357,28,0.9083969465648855
2026-07-06,2025-12-29,71,57,27,0.8028169014084507
2026-07-06,2026-01-05,232,204,26,0.8793103448275862
2026-07-06,2026-01-12,220,197,25,0.8954545454545455
2026-07-06,2026-01-19,169,142,24,0.8402366863905325
2026-07-06,2026-01-26,223,201,23,0.9013452914798207
2026-07-06,2026-02-02,141,130,22,0.9219858156028369
2026-07-06,2026-02-09,136,120,21,0.8823529411764706
2026-07-06,2026-02-16,125,107,20,0.856
2026-07-06,2026-02-23,116,101,19,0.8706896551724138
2026-07-06,2026-03-02,138,112,18,0.8115942028985508
2026-07-06,2026-03-09,110,90,17,0.8181818181818182
2026-07-06,2026-03-16,135,111,16,0.8222222222222222
2026-07-06,2026-03-23,72,56,15,0.7777777777777778
2026-07-06,2026-03-30,56,40,14,0.7142857142857143
2026-07-06,2026-04-06,89,69,13,0.7752808988764045
2026-07-06,2026-04-13,57,42,12,0.7368421052631579
2026-07-06,2026-04-20,41,32,11,0.7804878048780488
2026-07-06,2026-04-27,32,26,10,0.8125
2026-07-06,2026-05-04,35,27,9,0.7714285714285715
2026-07-06,2026-05-11,36,25,8,0.6944444444444444
2026-07-06,2026-05-18,45,36,7,0.8
2026-07-06,2026-05-25,35,30,6,0.8571428571428571
2026-07-06,2026-06-01,27,20,5,0.7407407407407407
2026-07-06,2026-06-08,47,42,4,0.8936170212765957
2026-07-06,2026-06-15,30,24,3,0.8
2026-07-06,2026-06-22,30,22,2,0.7333333333333333
2026-07-06,2026-06-29,37,27,1,0.7297297297297297
2026-07-06,2026-07-06,38,34,0,0.8947368421052632
2026-07-13,2025-10-27,1015,800,37,0.7881773399014779
2026-07-13,2025-11-03,253,194,36,0.766798418972332
2026-07-13,2025-11-10,176,139,35,0.7897727272727273
2026-07-13,2025-11-17,168,136,34,0.8095238095238095
2026-07-13,2025-11-24,37823,14706,33,0.3888110409010391
2026-07-13,2025-12-01,30781,3921,32,0.12738377570579254
2026-07-13,2025-12-08,494,469,31,0.9493927125506073
2026-07-13,2025-12-15,360,328,30,0.9111111111111111
2026-07-13,2025-12-22,393,353,29,0.8982188295165394
2026-07-13,2025-12-29,71,57,28,0.8028169014084507
2026-07-13,2026-01-05,232,204,27,0.8793103448275862
2026-07-13,2026-01-12,220,197,26,0.8954545454545455
2026-07-13,2026-01-19,169,141,25,0.834319526627219
2026-07-13,2026-01-26,223,201,24,0.9013452914798207
2026-07-13,2026-02-02,141,130,23,0.9219858156028369
2026-07-13,2026-02-09,136,120,22,0.8823529411764706
2026-07-13,2026-02-16,125,107,21,0.856
2026-07-13,2026-02-23,116,100,20,0.8620689655172413
2026-07-13,2026-03-02,138,112,19,0.8115942028985508
2026-07-13,2026-03-09,110,90,18,0.8181818181818182
2026-07-13,2026-03-16,135,111,17,0.8222222222222222
2026-07-13,2026-03-23,72,56,16,0.7777777777777778
2026-07-13,2026-03-30,56,38,15,0.6785714285714286
2026-07-13,2026-04-06,89,69,14,0.7752808988764045
2026-07-13,2026-04-13,57,42,13,0.7368421052631579
2026-07-13,2026-04-20,41,32,12,0.7804878048780488
2026-07-13,2026-04-27,32,26,11,0.8125
2026-07-13,2026-05-04,35,26,10,0.7428571428571429
2026-07-13,2026-05-11,36,25,9,0.6944444444444444
2026-07-13,2026-05-18,45,36,8,0.8
2026-07-13,2026-05-25,35,30,7,0.8571428571428571
2026-07-13,2026-06-01,27,19,6,0.7037037037037037
2026-07-13,2026-06-08,47,42,5,0.8936170212765957
2026-07-13,2026-06-15,30,23,4,0.7666666666666667
2026-07-13,2026-06-22,30,22,3,0.7333333333333333
2026-07-13,2026-06-29,37,26,2,0.7027027027027027
2026-07-13,2026-07-06,38,31,1,0.8157894736842105
2026-07-13,2026-07-13,12,11,0,0.9166666666666666
2026-07-20,2025-10-27,1015,799,38,0.787192118226601
2026-07-20,2025-11-03,253,193,37,0.7628458498023716
2026-07-20,2025-11-10,176,139,36,0.7897727272727273
2026-07-20,2025-11-17,168,136,35,0.8095238095238095
2026-07-20,2025-11-24,37823,14702,34,0.38870528514396
2026-07-20,2025-12-01,30781,3921,33,0.12738377570579254
2026-07-20,2025-12-08,494,469,32,0.9493927125506073
2026-07-20,2025-12-15,360,328,31,0.9111111111111111
2026-07-20,2025-12-22,393,353,30,0.8982188295165394
2026-07-20,2025-12-29,71,57,29,0.8028169014084507
2026-07-20,2026-01-05,232,205,28,0.8836206896551724
2026-07-20,2026-01-12,220,197,27,0.8954545454545455
2026-07-20,2026-01-19,169,142,26,0.8402366863905325
2026-07-20,2026-01-26,223,202,25,0.905829596412556
2026-07-20,2026-02-02,141,130,24,0.9219858156028369
2026-07-20,2026-02-09,136,120,23,0.8823529411764706
2026-07-20,2026-02-16,125,107,22,0.856
2026-07-20,2026-02-23,116,100,21,0.8620689655172413
2026-07-20,2026-03-02,138,112,20,0.8115942028985508
2026-07-20,2026-03-09,110,90,19,0.8181818181818182
2026-07-20,2026-03-16,135,111,18,0.8222222222222222
2026-07-20,2026-03-23,72,56,17,0.7777777777777778
2026-07-20,2026-03-30,56,39,16,0.6964285714285714
2026-07-20,2026-04-06,89,69,15,0.7752808988764045
2026-07-20,2026-04-13,57,42,14,0.7368421052631579
2026-07-20,2026-04-20,41,32,13,0.7804878048780488
2026-07-20,2026-04-27,32,26,12,0.8125
2026-07-20,2026-05-04,35,26,11,0.7428571428571429
2026-07-20,2026-05-11,36,25,10,0.6944444444444444
2026-07-20,2026-05-18,45,36,9,0.8
2026-07-20,2026-05-25,35,30,8,0.8571428571428571
2026-07-20,2026-06-01,27,19,7,0.7037037037037037
2026-07-20,2026-06-08,47,42,6,0.8936170212765957
2026-07-20,2026-06-15,30,23,5,0.7666666666666667
2026-07-20,2026-06-22,30,22,4,0.7333333333333333
2026-07-20,2026-06-29,37,27,3,0.7297297297297297
2026-07-20,2026-07-06,38,31,2,0.8157894736842105
2026-07-20,2026-07-13,12,11,1,0.9166666666666666
2026-07-20,2026-07-20,20,19,0,0.95
