observed_week,cohort_week,cohort_size,still_holding,weeks_since,retention
2025-10-27,2025-10-27,2650,2432,0,0.9177358490566038
2025-11-03,2025-10-27,2650,2395,1,0.9037735849056604
2025-11-03,2025-11-03,618,483,0,0.7815533980582524
2025-11-10,2025-10-27,2650,2374,2,0.8958490566037736
2025-11-10,2025-11-03,618,460,1,0.7443365695792881
2025-11-10,2025-11-10,26826,25747,0,0.9597778274808022
2025-11-17,2025-10-27,2650,2347,3,0.8856603773584906
2025-11-17,2025-11-03,618,451,2,0.7297734627831716
2025-11-17,2025-11-10,26826,25132,1,0.9368523074629092
2025-11-17,2025-11-17,23138,22618,0,0.9775261474630478
2025-11-24,2025-10-27,2650,2325,4,0.8773584905660378
2025-11-24,2025-11-03,618,446,3,0.7216828478964401
2025-11-24,2025-11-10,26826,23962,2,0.8932379035264296
2025-11-24,2025-11-17,23138,21958,1,0.9490016423199931
2025-11-24,2025-11-24,338,252,0,0.7455621301775148
2025-12-01,2025-10-27,2650,2307,5,0.8705660377358491
2025-12-01,2025-11-03,618,445,4,0.7200647249190939
2025-12-01,2025-11-10,26826,22757,3,0.8483187951986878
2025-12-01,2025-11-17,23138,19060,2,0.8237531333736711
2025-12-01,2025-11-24,338,234,1,0.6923076923076923
2025-12-01,2025-12-01,386,309,0,0.8005181347150259
2025-12-08,2025-10-27,2650,2297,6,0.8667924528301887
2025-12-08,2025-11-03,618,431,5,0.6974110032362459
2025-12-08,2025-11-10,26826,19892,4,0.7415194214567956
2025-12-08,2025-11-17,23138,16530,3,0.7144091969919613
2025-12-08,2025-11-24,338,221,2,0.6538461538461539
2025-12-08,2025-12-01,386,293,1,0.7590673575129534
2025-12-08,2025-12-08,250,193,0,0.772
2025-12-15,2025-10-27,2650,2292,7,0.8649056603773585
2025-12-15,2025-11-03,618,433,6,0.7006472491909385
2025-12-15,2025-11-10,26826,18935,5,0.7058450756728547
2025-12-15,2025-11-17,23138,13877,4,0.5997493301063186
2025-12-15,2025-11-24,338,220,3,0.650887573964497
2025-12-15,2025-12-01,386,286,2,0.7409326424870466
2025-12-15,2025-12-08,250,184,1,0.736
2025-12-15,2025-12-15,243,176,0,0.7242798353909465
2025-12-22,2025-10-27,2650,2284,8,0.8618867924528302
2025-12-22,2025-11-03,618,422,7,0.6828478964401294
2025-12-22,2025-11-10,26826,18849,6,0.7026392305971818
2025-12-22,2025-11-17,23138,12155,5,0.5253263030512577
2025-12-22,2025-11-24,338,219,4,0.6479289940828402
2025-12-22,2025-12-01,386,286,3,0.7409326424870466
2025-12-22,2025-12-08,250,183,2,0.732
2025-12-22,2025-12-15,243,166,1,0.6831275720164609
2025-12-22,2025-12-22,431,372,0,0.8631090487238979
2025-12-29,2025-10-27,2650,2269,9,0.8562264150943396
2025-12-29,2025-11-03,618,421,8,0.6812297734627831
2025-12-29,2025-11-10,26826,18757,7,0.6992097219115784
2025-12-29,2025-11-17,23138,11281,6,0.4875529432103034
2025-12-29,2025-11-24,338,215,5,0.636094674556213
2025-12-29,2025-12-01,386,284,4,0.7357512953367875
2025-12-29,2025-12-08,250,184,3,0.736
2025-12-29,2025-12-15,243,163,2,0.6707818930041153
2025-12-29,2025-12-22,431,361,1,0.8375870069605569
2025-12-29,2025-12-29,196,141,0,0.7193877551020408
2026-01-05,2025-10-27,2650,2271,10,0.8569811320754717
2026-01-05,2025-11-03,618,410,9,0.6634304207119741
2026-01-05,2025-11-10,26826,18523,8,0.6904868411242824
2026-01-05,2025-11-17,23138,10457,7,0.45194053072867146
2026-01-05,2025-11-24,338,210,6,0.621301775147929
2026-01-05,2025-12-01,386,284,5,0.7357512953367875
2026-01-05,2025-12-08,250,178,4,0.712
2026-01-05,2025-12-15,243,167,3,0.6872427983539094
2026-01-05,2025-12-22,431,352,2,0.8167053364269141
2026-01-05,2025-12-29,196,131,1,0.6683673469387755
2026-01-05,2026-01-05,294,219,0,0.7448979591836735
2026-01-12,2025-10-27,2650,2262,11,0.8535849056603774
2026-01-12,2025-11-03,618,412,10,0.6666666666666666
2026-01-12,2025-11-10,26826,18390,9,0.685528964437486
2026-01-12,2025-11-17,23138,10008,8,0.43253522344195694
2026-01-12,2025-11-24,338,209,7,0.6183431952662722
2026-01-12,2025-12-01,386,280,6,0.7253886010362695
2026-01-12,2025-12-08,250,178,5,0.712
2026-01-12,2025-12-15,243,164,4,0.6748971193415638
2026-01-12,2025-12-22,431,344,3,0.7981438515081206
2026-01-12,2025-12-29,196,130,2,0.6632653061224489
2026-01-12,2026-01-05,294,197,1,0.6700680272108843
2026-01-12,2026-01-12,820,187,0,0.2280487804878049
2026-01-19,2025-10-27,2650,2265,12,0.8547169811320755
2026-01-19,2025-11-03,618,411,11,0.6650485436893204
2026-01-19,2025-11-10,26826,18265,10,0.6808693058972638
2026-01-19,2025-11-17,23138,9647,9,0.41693318350764974
2026-01-19,2025-11-24,338,209,8,0.6183431952662722
2026-01-19,2025-12-01,386,273,7,0.7072538860103627
2026-01-19,2025-12-08,250,175,6,0.7
2026-01-19,2025-12-15,243,160,5,0.6584362139917695
2026-01-19,2025-12-22,431,345,4,0.8004640371229699
2026-01-19,2025-12-29,196,128,3,0.6530612244897959
2026-01-19,2026-01-05,294,181,2,0.6156462585034014
2026-01-19,2026-01-12,820,170,1,0.2073170731707317
2026-01-19,2026-01-19,592,505,0,0.8530405405405406
2026-01-26,2025-10-27,2650,2243,13,0.8464150943396226
2026-01-26,2025-11-03,618,406,12,0.656957928802589
2026-01-26,2025-11-10,26826,18030,11,0.6721091478416462
2026-01-26,2025-11-17,23138,8708,10,0.37635059209957644
2026-01-26,2025-11-24,338,207,9,0.6124260355029586
2026-01-26,2025-12-01,386,272,8,0.7046632124352331
2026-01-26,2025-12-08,250,170,7,0.68
2026-01-26,2025-12-15,243,161,6,0.6625514403292181
2026-01-26,2025-12-22,431,341,5,0.7911832946635731
2026-01-26,2025-12-29,196,128,4,0.6530612244897959
2026-01-26,2026-01-05,294,173,3,0.5884353741496599
2026-01-26,2026-01-12,820,173,2,0.21097560975609755
2026-01-26,2026-01-19,592,486,1,0.8209459459459459
2026-01-26,2026-01-26,695,594,0,0.8546762589928057
2026-02-02,2025-10-27,2650,2239,14,0.8449056603773585
2026-02-02,2025-11-03,618,404,13,0.6537216828478964
2026-02-02,2025-11-10,26826,17960,12,0.6694997390591217
2026-02-02,2025-11-17,23138,8282,11,0.35793932059815026
2026-02-02,2025-11-24,338,211,10,0.6242603550295858
2026-02-02,2025-12-01,386,275,9,0.7124352331606217
2026-02-02,2025-12-08,250,167,8,0.668
2026-02-02,2025-12-15,243,159,7,0.654320987654321
2026-02-02,2025-12-22,431,337,6,0.7819025522041764
2026-02-02,2025-12-29,196,128,5,0.6530612244897959
2026-02-02,2026-01-05,294,172,4,0.5850340136054422
2026-02-02,2026-01-12,820,168,3,0.2048780487804878
2026-02-02,2026-01-19,592,473,2,0.7989864864864865
2026-02-02,2026-01-26,695,581,1,0.8359712230215828
2026-02-02,2026-02-02,797,542,0,0.6800501882057717
2026-02-09,2025-10-27,2650,2237,15,0.8441509433962264
2026-02-09,2025-11-03,618,404,14,0.6537216828478964
2026-02-09,2025-11-10,26826,17882,13,0.6665921121300231
2026-02-09,2025-11-17,23138,7890,12,0.34099749330106316
2026-02-09,2025-11-24,338,206,11,0.6094674556213018
2026-02-09,2025-12-01,386,272,10,0.7046632124352331
2026-02-09,2025-12-08,250,168,9,0.672
2026-02-09,2025-12-15,243,160,8,0.6584362139917695
2026-02-09,2025-12-22,431,335,7,0.777262180974478
2026-02-09,2025-12-29,196,125,6,0.6377551020408163
2026-02-09,2026-01-05,294,168,5,0.5714285714285714
2026-02-09,2026-01-12,820,165,4,0.20121951219512196
2026-02-09,2026-01-19,592,470,3,0.793918918918919
2026-02-09,2026-01-26,695,572,2,0.823021582733813
2026-02-09,2026-02-02,797,530,1,0.6649937264742786
2026-02-09,2026-02-09,697,325,0,0.46628407460545196
2026-02-16,2025-10-27,2650,2235,16,0.8433962264150944
2026-02-16,2025-11-03,618,402,15,0.6504854368932039
2026-02-16,2025-11-10,26826,17786,14,0.6630134943711324
2026-02-16,2025-11-17,23138,7454,13,0.3221540323277725
2026-02-16,2025-11-24,338,202,12,0.5976331360946746
2026-02-16,2025-12-01,386,265,11,0.6865284974093264
2026-02-16,2025-12-08,250,167,10,0.668
2026-02-16,2025-12-15,243,157,9,0.6460905349794238
2026-02-16,2025-12-22,431,340,8,0.7888631090487239
2026-02-16,2025-12-29,196,121,7,0.6173469387755102
2026-02-16,2026-01-05,294,166,6,0.564625850340136
2026-02-16,2026-01-12,820,163,5,0.19878048780487806
2026-02-16,2026-01-19,592,464,4,0.7837837837837838
2026-02-16,2026-01-26,695,565,3,0.8129496402877698
2026-02-16,2026-02-02,797,500,2,0.6273525721455459
2026-02-16,2026-02-09,697,316,1,0.4533715925394548
2026-02-16,2026-02-16,283,230,0,0.8127208480565371
2026-02-23,2025-10-27,2650,2225,17,0.839622641509434
2026-02-23,2025-11-03,618,400,16,0.6472491909385113
2026-02-23,2025-11-10,26826,17764,15,0.6621933944680534
2026-02-23,2025-11-17,23138,7442,14,0.32163540496153514
2026-02-23,2025-11-24,338,206,13,0.6094674556213018
2026-02-23,2025-12-01,386,264,12,0.6839378238341969
2026-02-23,2025-12-08,250,167,11,0.668
2026-02-23,2025-12-15,243,154,10,0.6337448559670782
2026-02-23,2025-12-22,431,339,9,0.7865429234338747
2026-02-23,2025-12-29,196,117,8,0.5969387755102041
2026-02-23,2026-01-05,294,165,7,0.5612244897959183
2026-02-23,2026-01-12,820,160,6,0.1951219512195122
2026-02-23,2026-01-19,592,462,5,0.7804054054054054
2026-02-23,2026-01-26,695,562,4,0.8086330935251799
2026-02-23,2026-02-02,797,486,3,0.6097867001254705
2026-02-23,2026-02-09,697,300,2,0.430416068866571
2026-02-23,2026-02-16,283,213,1,0.7526501766784452
2026-02-23,2026-02-23,339,264,0,0.7787610619469026
2026-03-02,2025-10-27,2650,2229,18,0.8411320754716981
2026-03-02,2025-11-03,618,396,17,0.6407766990291263
2026-03-02,2025-11-10,26826,17749,16,0.6616342354432267
2026-03-02,2025-11-17,23138,7384,15,0.31912870602472126
2026-03-02,2025-11-24,338,204,14,0.6035502958579881
2026-03-02,2025-12-01,386,266,13,0.689119170984456
2026-03-02,2025-12-08,250,165,12,0.66
2026-03-02,2025-12-15,243,150,11,0.6172839506172839
2026-03-02,2025-12-22,431,336,10,0.7795823665893271
2026-03-02,2025-12-29,196,117,9,0.5969387755102041
2026-03-02,2026-01-05,294,160,8,0.54421768707483
2026-03-02,2026-01-12,820,153,7,0.18658536585365854
2026-03-02,2026-01-19,592,462,6,0.7804054054054054
2026-03-02,2026-01-26,695,558,5,0.8028776978417266
2026-03-02,2026-02-02,797,467,4,0.5859473023839398
2026-03-02,2026-02-09,697,293,3,0.42037302725968434
2026-03-02,2026-02-16,283,199,2,0.7031802120141343
2026-03-02,2026-02-23,339,250,1,0.7374631268436578
2026-03-02,2026-03-02,290,245,0,0.8448275862068966
2026-03-09,2025-10-27,2650,2222,19,0.8384905660377359
2026-03-09,2025-11-03,618,390,18,0.6310679611650486
2026-03-09,2025-11-10,26826,17736,17,0.6611496309550436
2026-03-09,2025-11-17,23138,7379,16,0.318912611288789
2026-03-09,2025-11-24,338,206,15,0.6094674556213018
2026-03-09,2025-12-01,386,262,14,0.6787564766839378
2026-03-09,2025-12-08,250,164,13,0.656
2026-03-09,2025-12-15,243,147,12,0.6049382716049383
2026-03-09,2025-12-22,431,337,11,0.7819025522041764
2026-03-09,2025-12-29,196,116,10,0.5918367346938775
2026-03-09,2026-01-05,294,159,9,0.5408163265306123
2026-03-09,2026-01-12,820,155,8,0.18902439024390244
2026-03-09,2026-01-19,592,457,7,0.7719594594594594
2026-03-09,2026-01-26,695,553,6,0.7956834532374101
2026-03-09,2026-02-02,797,461,5,0.5784190715181933
2026-03-09,2026-02-09,697,294,4,0.4218077474892396
2026-03-09,2026-02-16,283,190,3,0.6713780918727915
2026-03-09,2026-02-23,339,246,2,0.7256637168141593
2026-03-09,2026-03-02,290,228,1,0.7862068965517242
2026-03-09,2026-03-09,317,262,0,0.8264984227129337
2026-03-16,2025-10-27,2650,2221,20,0.8381132075471698
2026-03-16,2025-11-03,618,387,19,0.6262135922330098
2026-03-16,2025-11-10,26826,17729,18,0.6608886900767912
2026-03-16,2025-11-17,23138,5861,17,0.25330624945976316
2026-03-16,2025-11-24,338,204,16,0.6035502958579881
2026-03-16,2025-12-01,386,262,15,0.6787564766839378
2026-03-16,2025-12-08,250,163,14,0.652
2026-03-16,2025-12-15,243,143,13,0.588477366255144
2026-03-16,2025-12-22,431,335,12,0.777262180974478
2026-03-16,2025-12-29,196,116,11,0.5918367346938775
2026-03-16,2026-01-05,294,156,10,0.5306122448979592
2026-03-16,2026-01-12,820,150,9,0.18292682926829268
2026-03-16,2026-01-19,592,449,8,0.7584459459459459
2026-03-16,2026-01-26,695,540,7,0.7769784172661871
2026-03-16,2026-02-02,797,446,6,0.5595984943538268
2026-03-16,2026-02-09,697,285,5,0.40889526542324245
2026-03-16,2026-02-16,283,182,4,0.6431095406360424
2026-03-16,2026-02-23,339,227,3,0.6696165191740413
2026-03-16,2026-03-02,290,202,2,0.696551724137931
2026-03-16,2026-03-09,317,233,1,0.7350157728706624
2026-03-16,2026-03-16,323,251,0,0.7770897832817337
2026-03-23,2025-10-27,2650,2213,21,0.8350943396226415
2026-03-23,2025-11-03,618,383,20,0.6197411003236246
2026-03-23,2025-11-10,26826,17717,19,0.6604413628569299
2026-03-23,2025-11-17,23138,5556,18,0.24012447056789696
2026-03-23,2025-11-24,338,204,17,0.6035502958579881
2026-03-23,2025-12-01,386,259,16,0.6709844559585493
2026-03-23,2025-12-08,250,163,15,0.652
2026-03-23,2025-12-15,243,138,14,0.5679012345679012
2026-03-23,2025-12-22,431,334,13,0.7749419953596288
2026-03-23,2025-12-29,196,115,12,0.5867346938775511
2026-03-23,2026-01-05,294,156,11,0.5306122448979592
2026-03-23,2026-01-12,820,150,10,0.18292682926829268
2026-03-23,2026-01-19,592,449,9,0.7584459459459459
2026-03-23,2026-01-26,695,539,8,0.7755395683453238
2026-03-23,2026-02-02,797,443,7,0.5558343789209536
2026-03-23,2026-02-09,697,283,6,0.406025824964132
2026-03-23,2026-02-16,283,178,5,0.6289752650176679
2026-03-23,2026-02-23,339,224,4,0.6607669616519174
2026-03-23,2026-03-02,290,201,3,0.6931034482758621
2026-03-23,2026-03-09,317,226,2,0.7129337539432177
2026-03-23,2026-03-16,323,246,1,0.7616099071207431
2026-03-23,2026-03-23,238,181,0,0.7605042016806722
2026-03-30,2025-10-27,2650,2206,22,0.8324528301886792
2026-03-30,2025-11-03,618,384,21,0.6213592233009708
2026-03-30,2025-11-10,26826,17712,20,0.660254976515321
2026-03-30,2025-11-17,23138,5018,19,0.21687267698158874
2026-03-30,2025-11-24,338,204,18,0.6035502958579881
2026-03-30,2025-12-01,386,259,17,0.6709844559585493
2026-03-30,2025-12-08,250,163,16,0.652
2026-03-30,2025-12-15,243,139,15,0.5720164609053497
2026-03-30,2025-12-22,431,335,14,0.777262180974478
2026-03-30,2025-12-29,196,115,13,0.5867346938775511
2026-03-30,2026-01-05,294,156,12,0.5306122448979592
2026-03-30,2026-01-12,820,148,11,0.18048780487804877
2026-03-30,2026-01-19,592,445,10,0.7516891891891891
2026-03-30,2026-01-26,695,538,9,0.7741007194244605
2026-03-30,2026-02-02,797,441,8,0.5533249686323714
2026-03-30,2026-02-09,697,282,7,0.40459110473457677
2026-03-30,2026-02-16,283,178,6,0.6289752650176679
2026-03-30,2026-02-23,339,199,5,0.5870206489675516
2026-03-30,2026-03-02,290,170,4,0.5862068965517241
2026-03-30,2026-03-09,317,182,3,0.5741324921135647
2026-03-30,2026-03-16,323,203,2,0.628482972136223
2026-03-30,2026-03-23,238,169,1,0.7100840336134454
2026-03-30,2026-03-30,209,158,0,0.7559808612440191
2026-04-06,2025-10-27,2650,2207,23,0.8328301886792453
2026-04-06,2025-11-03,618,386,22,0.6245954692556634
2026-04-06,2025-11-10,26826,18053,21,0.672966525013047
2026-04-06,2025-11-17,23138,5069,20,0.2190768432880975
2026-04-06,2025-11-24,338,210,19,0.621301775147929
2026-04-06,2025-12-01,386,262,18,0.6787564766839378
2026-04-06,2025-12-08,250,160,17,0.64
2026-04-06,2025-12-15,243,133,16,0.5473251028806584
2026-04-06,2025-12-22,431,335,15,0.777262180974478
2026-04-06,2025-12-29,196,118,14,0.6020408163265306
2026-04-06,2026-01-05,294,152,13,0.5170068027210885
2026-04-06,2026-01-12,820,146,12,0.17804878048780487
2026-04-06,2026-01-19,592,443,11,0.7483108108108109
2026-04-06,2026-01-26,695,543,10,0.781294964028777
2026-04-06,2026-02-02,797,443,9,0.5558343789209536
2026-04-06,2026-02-09,697,287,8,0.4117647058823529
2026-04-06,2026-02-16,283,182,7,0.6431095406360424
2026-04-06,2026-02-23,339,207,6,0.6106194690265486
2026-04-06,2026-03-02,290,180,5,0.6206896551724138
2026-04-06,2026-03-09,317,178,4,0.5615141955835962
2026-04-06,2026-03-16,323,209,3,0.6470588235294118
2026-04-06,2026-03-23,238,167,2,0.7016806722689075
2026-04-06,2026-03-30,209,146,1,0.6985645933014354
2026-04-06,2026-04-06,1122,1041,0,0.9278074866310161
2026-04-13,2025-10-27,2650,2196,24,0.8286792452830188
2026-04-13,2025-11-03,618,386,23,0.6245954692556634
2026-04-13,2025-11-10,26826,18047,22,0.6727428614031163
2026-04-13,2025-11-17,23138,5068,21,0.21903362434091106
2026-04-13,2025-11-24,338,208,20,0.6153846153846154
2026-04-13,2025-12-01,386,257,19,0.6658031088082902
2026-04-13,2025-12-08,250,159,18,0.636
2026-04-13,2025-12-15,243,134,17,0.551440329218107
2026-04-13,2025-12-22,431,335,16,0.777262180974478
2026-04-13,2025-12-29,196,116,15,0.5918367346938775
2026-04-13,2026-01-05,294,152,14,0.5170068027210885
2026-04-13,2026-01-12,820,147,13,0.17926829268292682
2026-04-13,2026-01-19,592,440,12,0.7432432432432432
2026-04-13,2026-01-26,695,543,11,0.781294964028777
2026-04-13,2026-02-02,797,443,10,0.5558343789209536
2026-04-13,2026-02-09,697,282,9,0.40459110473457677
2026-04-13,2026-02-16,283,184,8,0.6501766784452296
2026-04-13,2026-02-23,339,188,7,0.5545722713864307
2026-04-13,2026-03-02,290,177,6,0.6103448275862069
2026-04-13,2026-03-09,317,192,5,0.6056782334384858
2026-04-13,2026-03-16,323,207,4,0.6408668730650154
2026-04-13,2026-03-23,238,164,3,0.6890756302521008
2026-04-13,2026-03-30,209,137,2,0.6555023923444976
2026-04-13,2026-04-06,1122,1007,1,0.8975044563279857
2026-04-13,2026-04-13,557,472,0,0.8473967684021544
2026-04-20,2025-10-27,2650,2195,25,0.8283018867924529
2026-04-20,2025-11-03,618,382,24,0.6181229773462783
2026-04-20,2025-11-10,26826,18042,23,0.6725564750615075
2026-04-20,2025-11-17,23138,5072,22,0.21920650012965684
2026-04-20,2025-11-24,338,207,21,0.6124260355029586
2026-04-20,2025-12-01,386,261,20,0.6761658031088082
2026-04-20,2025-12-08,250,162,19,0.648
2026-04-20,2025-12-15,243,132,18,0.5432098765432098
2026-04-20,2025-12-22,431,334,17,0.7749419953596288
2026-04-20,2025-12-29,196,115,16,0.5867346938775511
2026-04-20,2026-01-05,294,156,15,0.5306122448979592
2026-04-20,2026-01-12,820,144,14,0.17560975609756097
2026-04-20,2026-01-19,592,437,13,0.7381756756756757
2026-04-20,2026-01-26,695,545,12,0.7841726618705036
2026-04-20,2026-02-02,797,442,11,0.5545796737766625
2026-04-20,2026-02-09,697,281,10,0.4031563845050215
2026-04-20,2026-02-16,283,177,9,0.6254416961130742
2026-04-20,2026-02-23,339,186,8,0.5486725663716814
2026-04-20,2026-03-02,290,167,7,0.5758620689655173
2026-04-20,2026-03-09,317,177,6,0.5583596214511041
2026-04-20,2026-03-16,323,206,5,0.6377708978328174
2026-04-20,2026-03-23,238,162,4,0.680672268907563
2026-04-20,2026-03-30,209,136,3,0.6507177033492823
2026-04-20,2026-04-06,1122,993,2,0.8850267379679144
2026-04-20,2026-04-13,557,421,1,0.755834829443447
2026-04-20,2026-04-20,447,335,0,0.7494407158836689
2026-04-27,2025-10-27,2650,2199,26,0.829811320754717
2026-04-27,2025-11-03,618,389,25,0.6294498381877023
2026-04-27,2025-11-10,26826,18036,24,0.6723328114515769
2026-04-27,2025-11-17,23138,5072,23,0.21920650012965684
2026-04-27,2025-11-24,338,209,22,0.6183431952662722
2026-04-27,2025-12-01,386,266,21,0.689119170984456
2026-04-27,2025-12-08,250,166,20,0.664
2026-04-27,2025-12-15,243,138,19,0.5679012345679012
2026-04-27,2025-12-22,431,335,18,0.777262180974478
2026-04-27,2025-12-29,196,116,17,0.5918367346938775
2026-04-27,2026-01-05,294,157,16,0.5340136054421769
2026-04-27,2026-01-12,820,146,15,0.17804878048780487
2026-04-27,2026-01-19,592,442,14,0.7466216216216216
2026-04-27,2026-01-26,695,543,13,0.781294964028777
2026-04-27,2026-02-02,797,448,12,0.562107904642409
2026-04-27,2026-02-09,697,281,11,0.4031563845050215
2026-04-27,2026-02-16,283,181,10,0.6395759717314488
2026-04-27,2026-02-23,339,184,9,0.5427728613569321
2026-04-27,2026-03-02,290,169,8,0.5827586206896552
2026-04-27,2026-03-09,317,171,7,0.5394321766561514
2026-04-27,2026-03-16,323,200,6,0.6191950464396285
2026-04-27,2026-03-23,238,158,5,0.6638655462184874
2026-04-27,2026-03-30,209,138,4,0.6602870813397129
2026-04-27,2026-04-06,1122,991,3,0.8832442067736186
2026-04-27,2026-04-13,557,413,2,0.7414721723518851
2026-04-27,2026-04-20,447,309,1,0.6912751677852349
2026-04-27,2026-04-27,498,412,0,0.8273092369477911
2026-05-04,2025-10-27,2650,2200,27,0.8301886792452831
2026-05-04,2025-11-03,618,393,26,0.6359223300970874
2026-05-04,2025-11-10,26826,18041,25,0.6725191977931857
2026-05-04,2025-11-17,23138,5079,24,0.21950903275996198
2026-05-04,2025-11-24,338,210,23,0.621301775147929
2026-05-04,2025-12-01,386,265,22,0.6865284974093264
2026-05-04,2025-12-08,250,164,21,0.656
2026-05-04,2025-12-15,243,139,20,0.5720164609053497
2026-05-04,2025-12-22,431,336,19,0.7795823665893271
2026-05-04,2025-12-29,196,118,18,0.6020408163265306
2026-05-04,2026-01-05,294,162,17,0.5510204081632653
2026-05-04,2026-01-12,820,146,16,0.17804878048780487
2026-05-04,2026-01-19,592,451,15,0.7618243243243243
2026-05-04,2026-01-26,695,542,14,0.7798561151079136
2026-05-04,2026-02-02,797,447,13,0.560853199498118
2026-05-04,2026-02-09,697,282,12,0.40459110473457677
2026-05-04,2026-02-16,283,180,11,0.6360424028268551
2026-05-04,2026-02-23,339,188,10,0.5545722713864307
2026-05-04,2026-03-02,290,169,9,0.5827586206896552
2026-05-04,2026-03-09,317,172,8,0.5425867507886435
2026-05-04,2026-03-16,323,202,7,0.6253869969040248
2026-05-04,2026-03-23,238,158,6,0.6638655462184874
2026-05-04,2026-03-30,209,138,5,0.6602870813397129
2026-05-04,2026-04-06,1122,988,4,0.8805704099821747
2026-05-04,2026-04-13,557,405,3,0.7271095152603232
2026-05-04,2026-04-20,447,307,2,0.6868008948545862
2026-05-04,2026-04-27,498,387,1,0.7771084337349398
2026-05-04,2026-05-04,391,342,0,0.8746803069053708
2026-05-11,2025-10-27,2650,2192,28,0.8271698113207547
2026-05-11,2025-11-03,618,396,27,0.6407766990291263
2026-05-11,2025-11-10,26826,18039,26,0.6724446432565422
2026-05-11,2025-11-17,23138,5084,25,0.2197251274958942
2026-05-11,2025-11-24,338,212,24,0.6272189349112426
2026-05-11,2025-12-01,386,262,23,0.6787564766839378
2026-05-11,2025-12-08,250,164,22,0.656
2026-05-11,2025-12-15,243,143,21,0.588477366255144
2026-05-11,2025-12-22,431,336,20,0.7795823665893271
2026-05-11,2025-12-29,196,118,19,0.6020408163265306
2026-05-11,2026-01-05,294,165,18,0.5612244897959183
2026-05-11,2026-01-12,820,148,17,0.18048780487804877
2026-05-11,2026-01-19,592,449,16,0.7584459459459459
2026-05-11,2026-01-26,695,544,15,0.7827338129496403
2026-05-11,2026-02-02,797,446,14,0.5595984943538268
2026-05-11,2026-02-09,697,279,13,0.40028694404591103
2026-05-11,2026-02-16,283,180,12,0.6360424028268551
2026-05-11,2026-02-23,339,187,11,0.551622418879056
2026-05-11,2026-03-02,290,170,10,0.5862068965517241
2026-05-11,2026-03-09,317,171,9,0.5394321766561514
2026-05-11,2026-03-16,323,200,8,0.6191950464396285
2026-05-11,2026-03-23,238,160,7,0.6722689075630253
2026-05-11,2026-03-30,209,135,6,0.645933014354067
2026-05-11,2026-04-06,1122,987,5,0.8796791443850267
2026-05-11,2026-04-13,557,407,4,0.7307001795332136
2026-05-11,2026-04-20,447,297,3,0.6644295302013423
2026-05-11,2026-04-27,498,378,2,0.7590361445783133
2026-05-11,2026-05-04,391,328,1,0.8388746803069054
2026-05-11,2026-05-11,286,244,0,0.8531468531468531
2026-05-18,2025-10-27,2650,2193,29,0.8275471698113207
2026-05-18,2025-11-03,618,395,28,0.63915857605178
2026-05-18,2025-11-10,26826,18037,27,0.6723700887198986
2026-05-18,2025-11-17,23138,5090,26,0.2199844411790129
2026-05-18,2025-11-24,338,209,25,0.6183431952662722
2026-05-18,2025-12-01,386,264,24,0.6839378238341969
2026-05-18,2025-12-08,250,162,23,0.648
2026-05-18,2025-12-15,243,144,22,0.5925925925925926
2026-05-18,2025-12-22,431,335,21,0.777262180974478
2026-05-18,2025-12-29,196,120,20,0.6122448979591837
2026-05-18,2026-01-05,294,162,19,0.5510204081632653
2026-05-18,2026-01-12,820,149,18,0.18170731707317073
2026-05-18,2026-01-19,592,455,17,0.768581081081081
2026-05-18,2026-01-26,695,538,16,0.7741007194244605
2026-05-18,2026-02-02,797,448,15,0.562107904642409
2026-05-18,2026-02-09,697,280,14,0.4017216642754663
2026-05-18,2026-02-16,283,186,13,0.657243816254417
2026-05-18,2026-02-23,339,189,12,0.5575221238938053
2026-05-18,2026-03-02,290,167,11,0.5758620689655173
2026-05-18,2026-03-09,317,172,10,0.5425867507886435
2026-05-18,2026-03-16,323,199,9,0.6160990712074303
2026-05-18,2026-03-23,238,157,8,0.6596638655462185
2026-05-18,2026-03-30,209,136,7,0.6507177033492823
2026-05-18,2026-04-06,1122,986,6,0.8787878787878788
2026-05-18,2026-04-13,557,407,5,0.7307001795332136
2026-05-18,2026-04-20,447,302,4,0.6756152125279642
2026-05-18,2026-04-27,498,386,3,0.7751004016064257
2026-05-18,2026-05-04,391,322,2,0.8235294117647058
2026-05-18,2026-05-11,286,231,1,0.8076923076923077
2026-05-18,2026-05-18,319,263,0,0.8244514106583072
2026-05-25,2025-10-27,2650,2187,30,0.8252830188679245
2026-05-25,2025-11-03,618,401,29,0.6488673139158576
2026-05-25,2025-11-10,26826,18039,28,0.6724446432565422
2026-05-25,2025-11-17,23138,5085,27,0.21976834644308066
2026-05-25,2025-11-24,338,210,26,0.621301775147929
2026-05-25,2025-12-01,386,263,25,0.6813471502590673
2026-05-25,2025-12-08,250,162,24,0.648
2026-05-25,2025-12-15,243,148,23,0.6090534979423868
2026-05-25,2025-12-22,431,337,22,0.7819025522041764
2026-05-25,2025-12-29,196,119,21,0.6071428571428571
2026-05-25,2026-01-05,294,163,20,0.5544217687074829
2026-05-25,2026-01-12,820,148,19,0.18048780487804877
2026-05-25,2026-01-19,592,454,18,0.7668918918918919
2026-05-25,2026-01-26,695,535,17,0.7697841726618705
2026-05-25,2026-02-02,797,449,16,0.5633626097867002
2026-05-25,2026-02-09,697,275,15,0.3945480631276901
2026-05-25,2026-02-16,283,185,14,0.6537102473498233
2026-05-25,2026-02-23,339,187,13,0.551622418879056
2026-05-25,2026-03-02,290,168,12,0.5793103448275863
2026-05-25,2026-03-09,317,166,11,0.5236593059936908
2026-05-25,2026-03-16,323,198,10,0.6130030959752322
2026-05-25,2026-03-23,238,158,9,0.6638655462184874
2026-05-25,2026-03-30,209,133,8,0.6363636363636364
2026-05-25,2026-04-06,1122,980,7,0.8734402852049911
2026-05-25,2026-04-13,557,408,6,0.7324955116696589
2026-05-25,2026-04-20,447,293,5,0.6554809843400448
2026-05-25,2026-04-27,498,377,4,0.7570281124497992
2026-05-25,2026-05-04,391,316,3,0.8081841432225064
2026-05-25,2026-05-11,286,219,2,0.7657342657342657
2026-05-25,2026-05-18,319,248,1,0.7774294670846394
2026-05-25,2026-05-25,314,262,0,0.8343949044585988
2026-06-01,2025-10-27,2650,2177,31,0.8215094339622642
2026-06-01,2025-11-03,618,395,30,0.63915857605178
2026-06-01,2025-11-10,26826,18007,29,0.6712517706702453
2026-06-01,2025-11-17,23138,5072,28,0.21920650012965684
2026-06-01,2025-11-24,338,209,27,0.6183431952662722
2026-06-01,2025-12-01,386,260,26,0.6735751295336787
2026-06-01,2025-12-08,250,160,25,0.64
2026-06-01,2025-12-15,243,144,24,0.5925925925925926
2026-06-01,2025-12-22,431,336,23,0.7795823665893271
2026-06-01,2025-12-29,196,116,22,0.5918367346938775
2026-06-01,2026-01-05,294,156,21,0.5306122448979592
2026-06-01,2026-01-12,820,147,20,0.17926829268292682
2026-06-01,2026-01-19,592,450,19,0.7601351351351351
2026-06-01,2026-01-26,695,533,18,0.7669064748201438
2026-06-01,2026-02-02,797,447,17,0.560853199498118
2026-06-01,2026-02-09,697,273,16,0.3916786226685796
2026-06-01,2026-02-16,283,184,15,0.6501766784452296
2026-06-01,2026-02-23,339,185,14,0.5457227138643068
2026-06-01,2026-03-02,290,162,13,0.5586206896551724
2026-06-01,2026-03-09,317,168,12,0.5299684542586751
2026-06-01,2026-03-16,323,201,11,0.6222910216718266
2026-06-01,2026-03-23,238,156,10,0.6554621848739496
2026-06-01,2026-03-30,209,131,9,0.6267942583732058
2026-06-01,2026-04-06,1122,981,8,0.8743315508021391
2026-06-01,2026-04-13,557,406,7,0.7289048473967684
2026-06-01,2026-04-20,447,291,6,0.6510067114093959
2026-06-01,2026-04-27,498,370,5,0.7429718875502008
2026-06-01,2026-05-04,391,313,4,0.8005115089514067
2026-06-01,2026-05-11,286,211,3,0.7377622377622378
2026-06-01,2026-05-18,319,240,2,0.7523510971786834
2026-06-01,2026-05-25,314,239,1,0.7611464968152867
2026-06-01,2026-06-01,305,218,0,0.7147540983606557
2026-06-08,2025-10-27,2650,2177,32,0.8215094339622642
2026-06-08,2025-11-03,618,389,31,0.6294498381877023
2026-06-08,2025-11-10,26826,18020,30,0.6717363751584284
2026-06-08,2025-11-17,23138,5825,29,0.2517503673610511
2026-06-08,2025-11-24,338,208,28,0.6153846153846154
2026-06-08,2025-12-01,386,261,27,0.6761658031088082
2026-06-08,2025-12-08,250,160,26,0.64
2026-06-08,2025-12-15,243,145,25,0.5967078189300411
2026-06-08,2025-12-22,431,335,24,0.777262180974478
2026-06-08,2025-12-29,196,113,23,0.576530612244898
2026-06-08,2026-01-05,294,158,22,0.5374149659863946
2026-06-08,2026-01-12,820,147,21,0.17926829268292682
2026-06-08,2026-01-19,592,449,20,0.7584459459459459
2026-06-08,2026-01-26,695,534,19,0.7683453237410072
2026-06-08,2026-02-02,797,442,18,0.5545796737766625
2026-06-08,2026-02-09,697,271,17,0.38880918220946914
2026-06-08,2026-02-16,283,185,16,0.6537102473498233
2026-06-08,2026-02-23,339,182,15,0.5368731563421829
2026-06-08,2026-03-02,290,159,14,0.5482758620689655
2026-06-08,2026-03-09,317,170,13,0.5362776025236593
2026-06-08,2026-03-16,323,197,12,0.6099071207430341
2026-06-08,2026-03-23,238,153,11,0.6428571428571429
2026-06-08,2026-03-30,209,134,10,0.6411483253588517
2026-06-08,2026-04-06,1122,973,9,0.8672014260249554
2026-06-08,2026-04-13,557,405,8,0.7271095152603232
2026-06-08,2026-04-20,447,291,7,0.6510067114093959
2026-06-08,2026-04-27,498,369,6,0.7409638554216867
2026-06-08,2026-05-04,391,313,5,0.8005115089514067
2026-06-08,2026-05-11,286,207,4,0.7237762237762237
2026-06-08,2026-05-18,319,236,3,0.7398119122257053
2026-06-08,2026-05-25,314,224,2,0.7133757961783439
2026-06-08,2026-06-01,305,200,1,0.6557377049180327
2026-06-08,2026-06-08,1463,1402,0,0.9583048530416951
2026-06-15,2025-10-27,2650,2177,33,0.8215094339622642
2026-06-15,2025-11-03,618,386,32,0.6245954692556634
2026-06-15,2025-11-10,26826,18010,31,0.6713636024752107
2026-06-15,2025-11-17,23138,5824,30,0.25170714841386466
2026-06-15,2025-11-24,338,204,29,0.6035502958579881
2026-06-15,2025-12-01,386,262,28,0.6787564766839378
2026-06-15,2025-12-08,250,159,27,0.636
2026-06-15,2025-12-15,243,139,26,0.5720164609053497
2026-06-15,2025-12-22,431,337,25,0.7819025522041764
2026-06-15,2025-12-29,196,112,24,0.5714285714285714
2026-06-15,2026-01-05,294,155,23,0.5272108843537415
2026-06-15,2026-01-12,820,146,22,0.17804878048780487
2026-06-15,2026-01-19,592,450,21,0.7601351351351351
2026-06-15,2026-01-26,695,526,20,0.7568345323741007
2026-06-15,2026-02-02,797,440,19,0.5520702634880803
2026-06-15,2026-02-09,697,272,18,0.3902439024390244
2026-06-15,2026-02-16,283,183,17,0.6466431095406361
2026-06-15,2026-02-23,339,179,16,0.528023598820059
2026-06-15,2026-03-02,290,160,15,0.5517241379310345
2026-06-15,2026-03-09,317,166,14,0.5236593059936908
2026-06-15,2026-03-16,323,199,13,0.6160990712074303
2026-06-15,2026-03-23,238,155,12,0.6512605042016807
2026-06-15,2026-03-30,209,131,11,0.6267942583732058
2026-06-15,2026-04-06,1122,970,10,0.8645276292335116
2026-06-15,2026-04-13,557,398,9,0.7145421903052065
2026-06-15,2026-04-20,447,291,8,0.6510067114093959
2026-06-15,2026-04-27,498,369,7,0.7409638554216867
2026-06-15,2026-05-04,391,312,6,0.7979539641943734
2026-06-15,2026-05-11,286,204,5,0.7132867132867133
2026-06-15,2026-05-18,319,235,4,0.7366771159874608
2026-06-15,2026-05-25,314,220,3,0.7006369426751592
2026-06-15,2026-06-01,305,193,2,0.6327868852459017
2026-06-15,2026-06-08,1463,1385,1,0.9466848940533151
2026-06-15,2026-06-15,238,179,0,0.7521008403361344
2026-06-22,2025-10-27,2650,2175,34,0.8207547169811321
2026-06-22,2025-11-03,618,379,33,0.6132686084142395
2026-06-22,2025-11-10,26826,18025,32,0.6719227615000373
2026-06-22,2025-11-17,23138,5829,31,0.25192324314979686
2026-06-22,2025-11-24,338,201,30,0.5946745562130178
2026-06-22,2025-12-01,386,259,29,0.6709844559585493
2026-06-22,2025-12-08,250,157,28,0.628
2026-06-22,2025-12-15,243,137,27,0.5637860082304527
2026-06-22,2025-12-22,431,338,26,0.7842227378190255
2026-06-22,2025-12-29,196,113,25,0.576530612244898
2026-06-22,2026-01-05,294,152,24,0.5170068027210885
2026-06-22,2026-01-12,820,143,23,0.174390243902439
2026-06-22,2026-01-19,592,445,22,0.7516891891891891
2026-06-22,2026-01-26,695,522,21,0.7510791366906475
2026-06-22,2026-02-02,797,440,20,0.5520702634880803
2026-06-22,2026-02-09,697,270,19,0.38737446197991393
2026-06-22,2026-02-16,283,183,18,0.6466431095406361
2026-06-22,2026-02-23,339,176,17,0.5191740412979351
2026-06-22,2026-03-02,290,163,16,0.5620689655172414
2026-06-22,2026-03-09,317,168,15,0.5299684542586751
2026-06-22,2026-03-16,323,196,14,0.6068111455108359
2026-06-22,2026-03-23,238,153,13,0.6428571428571429
2026-06-22,2026-03-30,209,130,12,0.6220095693779905
2026-06-22,2026-04-06,1122,975,11,0.8689839572192514
2026-06-22,2026-04-13,557,402,10,0.7217235188509874
2026-06-22,2026-04-20,447,291,9,0.6510067114093959
2026-06-22,2026-04-27,498,368,8,0.7389558232931727
2026-06-22,2026-05-04,391,310,7,0.7928388746803069
2026-06-22,2026-05-11,286,207,6,0.7237762237762237
2026-06-22,2026-05-18,319,231,5,0.7241379310344828
2026-06-22,2026-05-25,314,220,4,0.7006369426751592
2026-06-22,2026-06-01,305,191,3,0.6262295081967213
2026-06-22,2026-06-08,1463,1381,2,0.9439507860560492
2026-06-22,2026-06-15,238,171,1,0.7184873949579832
2026-06-22,2026-06-22,250,211,0,0.844
2026-06-29,2025-10-27,2650,2171,35,0.8192452830188679
2026-06-29,2025-11-03,618,377,34,0.610032362459547
2026-06-29,2025-11-10,26826,18018,33,0.6716618206217848
2026-06-29,2025-11-17,23138,5822,32,0.25162071051949175
2026-06-29,2025-11-24,338,203,31,0.6005917159763313
2026-06-29,2025-12-01,386,258,30,0.6683937823834197
2026-06-29,2025-12-08,250,159,29,0.636
2026-06-29,2025-12-15,243,140,28,0.5761316872427984
2026-06-29,2025-12-22,431,338,27,0.7842227378190255
2026-06-29,2025-12-29,196,113,26,0.576530612244898
2026-06-29,2026-01-05,294,152,25,0.5170068027210885
2026-06-29,2026-01-12,820,143,24,0.174390243902439
2026-06-29,2026-01-19,592,445,23,0.7516891891891891
2026-06-29,2026-01-26,695,519,22,0.7467625899280576
2026-06-29,2026-02-02,797,437,21,0.548306148055207
2026-06-29,2026-02-09,697,273,20,0.3916786226685796
2026-06-29,2026-02-16,283,180,19,0.6360424028268551
2026-06-29,2026-02-23,339,176,18,0.5191740412979351
2026-06-29,2026-03-02,290,162,17,0.5586206896551724
2026-06-29,2026-03-09,317,161,16,0.5078864353312302
2026-06-29,2026-03-16,323,192,15,0.5944272445820433
2026-06-29,2026-03-23,238,153,14,0.6428571428571429
2026-06-29,2026-03-30,209,128,13,0.6124401913875598
2026-06-29,2026-04-06,1122,969,12,0.8636363636363636
2026-06-29,2026-04-13,557,401,11,0.7199281867145422
2026-06-29,2026-04-20,447,286,10,0.639821029082774
2026-06-29,2026-04-27,498,368,9,0.7389558232931727
2026-06-29,2026-05-04,391,302,8,0.7723785166240409
2026-06-29,2026-05-11,286,204,7,0.7132867132867133
2026-06-29,2026-05-18,319,233,6,0.7304075235109718
2026-06-29,2026-05-25,314,215,5,0.6847133757961783
2026-06-29,2026-06-01,305,192,4,0.6295081967213115
2026-06-29,2026-06-08,1463,1378,3,0.9419002050580998
2026-06-29,2026-06-15,238,171,2,0.7184873949579832
2026-06-29,2026-06-22,250,197,1,0.788
2026-06-29,2026-06-29,206,160,0,0.7766990291262136
2026-07-06,2025-10-27,2650,2160,36,0.8150943396226416
2026-07-06,2025-11-03,618,371,35,0.6003236245954693
2026-07-06,2025-11-10,26826,18003,34,0.6711026615969582
2026-07-06,2025-11-17,23138,5822,33,0.25162071051949175
2026-07-06,2025-11-24,338,202,32,0.5976331360946746
2026-07-06,2025-12-01,386,259,31,0.6709844559585493
2026-07-06,2025-12-08,250,158,30,0.632
2026-07-06,2025-12-15,243,142,29,0.5843621399176955
2026-07-06,2025-12-22,431,337,28,0.7819025522041764
2026-07-06,2025-12-29,196,114,27,0.5816326530612245
2026-07-06,2026-01-05,294,151,26,0.5136054421768708
2026-07-06,2026-01-12,820,147,25,0.17926829268292682
2026-07-06,2026-01-19,592,448,24,0.7567567567567568
2026-07-06,2026-01-26,695,522,23,0.7510791366906475
2026-07-06,2026-02-02,797,437,22,0.548306148055207
2026-07-06,2026-02-09,697,273,21,0.3916786226685796
2026-07-06,2026-02-16,283,182,20,0.6431095406360424
2026-07-06,2026-02-23,339,174,19,0.5132743362831859
2026-07-06,2026-03-02,290,160,18,0.5517241379310345
2026-07-06,2026-03-09,317,163,17,0.5141955835962145
2026-07-06,2026-03-16,323,197,16,0.6099071207430341
2026-07-06,2026-03-23,238,152,15,0.6386554621848739
2026-07-06,2026-03-30,209,128,14,0.6124401913875598
2026-07-06,2026-04-06,1122,976,13,0.8698752228163993
2026-07-06,2026-04-13,557,402,12,0.7217235188509874
2026-07-06,2026-04-20,447,283,11,0.6331096196868009
2026-07-06,2026-04-27,498,361,10,0.7248995983935743
2026-07-06,2026-05-04,391,301,9,0.7698209718670077
2026-07-06,2026-05-11,286,202,8,0.7062937062937062
2026-07-06,2026-05-18,319,231,7,0.7241379310344828
2026-07-06,2026-05-25,314,209,6,0.6656050955414012
2026-07-06,2026-06-01,305,191,5,0.6262295081967213
2026-07-06,2026-06-08,1463,1379,4,0.9425837320574163
2026-07-06,2026-06-15,238,163,3,0.6848739495798319
2026-07-06,2026-06-22,250,196,2,0.784
2026-07-06,2026-06-29,206,148,1,0.7184466019417476
2026-07-06,2026-07-06,196,144,0,0.7346938775510204
2026-07-13,2025-10-27,2650,2156,37,0.8135849056603773
2026-07-13,2025-11-03,618,372,36,0.6019417475728155
2026-07-13,2025-11-10,26826,18003,35,0.6711026615969582
2026-07-13,2025-11-17,23138,5817,34,0.2514046157835595
2026-07-13,2025-11-24,338,202,33,0.5976331360946746
2026-07-13,2025-12-01,386,258,32,0.6683937823834197
2026-07-13,2025-12-08,250,157,31,0.628
2026-07-13,2025-12-15,243,141,30,0.5802469135802469
2026-07-13,2025-12-22,431,336,29,0.7795823665893271
2026-07-13,2025-12-29,196,113,28,0.576530612244898
2026-07-13,2026-01-05,294,150,27,0.5102040816326531
2026-07-13,2026-01-12,820,145,26,0.17682926829268292
2026-07-13,2026-01-19,592,447,25,0.7550675675675675
2026-07-13,2026-01-26,695,518,24,0.7453237410071942
2026-07-13,2026-02-02,797,435,23,0.5457967377666249
2026-07-13,2026-02-09,697,267,22,0.3830703012912482
2026-07-13,2026-02-16,283,177,21,0.6254416961130742
2026-07-13,2026-02-23,339,175,20,0.5162241887905604
2026-07-13,2026-03-02,290,159,19,0.5482758620689655
2026-07-13,2026-03-09,317,160,18,0.5047318611987381
2026-07-13,2026-03-16,323,196,17,0.6068111455108359
2026-07-13,2026-03-23,238,153,16,0.6428571428571429
2026-07-13,2026-03-30,209,128,15,0.6124401913875598
2026-07-13,2026-04-06,1122,969,14,0.8636363636363636
2026-07-13,2026-04-13,557,394,13,0.7073608617594255
2026-07-13,2026-04-20,447,287,12,0.6420581655480985
2026-07-13,2026-04-27,498,357,11,0.7168674698795181
2026-07-13,2026-05-04,391,300,10,0.7672634271099744
2026-07-13,2026-05-11,286,200,9,0.6993006993006993
2026-07-13,2026-05-18,319,228,8,0.7147335423197492
2026-07-13,2026-05-25,314,208,7,0.6624203821656051
2026-07-13,2026-06-01,305,183,6,0.6
2026-07-13,2026-06-08,1463,1377,5,0.9412166780587833
2026-07-13,2026-06-15,238,165,4,0.6932773109243697
2026-07-13,2026-06-22,250,190,3,0.76
2026-07-13,2026-06-29,206,142,2,0.6893203883495146
2026-07-13,2026-07-06,196,136,1,0.6938775510204082
2026-07-13,2026-07-13,241,201,0,0.8340248962655602
2026-07-20,2025-10-27,2650,2153,38,0.8124528301886792
2026-07-20,2025-11-03,618,366,37,0.5922330097087378
2026-07-20,2025-11-10,26826,18005,36,0.6711772161336017
2026-07-20,2025-11-17,23138,5814,35,0.2512749589420002
2026-07-20,2025-11-24,338,201,34,0.5946745562130178
2026-07-20,2025-12-01,386,254,33,0.6580310880829016
2026-07-20,2025-12-08,250,159,32,0.636
2026-07-20,2025-12-15,243,139,31,0.5720164609053497
2026-07-20,2025-12-22,431,336,30,0.7795823665893271
2026-07-20,2025-12-29,196,112,29,0.5714285714285714
2026-07-20,2026-01-05,294,151,28,0.5136054421768708
2026-07-20,2026-01-12,820,143,27,0.174390243902439
2026-07-20,2026-01-19,592,447,26,0.7550675675675675
2026-07-20,2026-01-26,695,512,25,0.7366906474820144
2026-07-20,2026-02-02,797,435,24,0.5457967377666249
2026-07-20,2026-02-09,697,267,23,0.3830703012912482
2026-07-20,2026-02-16,283,179,22,0.6325088339222615
2026-07-20,2026-02-23,339,180,21,0.5309734513274337
2026-07-20,2026-03-02,290,157,20,0.5413793103448276
2026-07-20,2026-03-09,317,160,19,0.5047318611987381
2026-07-20,2026-03-16,323,198,18,0.6130030959752322
2026-07-20,2026-03-23,238,150,17,0.6302521008403361
2026-07-20,2026-03-30,209,123,16,0.5885167464114832
2026-07-20,2026-04-06,1122,966,15,0.8609625668449198
2026-07-20,2026-04-13,557,392,14,0.703770197486535
2026-07-20,2026-04-20,447,286,13,0.639821029082774
2026-07-20,2026-04-27,498,365,12,0.7329317269076305
2026-07-20,2026-05-04,391,299,11,0.7647058823529411
2026-07-20,2026-05-11,286,195,10,0.6818181818181818
2026-07-20,2026-05-18,319,226,9,0.7084639498432602
2026-07-20,2026-05-25,314,207,8,0.6592356687898089
2026-07-20,2026-06-01,305,186,7,0.6098360655737705
2026-07-20,2026-06-08,1463,1379,6,0.9425837320574163
2026-07-20,2026-06-15,238,169,5,0.7100840336134454
2026-07-20,2026-06-22,250,191,4,0.764
2026-07-20,2026-06-29,206,140,3,0.6796116504854369
2026-07-20,2026-07-06,196,133,2,0.6785714285714286
2026-07-20,2026-07-13,241,189,1,0.7842323651452282
2026-07-20,2026-07-20,321,265,0,0.8255451713395638
2026-07-27,2025-10-27,2650,2145,39,0.809433962264151
2026-07-27,2025-11-03,618,365,38,0.5906148867313916
2026-07-27,2025-11-10,26826,17997,37,0.6708789979870275
2026-07-27,2025-11-17,23138,5808,36,0.2510156452588815
2026-07-27,2025-11-24,338,200,35,0.591715976331361
2026-07-27,2025-12-01,386,258,34,0.6683937823834197
2026-07-27,2025-12-08,250,158,33,0.632
2026-07-27,2025-12-15,243,139,32,0.5720164609053497
2026-07-27,2025-12-22,431,335,31,0.777262180974478
2026-07-27,2025-12-29,196,112,30,0.5714285714285714
2026-07-27,2026-01-05,294,151,29,0.5136054421768708
2026-07-27,2026-01-12,820,143,28,0.174390243902439
2026-07-27,2026-01-19,592,448,27,0.7567567567567568
2026-07-27,2026-01-26,695,509,26,0.7323741007194244
2026-07-27,2026-02-02,797,430,25,0.5395232120451694
2026-07-27,2026-02-09,697,268,24,0.38450502152080346
2026-07-27,2026-02-16,283,178,23,0.6289752650176679
2026-07-27,2026-02-23,339,178,22,0.5250737463126843
2026-07-27,2026-03-02,290,155,21,0.5344827586206896
2026-07-27,2026-03-09,317,164,20,0.5173501577287066
2026-07-27,2026-03-16,323,196,19,0.6068111455108359
2026-07-27,2026-03-23,238,149,18,0.6260504201680672
2026-07-27,2026-03-30,209,126,17,0.6028708133971292
2026-07-27,2026-04-06,1122,966,16,0.8609625668449198
2026-07-27,2026-04-13,557,391,15,0.7019748653500898
2026-07-27,2026-04-20,447,289,14,0.6465324384787472
2026-07-27,2026-04-27,498,365,13,0.7329317269076305
2026-07-27,2026-05-04,391,299,12,0.7647058823529411
2026-07-27,2026-05-11,286,195,11,0.6818181818181818
2026-07-27,2026-05-18,319,226,10,0.7084639498432602
2026-07-27,2026-05-25,314,206,9,0.6560509554140127
2026-07-27,2026-06-01,305,183,8,0.6
2026-07-27,2026-06-08,1463,1380,7,0.9432672590567327
2026-07-27,2026-06-15,238,167,6,0.7016806722689075
2026-07-27,2026-06-22,250,190,5,0.76
2026-07-27,2026-06-29,206,138,4,0.6699029126213593
2026-07-27,2026-07-06,196,133,3,0.6785714285714286
2026-07-27,2026-07-13,241,186,2,0.7717842323651453
2026-07-27,2026-07-20,321,257,1,0.8006230529595015
2026-07-27,2026-07-27,185,149,0,0.8054054054054054
2026-08-03,2025-10-27,2650,2141,40,0.8079245283018868
2026-08-03,2025-11-03,618,365,39,0.5906148867313916
2026-08-03,2025-11-10,26826,17994,38,0.6707671661820622
2026-08-03,2025-11-17,23138,5808,37,0.2510156452588815
2026-08-03,2025-11-24,338,197,36,0.5828402366863905
2026-08-03,2025-12-01,386,258,35,0.6683937823834197
2026-08-03,2025-12-08,250,159,34,0.636
2026-08-03,2025-12-15,243,139,33,0.5720164609053497
2026-08-03,2025-12-22,431,335,32,0.777262180974478
2026-08-03,2025-12-29,196,112,31,0.5714285714285714
2026-08-03,2026-01-05,294,150,30,0.5102040816326531
2026-08-03,2026-01-12,820,145,29,0.17682926829268292
2026-08-03,2026-01-19,592,443,28,0.7483108108108109
2026-08-03,2026-01-26,695,509,27,0.7323741007194244
2026-08-03,2026-02-02,797,434,26,0.5445420326223338
2026-08-03,2026-02-09,697,268,25,0.38450502152080346
2026-08-03,2026-02-16,283,179,24,0.6325088339222615
2026-08-03,2026-02-23,339,177,23,0.5221238938053098
2026-08-03,2026-03-02,290,156,22,0.5379310344827586
2026-08-03,2026-03-09,317,164,21,0.5173501577287066
2026-08-03,2026-03-16,323,193,20,0.5975232198142415
2026-08-03,2026-03-23,238,151,19,0.634453781512605
2026-08-03,2026-03-30,209,121,18,0.5789473684210527
2026-08-03,2026-04-06,1122,967,17,0.8618538324420677
2026-08-03,2026-04-13,557,388,16,0.696588868940754
2026-08-03,2026-04-20,447,283,15,0.6331096196868009
2026-08-03,2026-04-27,498,363,14,0.7289156626506024
2026-08-03,2026-05-04,391,298,13,0.7621483375959079
2026-08-03,2026-05-11,286,192,12,0.6713286713286714
2026-08-03,2026-05-18,319,228,11,0.7147335423197492
2026-08-03,2026-05-25,314,208,10,0.6624203821656051
2026-08-03,2026-06-01,305,184,9,0.6032786885245902
2026-08-03,2026-06-08,1463,1383,8,0.9453178400546821
2026-08-03,2026-06-15,238,165,7,0.6932773109243697
2026-08-03,2026-06-22,250,188,6,0.752
2026-08-03,2026-06-29,206,138,5,0.6699029126213593
2026-08-03,2026-07-06,196,130,4,0.6632653061224489
2026-08-03,2026-07-13,241,183,3,0.7593360995850622
2026-08-03,2026-07-20,321,249,2,0.7757009345794392
2026-08-03,2026-07-27,185,141,1,0.7621621621621621
2026-08-03,2026-08-03,360,307,0,0.8527777777777777
2026-08-10,2025-10-27,2650,2140,41,0.8075471698113208
2026-08-10,2025-11-03,618,364,40,0.5889967637540453
2026-08-10,2025-11-10,26826,17997,39,0.6708789979870275
2026-08-10,2025-11-17,23138,5809,38,0.25105886420606793
2026-08-10,2025-11-24,338,198,37,0.5857988165680473
2026-08-10,2025-12-01,386,259,36,0.6709844559585493
2026-08-10,2025-12-08,250,159,35,0.636
2026-08-10,2025-12-15,243,139,34,0.5720164609053497
2026-08-10,2025-12-22,431,335,33,0.777262180974478
2026-08-10,2025-12-29,196,112,32,0.5714285714285714
2026-08-10,2026-01-05,294,150,31,0.5102040816326531
2026-08-10,2026-01-12,820,146,30,0.17804878048780487
2026-08-10,2026-01-19,592,443,29,0.7483108108108109
2026-08-10,2026-01-26,695,512,28,0.7366906474820144
2026-08-10,2026-02-02,797,435,27,0.5457967377666249
2026-08-10,2026-02-09,697,267,26,0.3830703012912482
2026-08-10,2026-02-16,283,178,25,0.6289752650176679
2026-08-10,2026-02-23,339,174,24,0.5132743362831859
2026-08-10,2026-03-02,290,156,23,0.5379310344827586
2026-08-10,2026-03-09,317,163,22,0.5141955835962145
2026-08-10,2026-03-16,323,191,21,0.5913312693498453
2026-08-10,2026-03-23,238,152,20,0.6386554621848739
2026-08-10,2026-03-30,209,122,19,0.583732057416268
2026-08-10,2026-04-06,1122,961,18,0.85650623885918
2026-08-10,2026-04-13,557,386,17,0.6929982046678635
2026-08-10,2026-04-20,447,283,16,0.6331096196868009
2026-08-10,2026-04-27,498,364,15,0.7309236947791165
2026-08-10,2026-05-04,391,298,14,0.7621483375959079
2026-08-10,2026-05-11,286,193,13,0.6748251748251748
2026-08-10,2026-05-18,319,225,12,0.7053291536050157
2026-08-10,2026-05-25,314,209,11,0.6656050955414012
2026-08-10,2026-06-01,305,183,10,0.6
2026-08-10,2026-06-08,1463,1382,9,0.9446343130553657
2026-08-10,2026-06-15,238,164,8,0.6890756302521008
2026-08-10,2026-06-22,250,185,7,0.74
2026-08-10,2026-06-29,206,136,6,0.6601941747572816
2026-08-10,2026-07-06,196,130,5,0.6632653061224489
2026-08-10,2026-07-13,241,182,4,0.7551867219917012
2026-08-10,2026-07-20,321,247,3,0.7694704049844237
2026-08-10,2026-07-27,185,139,2,0.7513513513513513
2026-08-10,2026-08-03,360,297,1,0.825
2026-08-10,2026-08-10,157,122,0,0.7770700636942676
