date,transfers,mint_count,burn_count,mint_volume,burn_volume,p2p_volume,issuance_count,issuance_volume,redemption_count,redemption_volume,internal_count,internal_volume,transfer_count,transfer_volume,unique_senders,unique_receivers,active_addresses,new_addresses,zeroed_addresses,resurrected_addresses,holders_gt0,circulating_supply,mean_balance,median_balance,gini,top10_share,top100_share,holders_ge1,holders_ge100,holders_ge1000,holders_ge10000,n_lt_1k,val_lt_1k,n_1k_10k,val_1k_10k,n_10k_100k,val_10k_100k,n_100k_1m,val_100k_1m,n_ge_1m,val_ge_1m,share_holders_lt10k
2025-06-03,1,1,0,100000000.0,0.0,0.0,0,0.0,0,0.0,0,0.0,0,0.0,0,0,0,0,0,0,0,0.0,,,,,,0,0,0,0,0,0.0,0,0.0,0,0.0,0,0.0,0,0.0,
2025-08-04,1,0,0,0.0,0.0,100000000.0,0,0.0,0,0.0,1,100000000.0,0,0.0,0,0,0,0,0,0,0,0.0,,,,,,0,0,0,0,0,0.0,0,0.0,0,0.0,0,0.0,0,0.0,
2025-08-18,2,0,0,0.0,0.0,6000.0,1,3000.0,1,3000.0,0,0.0,0,0.0,1,1,1,0,0,0,0,0.0,,,,,,0,0,0,0,0,0.0,0,0.0,0,0.0,0,0.0,0,0.0,
2025-09-26,1,1,0,300000000.0,0.0,0.0,0,0.0,0,0.0,0,0.0,0,0.0,0,0,0,0,0,0,0,0.0,,,,,,0,0,0,0,0,0.0,0,0.0,0,0.0,0,0.0,0,0.0,
2025-09-29,2,0,0,0.0,0.0,6000.0,1,3000.0,1,3000.0,0,0.0,0,0.0,1,1,1,0,0,0,0,0.0,,,,,,0,0,0,0,0,0.0,0,0.0,0,0.0,0,0.0,0,0.0,
2025-10-27,483,0,0,0.0,0.0,13367943.477321869,349,10039996.0,7,1020000.0,0,0.0,127,2307947.477321869,42,389,389,361,0,0,361,9019996.0,24986.138504155126,3000.0,0.8000705145448138,0.5148297354668377,0.8832263749579762,355,349,341,139,20,2902.937186428019,202,660394.6935981268,131,3912936.214623511,6,2443762.1545919343,2,2000000.0,0.6149584487534626
2025-10-28,465,0,0,0.0,0.0,10553391.736715827,243,5673100.0,15,1002004.55387,0,0.0,207,3878287.1828458263,58,297,309,251,6,0,606,13691091.44613,22592.560142128714,3000.0,0.7870705233550142,0.41120231631834825,0.8251890882496633,592,576,562,230,44,7170.935783784642,332,1080326.6644976065,218,6647845.865397669,9,2567289.4648058256,3,3388458.515645114,0.6204620462046204
2025-10-29,337,0,0,0.0,0.0,9760477.01094653,154,4271944.0,7,150000.0,0,0.0,176,5338533.010946531,50,189,203,148,5,0,749,17813035.44613,23782.42382660881,3000.0,0.8011715457536601,0.4181919658561829,0.8112945389112904,734,715,700,276,49,7497.966667688963,424,1386564.5219270014,261,7874888.838274702,10,2794815.808177634,5,5749268.311082973,0.6315086782376502
2025-10-30,231,0,0,0.0,0.0,8153006.626107378,97,3501537.0,4,14741.0,0,0.0,130,4636728.626107378,48,130,141,91,8,0,832,21299831.44613,25600.75894967548,3000.0,0.8101205000677344,0.39400539655163574,0.807067830088986,816,792,778,308,54,6736.686114051629,470,1538511.5878775874,287,8599898.84439905,15,4770935.792323859,6,6383748.535415453,0.6298076923076923
2025-10-31,201,0,0,0.0,0.0,4045844.3483445537,55,1626000.0,2,110000.0,0,0.0,144,2309844.3483445537,31,86,96,57,4,1,886,22815831.44613,25751.502760869076,3000.0,0.8153286910451751,0.41890846148202693,0.803762430505903,869,844,829,322,57,7791.070850282065,507,1661407.259038664,302,9088730.966361534,13,4040157.301347953,7,8017744.848531568,0.636568848758465
2025-11-01,109,0,0,0.0,0.0,2818485.448129777,61,2088000.0,4,549500.0,0,0.0,44,180985.44812977684,25,84,93,57,7,0,936,24354331.44613,26019.584878344016,3000.0,0.8148275431683853,0.41182341147124946,0.7887430252280967,919,894,877,337,59,8435.711968743279,540,1767170.9776294534,316,9945883.594937064,13,3603157.301347953,8,9029683.860246785,0.6399572649572649
2025-11-02,172,0,0,0.0,0.0,8516201.29051226,53,3687000.0,4,913000.0,0,0.0,115,3916201.2905122605,33,85,91,50,6,0,980,27128331.44613,27681.97086339796,3000.0,0.8234343758933036,0.39500886834912013,0.7925027067344556,961,936,918,352,62,8167.434359785901,566,1853793.154379765,325,10093562.65777658,18,4956876.694878208,9,10215931.504735662,0.6408163265306123
2025-11-03,134,0,0,0.0,0.0,2676015.648367759,61,1872000.0,3,18800.0,0,0.0,70,785215.648367759,34,89,93,61,3,0,1038,28981531.44613,27920.5505261368,3000.0,0.8261830227587872,0.38984633895406184,0.7856275148671616,1017,990,969,370,69,8773.16282051092,599,1948737.3768317043,341,10631800.280043777,19,5093876.694878208,10,11298343.931555798,0.6435452793834296
2025-11-04,141,0,0,0.0,0.0,3720701.4258640553,65,2363000.0,2,18436.0,0,0.0,74,1339265.4258640553,32,91,99,60,4,0,1094,31326095.44613,28634.45653211152,3000.0,0.8315277175038297,0.36616512613626395,0.7859983441902448,1069,1041,1018,387,76,9129.167106343752,631,2042229.706273409,354,10829880.259063851,23,6974332.62329756,10,11470523.690388836,0.6462522851919561
2025-11-05,104,0,0,0.0,0.0,4173679.5862300186,31,592000.0,3,56465.0,0,0.0,70,3525214.5862300186,27,53,62,28,5,0,1117,31861630.446129996,28524.28867155774,3000.0,0.8309096238001227,0.36111100260104545,0.7824585726396321,1092,1064,1040,392,77,9655.542584907262,648,2100217.1175732757,358,11098754.742038846,24,7147417.729026973,10,11505585.314905997,0.649059982094897
2025-11-06,255,0,0,0.0,0.0,5976495.900119466,23,251000.0,5,243000.0,0,0.0,227,5482495.900119466,44,64,74,33,7,0,1143,31869630.44613,27882.44133519685,3000.0,0.8332405114360635,0.3522824423969507,0.7837115061135608,1111,1080,1054,392,89,10035.742349989154,662,2155486.7224393813,359,11004914.742038846,23,7472081.987450882,10,11227111.2518509,0.6570428696412949
2025-11-07,168,0,0,0.0,0.0,4914739.222183442,18,434000.0,1,10000.0,0,0.0,149,4470739.222183442,41,64,71,23,3,0,1163,32293630.44613,27767.524029346518,3000.0,0.8333095663150392,0.337958830256193,0.7815355781104576,1132,1098,1070,396,93,10738.32371878428,674,2197240.617985407,363,11205387.169413961,22,6966346.76471197,11,11913917.570299875,0.6595012897678418
2025-11-08,121,0,0,0.0,0.0,4682700.587223268,15,564000.0,4,16000.0,0,0.0,102,4102700.5872232676,31,45,53,19,7,0,1175,32841630.44613,27950.323783940425,3000.0,0.8356015054931746,0.327296397164042,0.7853549140233078,1142,1108,1078,394,97,11645.145235805585,684,2236822.8492105994,359,11022551.770879272,24,7821663.358793062,11,11748947.322011258,0.6646808510638298
2025-11-09,174,0,0,0.0,0.0,6453838.540847095,29,1393000.0,4,96000.0,0,0.0,141,4964838.540847095,39,67,74,29,5,1,1200,34138630.44613,28448.858705108334,3000.0,0.8393808413387818,0.33333697440760895,0.787093310206054,1167,1133,1102,398,98,12693.230191774826,704,2296558.8041884955,362,11158815.942605445,24,7290894.68581183,12,13379667.783332456,0.6683333333333333
2025-11-10,144,0,0,0.0,0.0,8198446.444510518,20,379500.0,4,9101.0,0,0.0,120,7809845.444510518,46,62,79,24,8,1,1217,34509029.44613,28355.817129112573,3000.0,0.8405809110689481,0.3224876108798404,0.7879773328718995,1181,1148,1113,401,104,14228.810722697091,712,2319702.718136022,367,11447689.771123273,22,7598673.686283484,12,13128734.459864523,0.6705012325390304
2025-11-11,209,0,0,0.0,0.0,12405125.558047125,27,2728000.0,3,509000.0,0,0.0,179,9168125.558047125,49,74,84,24,9,0,1232,36728029.44613,29811.712212767856,3000.0,0.8504186252077222,0.36723695271402845,0.7992007328772054,1198,1164,1126,402,106,14093.633066548467,724,2352902.8282688567,369,11507837.136437248,20,6365306.235369458,13,16487889.612987889,0.6737012987012987
2025-11-12,311,0,0,0.0,0.0,65105178.16507276,45,4672000.0,0,0.0,0,0.0,266,60433178.16507276,47,83,88,33,7,2,1260,41400029.44613,32857.1662270873,3000.0,0.8654837528823431,0.4244064076061752,0.8178065366879571,1226,1187,1150,411,110,14335.94131827412,739,2402069.704123824,378,11626281.302694213,19,5786904.725971786,14,21570437.772021905,0.6738095238095239
2025-11-13,348,0,0,0.0,0.0,78910988.52486484,21,3119000.0,5,1039204.0,0,0.0,322,74752784.52486484,59,83,97,30,5,2,1287,43479825.44613001,33783.85815550117,3000.0,0.8721616308143765,0.4515013319200053,0.8227502193246632,1247,1198,1159,417,128,14309.768893267963,742,2406314.3680354664,384,11797794.03571764,19,5630208.172906589,14,23631199.100577038,0.675990675990676
2025-11-14,292,0,0,0.0,0.0,68738105.78251722,21,708939.0,3,9000.0,0,0.0,268,68020166.78251722,59,74,85,19,8,0,1298,44179764.44613,34036.79849470724,3000.0,0.8748131212896411,0.4809854666883229,0.8251561403462014,1259,1209,1170,421,128,14444.32919500972,749,2420994.3680354664,388,11672472.039357886,20,5822029.089239623,13,24249824.620302014,0.6756548536209553
2025-11-15,120,0,0,0.0,0.0,22700527.060604695,33,1052375.0,2,150000.0,0,0.0,85,21498152.060604695,35,61,69,28,4,2,1324,45082139.44612999,34049.954264448636,3000.0,0.8742027018113241,0.48261881389249794,0.8200458596842707,1285,1234,1194,434,130,14960.463193899832,760,2455429.760106206,401,12117783.605527077,20,5736476.950075367,13,24757488.66722745,0.6722054380664653
2025-11-16,77,0,0,0.0,0.0,2713582.229641227,24,730184.0,2,303000.0,0,0.0,51,1680398.2296412273,26,47,54,18,5,0,1337,45509323.44613,34038.387020291695,3000.0,0.8741453951853205,0.4809334546905384,0.8203634155799527,1299,1247,1208,438,129,14276.483616161931,770,2500829.7601062064,405,12174489.360612625,20,5932771.696218589,13,24886956.145576417,0.6724008975317876
2025-11-17,301,0,0,0.0,0.0,51109501.03887178,28,795000.0,5,62999.0,0,0.0,268,50251502.03887178,51,78,90,35,10,1,1363,46241324.44613,33926.1367909978,3000.0,0.8747705543098017,0.4825954049669523,0.8195409302024582,1325,1272,1228,444,135,16650.82467178921,784,2543307.088753814,410,12252664.66353437,21,6112851.171881688,13,25315850.697288338,0.6742479823917829
2025-11-18,159,0,0,0.0,0.0,49139561.34238911,22,2785800.0,4,413000.0,0,0.0,133,45940761.34238911,37,57,67,14,7,2,1372,48614124.44613,35433.03531059038,3000.0,0.8809748981410157,0.49986078274996615,0.8286307877611998,1333,1278,1235,447,137,16104.722278346504,788,2553573.8437457974,412,12079241.825193178,22,6664909.75656587,13,27300294.298346806,0.674198250728863
2025-11-19,224,0,0,0.0,0.0,80294582.52838247,33,839500.0,2,20000.0,0,0.0,189,79435082.52838247,33,70,72,30,4,0,1398,49433624.44612999,35360.24638492846,3000.0,0.8811641427603998,0.49535177105193595,0.8274102914508688,1360,1301,1257,452,141,16503.7625831604,805,2608191.169315079,417,12320048.7196776,21,6001847.375647394,14,28487033.418906763,0.6766809728183119
2025-11-20,267,0,0,0.0,0.0,83359712.82339711,30,3260000.0,3,1379458.0,0,0.0,234,78720254.82339711,51,84,91,25,3,5,1425,51314166.44613,36009.941365705265,3000.0,0.8819149267823537,0.45482808538606573,0.8246812242663566,1384,1322,1277,459,148,17355.445632467723,818,2652251.5475204764,421,12522335.824948655,22,6783099.550153197,16,29339124.077875204,0.6778947368421052
2025-11-21,283,0,0,0.0,0.0,32236544.455844622,36,1437000.0,4,1016000.0,0,0.0,243,29783544.455844622,50,82,94,29,4,1,1451,51735166.44613,35654.835593473465,3000.0,0.881895276120743,0.44814410250706466,0.8233398824182512,1407,1340,1292,469,159,18678.51899699308,823,2682100.54342869,432,12724367.504032683,21,7125210.144617101,16,29184809.735054534,0.6767746381805652
2025-11-22,267,0,0,0.0,0.0,72952177.38133016,21,279000.0,0,0.0,0,0.0,246,72673177.38133016,40,61,68,19,4,2,1468,52014166.44612999,35431.99349191417,3000.0,0.8827529834220046,0.4826941742547135,0.82246819403957,1425,1359,1310,474,158,19214.9235947752,836,2711379.7431580042,438,12883574.237955078,21,6293062.419160201,15,30106935.12226194,0.6771117166212534
2025-11-23,222,0,0,0.0,0.0,33145202.107131008,19,1322000.0,2,56000.0,0,0.0,201,31767202.107131008,37,61,66,16,4,3,1483,53280166.44613001,35927.28688208362,3000.0,0.8837878677215666,0.460132296346874,0.8218519028829541,1439,1372,1323,477,160,18761.737656003475,846,2735626.0004915865,439,12937372.528309945,22,7072480.843070999,16,30515925.336601466,0.6783546864463924
2025-11-24,272,0,0,0.0,0.0,37247253.64773315,17,739000.0,2,18681.09601157954,0,0.0,253,36489572.55172157,35,55,59,17,3,1,1498,54000485.35011842,36048.3880841912,3000.0,0.8839421768586851,0.44492645243383977,0.8198680085473523,1453,1381,1333,480,165,18002.19059202438,853,2761752.7466243817,440,12947460.028309945,22,6247026.008058345,18,32026244.376533724,0.6795727636849133
2025-11-25,416,0,0,0.0,0.0,31883610.128938828,30,2540101.0,5,251075.0,0,0.0,381,29092434.128938828,57,85,94,24,6,2,1518,56289511.35011843,37081.36452576971,3000.0,0.8843076099923612,0.4310342154482494,0.8140530022955549,1474,1402,1353,493,165,18750.546159340123,860,2781341.5074438024,449,13266773.584201653,25,6959940.349549999,19,33262705.362763625,0.6752305665349143
2025-11-26,25811,0,0,0.0,0.0,36949163.70892185,21,2342000.0,4,1021184.0,0,0.0,25786,33585979.70892185,49,11230,11238,11161,2,5,12682,57610327.35011841,4542.6846987950175,89.58,0.9672689964360999,0.438584804903126,0.801248676908827,12635,1411,1361,494,11321,1018109.667104933,867,2805263.9144358356,450,13226755.203010866,27,8293184.384309878,17,32267014.18125691,0.9610471534458287
2025-11-27,209,0,0,0.0,0.0,20317986.687038053,11,1382500.0,4,1014664.0,0,0.0,194,17920822.687038053,51,63,75,10,8,0,12684,57978163.35011842,4570.968412970547,89.58,0.9673750558291262,0.4420019282395998,0.8007192685364078,12640,1418,1364,495,11320,1020011.086657889,869,2811401.9520248976,449,13122517.762644442,29,8397772.552248353,17,32626459.996542834,0.9609744560075686
2025-11-28,27289,0,0,0.0,0.0,49977595.86392194,15,1322000.0,3,44297.0,0,0.0,27271,48611298.86392194,50,27013,27021,26569,6,3,39250,59255866.35011843,1509.7036012769026,200.0,0.8986399023836038,0.3513955940632701,0.7132181293176864,39200,28346,1373,498,37877,6403034.718552244,875,2844864.2025936334,450,12945609.27964224,31,9240107.791496702,17,27822250.3578336,0.9873121019108281
2025-11-29,231,0,0,0.0,0.0,27564523.502629038,18,272500.0,9,958611.0,0,0.0,204,26333412.502629038,52,70,81,22,10,1,39263,58569755.35011841,1491.7289904011006,200.0,0.8974558777981376,0.38839920602741373,0.7124053568089455,39211,28357,1382,499,37881,6403960.24866578,883,2873304.3301338684,454,13067083.312905027,30,8476960.983207885,15,27748446.47520586,0.9872908336092504
2025-11-30,145,0,0,0.0,0.0,20005087.23549163,21,635000.0,6,1058684.0,0,0.0,118,18311403.23549163,43,62,73,20,6,4,39281,58146071.35011842,1480.2594473185109,200.0,0.8965458725743469,0.3615801284763648,0.7046655926009551,39228,28373,1398,506,37883,6403708.347186484,892,2907448.175576019,460,13261379.002007307,30,8549071.876176916,16,27024463.94917169,0.9871184542145057
2025-12-01,477,0,0,0.0,0.0,59447841.256719455,22,2265000.0,5,4100000.0,0,0.0,450,53082841.256719455,107,98,144,22,41,4,39266,56311071.35011843,1434.0923789058836,200.0,0.8930713724164348,0.2971517880634945,0.6855390905580128,39209,28357,1409,511,37857,6399688.290894873,898,2920226.0776238185,459,13187716.339892173,35,10070505.102248846,17,23732935.539458707,0.9869861967096215
2025-12-02,1598,0,0,0.0,0.0,39357695.152007185,25,2294000.0,3,17525.06829,0,0.0,1570,37046170.08371718,1135,98,1177,26,1070,2,38224,58587546.28182842,1532.7424205166496,200.0,0.900425720596195,0.31889560333222106,0.7015905308258319,38168,27317,1428,511,36796,6187292.896961693,917,2997073.880683608,459,13098711.808532126,34,9621156.776352895,18,26683310.919298097,0.9866314357471746
2025-12-03,13471,0,0,0.0,0.0,44829839.99733054,22,1321000.0,5,1027699.0,0,0.0,13444,42481140.99733054,2062,11242,13252,941,2007,8,37166,58880847.281828426,1584.2664607928866,200.0,0.8823867854996974,0.3185305698249343,0.6871570847341029,37109,35065,1442,519,35724,6784807.512586994,923,3015679.304042694,470,13719969.100343581,31,8605041.528399408,18,26755349.83645574,0.9860356239573804
2025-12-04,2285,0,0,0.0,0.0,67967048.02053659,20,2232000.0,6,2228400.0,0,0.0,2259,63506648.020536594,1870,104,1911,19,1808,3,35380,58884447.28182841,1664.3427722393558,200.0,0.8880472612834174,0.2847903155797205,0.6894424135294491,35321,33272,1451,522,33929,6424411.996298768,929,3059558.6378755383,471,13703041.19432272,32,9927715.129202066,19,25769720.324129328,0.9852459016393442
2025-12-05,30995,0,0,0.0,0.0,44506023.62655861,21,2901060.0,2,122411.0,0,0.0,30972,41482552.62655861,936,29893,30775,29735,887,2,64230,61663096.28182842,960.035750923687,200.0,0.8024084757176844,0.2679462851630315,0.6139461560604296,64175,62153,1454,519,62776,12211546.931763811,935,3061921.012857832,469,13531807.40419405,32,8335423.352646463,18,24522397.58036626,0.9919196637085474
2025-12-06,668,0,0,0.0,0.0,15467626.513615208,17,2058000.0,1,350000.0,0,0.0,650,13059626.513615208,527,65,557,16,490,2,63758,63371096.281828426,993.931683582114,200.0,0.8091313346302663,0.26218199509887835,0.6235311699783533,63703,61684,1465,523,62293,12116140.929606933,942,3084317.8701480664,472,13556783.674654067,31,7999093.352646463,20,26614760.45477289,0.9917971078139214
2025-12-07,540,0,0,0.0,0.0,33798338.540290944,25,1711000.0,1,53900.0,0,0.0,514,32033438.54029094,373,78,409,22,326,4,63458,65028196.28182842,1024.7438665231873,200.0,0.8148124392050464,0.2632496894558114,0.6258520439095593,63400,61383,1486,530,61972,12051412.724973917,956,3128972.299433127,477,13849781.702687053,33,8879377.07767144,20,27118652.47706288,0.9916480191622805
2025-12-08,2022,0,0,0.0,0.0,72323670.30500816,35,5073910.0,4,3008000.0,0,0.0,1983,64241760.30500815,1544,116,1596,25,1479,2,62006,67094106.28182842,1082.0582892273073,200.0,0.8246680501931369,0.2599179304880037,0.63575263464343,61948,59929,1508,539,60498,11755383.614500778,969,3170901.8523762682,484,14012565.97723265,34,9716293.585003713,21,28438961.25271501,0.9913072928426281
2025-12-09,1557,0,0,0.0,0.0,61222983.0816239,19,2695000.0,4,43599.0,0,0.0,1534,58484384.0816239,1206,86,1234,11,1146,1,60872,69745507.28182842,1145.773217272776,200.0,0.8344894265593519,0.2923355717996149,0.6486785286193346,60812,58794,1516,541,59356,11526390.650497053,975,3183018.5566604193,484,14093685.033285398,37,10553320.289698035,20,30389092.751687516,0.9911124983572086
2025-12-10,12125,0,0,0.0,0.0,72071777.94619548,17,2972000.0,3,1085124.0,0,0.0,12105,68014653.94619548,863,10963,11760,361,798,13,60448,71632383.28182842,1185.0248690085432,200.0,0.831887916645884,0.2679080388693593,0.6433011235987013,60383,59098,1514,545,58934,12366372.447998643,969,3160449.095675233,488,14324369.086901505,36,11590301.326680107,21,30190891.324572936,0.9909839862361037
2025-12-11,1214,0,0,0.0,0.0,33398678.256942917,13,1429000.0,2,1018000.0,0,0.0,1199,30951678.256942917,920,78,956,13,875,2,59588,72043383.28182842,1209.0250265460902,200.0,0.8351316700079575,0.288361715582733,0.6436337859276501,59523,58238,1522,549,58066,12193277.226761896,973,3178751.488282078,491,14501799.03406445,38,11395001.933187567,20,30774553.599532433,0.9907867355843458
2025-12-12,1471,0,0,0.0,0.0,48388906.959611155,24,3889105.1643015794,4,1034216.0,0,0.0,1443,43465585.79530958,1040,256,1261,69,1003,4,58658,74898272.44613001,1276.8637261094823,200.0,0.8439944849256914,0.2988193237489881,0.6557075374585093,58593,57256,1536,559,57122,11995987.444944033,977,3196108.7711241366,497,14394814.444513403,42,12930310.663228385,20,32381051.12232004,0.9904701830952299
2025-12-13,1085,0,0,0.0,0.0,2417722.615144706,3,36000.0,2,20000.0,0,0.0,1080,2361722.615144706,1050,48,1069,6,1017,1,57648,74914272.44613001,1299.5120810111366,200.0,0.846652951636425,0.29981849956058015,0.6581537559557551,57581,56244,1534,558,56114,11794150.757030975,976,3189863.5266555976,495,14325148.377330232,43,13144425.024641985,20,32460684.76047121,0.9903205661948377
2025-12-14,893,0,0,0.0,0.0,10370390.640332103,18,992000.0,4,15581.0,0,0.0,871,9362809.640332103,853,54,876,9,821,0,56836,75890691.44613,1335.2574327209866,200.0,0.8506372929987387,0.30334030800869466,0.6608999557425539,56769,55433,1543,561,55293,11629995.706751766,982,3215333.7566555976,496,14389207.36470351,45,13635448.899757244,20,33020705.718261883,0.9901294953902456
2025-12-15,636,0,0,0.0,0.0,53279867.37445471,23,322000.0,5,1165000.0,0,0.0,608,51792867.37445471,390,90,427,16,342,1,56511,75047691.44613,1328.0191723050377,200.0,0.8497350520782802,0.2911697963894683,0.6568411530097401,56446,55111,1557,565,54954,11562587.354659956,992,3249298.869671439,500,14441393.041603366,44,12942791.142325923,21,32851621.037869312,0.9900019465236857
2025-12-16,416,0,0,0.0,0.0,20009088.915326804,13,1509000.0,2,780363.0,0,0.0,401,17719725.915326804,361,46,386,10,340,1,56182,75776328.44613001,1348.7652352377986,200.0,0.8519896099964668,0.2984632039058851,0.6590526530758535,56116,54781,1563,569,54619,11495572.887323372,994,3258544.90336439,504,14581620.352672992,45,13824144.534512624,20,32616445.768256623,0.989872201060838
2025-12-17,11608,0,0,0.0,0.0,27831225.979407948,13,169899.0,3,984634.56581,0,0.0,11592,26676692.413597945,385,11208,11551,275,340,12,56129,74961592.88032,1335.5233993179995,200.0,0.8501972718932597,0.28878107915779755,0.6525374508121509,56064,54937,1572,571,54557,11677919.057386037,1001,3284923.66382804,507,14683503.43216363,43,12667757.039576009,21,32647489.687366284,0.9898270056477044
2025-12-18,779,0,0,0.0,0.0,14224252.085074047,16,1548000.0,2,1099511.0,0,0.0,761,11576741.085074047,679,71,716,21,641,2,55511,75410081.88031998,1358.4709675617441,200.0,0.8525994924074591,0.2816525048631107,0.6492060532678984,55444,54315,1580,578,53931,11551788.712718215,1002,3277188.6077530403,510,14824422.925717149,47,13517243.180607196,21,32239438.453524403,0.9895876492947344
2025-12-19,786,0,0,0.0,0.0,27212927.19263209,22,3473000.0,1,300000.0,0,0.0,763,23439927.19263209,544,90,581,15,493,1,55034,78583081.88032,1427.9006047228986,200.0,0.859701965658089,0.3131135091820989,0.665150004405995,54966,53835,1587,578,53447,11454897.84562229,1009,3299284.5776797123,510,14759362.19808648,48,14464112.72904031,20,34605424.52989121,0.9894974016062797
2025-12-20,839,0,0,0.0,0.0,25268550.58970523,12,1412000.0,0,0.0,0,0.0,827,23856550.58970523,678,70,703,9,629,3,54417,79995081.88032,1470.0384416693312,200.0,0.8636474239591951,0.33251104938035736,0.671828074378003,54349,53216,1593,580,52824,11331586.03165395,1013,3306587.4629470725,512,14813966.566352915,48,13943693.198073247,20,36599248.62129282,0.9893415660547256
2025-12-21,1290,0,0,0.0,0.0,47161133.4083237,10,194000.0,2,203000.0,0,0.0,1278,46764133.4083237,931,70,964,14,892,2,53541,79986081.88031998,1493.9220761719052,200.0,0.8657007415992141,0.3326149856174785,0.6712700588281904,53474,52336,1597,585,51944,11155744.918541353,1012,3306662.669971687,518,15131412.402568117,47,13787692.415017758,20,36604569.47422109,0.9890737939149437
2025-12-22,672,0,0,0.0,0.0,19884481.1473616,15,2777190.0,3,2030000.0,0,0.0,654,15077291.147361599,549,77,583,12,505,1,53049,80733271.88032,1521.862276015005,200.0,0.8680597201686099,0.31603999658253246,0.6721222599178319,52983,51841,1603,587,51446,11054949.54063558,1016,3312403.0810063165,516,15003290.111916682,50,14847686.177608427,21,36514942.969152994,0.9889347584308846
2025-12-23,858,0,0,0.0,0.0,37765044.24059768,12,424000.0,4,1027344.0,0,0.0,842,36313700.24059768,503,73,531,11,457,1,52604,80129927.88031998,1523.266821540567,200.0,0.8681013664485256,0.3070265096805524,0.6682083771254785,52538,51394,1605,590,50999,10965776.493326826,1015,3309968.560066753,518,15110693.758836165,51,15141476.990041222,21,35602012.078049034,0.9887841228803893
2025-12-24,11573,0,0,0.0,0.0,26010065.78399105,16,1415162.0,4,2020218.0,0,0.0,11553,22574685.78399105,247,11219,11416,181,195,16,52606,79524871.88032,1511.7072554522297,200.0,0.8665626086809053,0.2953291856735813,0.6593525781803878,52538,51336,1623,595,50983,11176373.515355296,1028,3358397.588013019,521,15155171.473197665,53,15348913.65054323,21,34486015.65321079,0.9886895030985059
2025-12-25,828,0,0,0.0,0.0,50064296.93993706,29,1790634.56581,6,1385000.0,0,0.0,793,46888662.37412706,268,99,314,23,212,3,52420,79930506.44613,1524.8093560879433,200.0,0.8675957343998688,0.27557652341330646,0.6603444454711985,52351,51154,1636,596,50784,11137282.752792133,1040,3395988.501110617,520,15015569.236825474,54,16354694.874312386,22,34026971.08108939,0.9886302937809996
2025-12-26,11753,0,0,0.0,0.0,10383931.202559521,15,359000.0,1,7980.0,0,0.0,11737,10016951.202559521,572,11102,11633,142,530,5,52037,80281526.44613001,1542.7777628635395,200.0,0.8684199701090608,0.2708745382426574,0.65708289427438,51969,50672,1646,599,50391,11279620.098584117,1047,3424311.7563802125,521,15025976.837177377,56,16805396.348477133,22,33746221.40551116,0.9884889597786191
2025-12-27,913,0,0,0.0,0.0,31222280.495610353,13,606000.0,3,373118.0,0,0.0,897,30243162.495610353,650,81,685,12,602,1,51448,80514408.44613,1564.9667323536385,200.0,0.8702465965174648,0.30599698081894866,0.6639503863610535,51378,50080,1649,598,49799,11160874.61824711,1051,3447537.7526035514,524,15048423.479839658,53,15220406.698500242,21,35637165.89693944,0.9883766132794277
2025-12-28,236,0,0,0.0,0.0,13261157.420823978,14,145000.0,2,330000.0,0,0.0,220,12786157.420823978,153,59,181,12,118,1,51343,80329408.44613,1564.563980408819,200.0,0.8701925482727053,0.3131265714976176,0.6645698614479735,51272,49975,1659,596,49684,11136951.785475878,1063,3489528.266384688,524,15118424.553027159,51,14431231.584073821,21,36153272.25716846,0.9883917963500379
2025-12-29,365,0,0,0.0,0.0,7216510.112050016,26,2435998.0,2,6608.75,0,0.0,337,4773903.362050016,290,64,319,17,258,0,51102,82758797.69613001,1619.4825583368558,200.0,0.8744288997508869,0.3252553129270896,0.6680784613281513,51031,49734,1675,610,49427,11085061.050592937,1065,3485682.4112909595,537,15598684.008047815,52,14671631.584073821,21,37917738.64212447,0.98806308950726
2025-12-30,1108,0,0,0.0,0.0,38810196.38022121,12,1053000.0,4,1007406.0,0,0.0,1092,36749790.38022121,913,71,943,9,870,0,50241,82804391.69613001,1648.1437808986686,200.0,0.876443416582001,0.32935975369421383,0.6715134849605948,50170,48874,1681,607,48560,10911168.858744122,1074,3517090.1535442746,535,15571867.045931196,51,14531831.584073821,21,38272434.05383659,0.9879182341115822
2025-12-31,218,0,0,0.0,0.0,17847075.324281413,8,270000.0,4,1159492.0,0,0.0,206,16417583.324281413,97,71,119,7,44,3,50207,81914899.69613,1631.5434042290915,200.0,0.8751071448001542,0.30469705664134256,0.6646334288901716,50134,48846,1683,609,48524,10904192.625852741,1074,3515610.364171647,533,15451716.043872252,54,15084151.829751743,22,36959228.832481615,0.9878702173003765
2026-01-01,132,0,0,0.0,0.0,25096233.00613096,9,499000.0,1,136000.0,0,0.0,122,24461233.00613096,37,44,53,5,6,2,50208,82277899.69613001,1638.7408320612255,200.0,0.8756301884068391,0.3046642350069785,0.6637385029980123,50135,48847,1685,610,48523,10904113.353615647,1075,3522412.439555971,534,15640363.928828442,54,15143876.605227582,22,37067133.368902355,0.9878505417463352
2026-01-02,190,0,0,0.0,0.0,55833854.054505534,7,49000.0,2,184200.0,0,0.0,181,55600654.054505534,36,46,50,5,6,1,50208,82142699.69613001,1636.048034100741,200.0,0.875354725017223,0.279341499283895,0.662304531464893,50136,48850,1688,612,48520,10904829.780680977,1076,3529533.328042535,534,15504854.35189969,54,15257617.347163094,24,36945864.88834371,0.987810707456979
2026-01-03,85,0,0,0.0,0.0,22458086.32143056,8,30000.0,2,897050.0,0,0.0,75,21531036.32143056,29,38,45,9,6,0,50211,81275649.69613,1618.6821552275396,200.0,0.874023916634506,0.2782856096804493,0.6600465829467379,50138,48853,1693,611,48518,10904090.609035144,1082,3556148.124825383,534,15469696.103562795,54,15727871.13084452,23,35617843.72786216,0.9878313516958436
2026-01-04,160,0,0,0.0,0.0,22727004.0486295,23,561000.0,1,160000.0,0,0.0,136,22006004.0486295,64,58,93,19,31,2,50201,81676649.69613,1626.9924841363716,200.0,0.8745907058536087,0.2797909053536017,0.6607651643262962,50130,48845,1713,615,48488,10898497.375854557,1098,3616680.3345739422,539,15592387.12761684,53,15716701.093355473,23,35852383.76472919,0.9877492480229477
2026-01-05,579,0,0,0.0,0.0,57517814.32230927,16,347000.0,8,1911000.0,0,0.0,555,55259814.32230927,323,87,362,22,272,1,49952,80112649.69613,1603.7926348520577,200.0,0.8728142047534865,0.30509230122085945,0.6597544357085201,49880,48590,1720,617,48232,10846018.559831252,1103,3629287.044066503,547,15782668.098847654,49,14412923.340691704,21,35441752.652692884,0.9876481422165279
2026-01-06,297,0,0,0.0,0.0,17264842.841393694,19,1163005.0,4,75311.0,0,0.0,274,16026526.841393692,170,61,196,14,129,1,49838,81200343.69613,1629.285759784301,200.0,0.8747366906300381,0.30320886550403886,0.6632991425969917,49766,48473,1729,619,48109,10820932.680523587,1110,3649586.0894607194,549,15869706.57392162,48,14239454.26158246,22,36620664.09064161,0.987579758417272
2026-01-07,11066,0,0,0.0,0.0,24803150.796351686,14,411000.0,5,405928.0,0,0.0,11047,23986222.796351686,79,10968,11001,169,31,24,50000,81205415.69613001,1624.1083139226002,200.0,0.873829961255434,0.2933597009900711,0.6592574184611864,49929,48489,1740,622,48260,11063671.235315915,1118,3661313.5112734837,551,15845158.232642427,49,14812876.249507047,22,35822396.467391126,0.98756
2026-01-08,84,0,0,0.0,0.0,14824690.837605936,9,1032338.75,1,21820.0,0,0.0,74,13770532.087605936,40,45,58,5,12,1,49994,82215934.44613,1644.5160308463014,200.0,0.8754030083386144,0.2995248738411192,0.6651221359383728,49924,48485,1738,620,48256,11063750.625892973,1118,3663807.4271248244,549,15704738.466132987,48,14157920.534272403,23,37625717.39270681,0.9875985118214186
2026-01-09,269,0,0,0.0,0.0,85244814.90108375,13,1833000.0,2,6000.0,0,0.0,254,83405814.90108375,111,71,141,9,70,4,49937,84042934.44613001,1682.9792427684883,200.0,0.8782291178067931,0.31941502514897663,0.6734186602968407,49867,48428,1743,624,48194,11052790.83848007,1119,3659910.1201748243,555,15834153.165347029,46,13651504.302423665,23,39844576.01970442,0.9875042553617558
2026-01-10,341,0,0,0.0,0.0,4276607.837682451,8,166000.0,1,272830.0,0,0.0,332,3837777.837682451,290,59,310,6,252,2,49693,83936104.44613,1689.0931206835971,200.0,0.8785794054595126,0.3053109615279598,0.6704939184438489,49622,48183,1742,629,47951,11002590.385097899,1113,3641450.4172421535,559,16013416.074792072,46,13652034.813638665,24,39626612.7553592,0.9873422816090798
2026-01-11,331,0,0,0.0,0.0,36520086.10294027,6,19000.0,3,166359.0,0,0.0,322,36334727.10294027,218,62,240,7,171,1,49530,83788745.44613,1691.6766696169996,200.0,0.8787368728062571,0.3061472901880368,0.6719948143063906,49456,48021,1743,627,47787,10969293.541235836,1116,3651347.3644363005,557,15862502.103420306,46,13653905.070449652,24,39651697.36658791,0.9873410054512417
2026-01-12,279,0,0,0.0,0.0,67189724.09067923,14,1189000.0,7,700000.0,0,0.0,258,65300724.09067923,170,56,195,10,137,4,49407,84277745.44613001,1705.7855252520899,200.0,0.8796917873928951,0.30431009057503966,0.6729078309172276,49334,47896,1747,626,47660,10943246.837775622,1121,3670214.6203534408,555,15853129.105251335,47,14164586.532577645,24,39646568.35017195,0.987329730604975
2026-01-13,439,0,0,0.0,0.0,82250848.59528717,20,985000.0,1,50000.0,0,0.0,418,81215848.59528717,245,69,275,13,204,5,49221,85212745.44613001,1731.2274323181164,200.0,0.8813390481889698,0.30081996162656743,0.6746371607006776,49151,47711,1759,628,47462,10903765.515925322,1131,3700068.353806599,556,15921226.933111332,48,15053989.82808746,24,39633694.815199286,0.9872412181792325
2026-01-14,11583,0,0,0.0,0.0,71358180.48197123,12,804000.0,6,2120714.0,0,0.0,11565,68433466.48197123,358,11054,11355,145,310,23,49079,83896031.44613001,1709.407922861713,200.0,0.8799724550133123,0.30724852040251854,0.6684348999630907,49011,47425,1763,628,47316,10942724.754247898,1135,3706053.6325730183,557,16068217.672314864,49,15402103.857527606,22,37776931.529466614,0.9872043032661627
2026-01-15,406,0,0,0.0,0.0,40390193.35333333,7,45000.0,0,0.0,0,0.0,399,40345193.35333333,257,60,279,3,215,5,48872,83941031.44613001,1717.568985229375,200.0,0.8804140928899147,0.2758319816898577,0.6668227555876001,48803,47219,1763,633,47109,10901626.86870731,1130,3698163.7593340185,559,15967450.922314864,50,16220168.846897105,24,37153621.048876695,0.9870477983303323
2026-01-16,695,0,0,0.0,0.0,38879971.214104794,15,691500.0,5,131600.0,0,0.0,675,38056871.214104794,333,285,573,29,285,7,48623,84500931.44612998,1737.8798397081623,200.0,0.8817930430514185,0.2836089465289356,0.6685239065373728,48552,46956,1765,634,46858,10851465.823879268,1131,3712910.896677748,561,16145661.929159433,49,15825672.648262825,24,37965220.14815073,0.9869609032762273
2026-01-17,337,0,0,0.0,0.0,65482831.954030834,19,620000.0,6,78583.35,0,0.0,312,64784248.60403083,180,61,203,12,143,0,48492,85042348.09613,1753.739752869133,200.0,0.8828594134737574,0.3065419026569495,0.6716126662906544,48420,46822,1768,636,46724,10823982.219064692,1132,3703131.336677748,563,16099716.387927728,50,15346474.960657533,23,39069043.19180229,0.9868844345459045
2026-01-18,441,0,0,0.0,0.0,99403580.73559894,10,346000.0,5,1042195.0,0,0.0,426,98015385.73559894,180,66,199,8,137,5,48368,84346153.09613001,1743.8420669891252,200.0,0.8821482738496622,0.3016338684320753,0.6670652316652382,48293,46695,1770,638,46598,10798288.834655298,1132,3700354.21840535,564,16183123.88792773,52,16222729.709391866,22,37441656.44574976,0.9868094608005292
2026-01-19,339,0,0,0.0,0.0,9723486.477364592,19,1182000.0,2,329931.0,0,0.0,318,8211555.477364591,246,69,277,13,205,0,48176,85198222.09613001,1768.478539026279,200.0,0.883787472085051,0.33087298998182274,0.6741177219859972,48101,46503,1775,635,46401,10758353.321523573,1140,3737408.1536237495,564,16168829.224282455,50,15343840.91061829,21,39189790.486081935,0.986819163068748
2026-01-20,255,0,0,0.0,0.0,18298345.93670598,18,1507000.0,3,182013.0,0,0.0,234,16609332.93670598,180,66,201,7,131,3,48055,86523209.09613,1800.5037789226926,200.0,0.8857326555717683,0.32753675732162224,0.6759806126678642,47981,46384,1789,640,46266,10730101.925979612,1149,3760390.7016537646,568,16344704.573704941,50,15348480.554384576,22,40339531.34040711,0.9866819269586932
2026-01-21,11005,0,0,0.0,0.0,6024403.664775563,16,440700.0,9,950099.0,0,0.0,10980,4633604.664775563,309,10684,10945,107,262,16,47916,86013810.09612998,1795.0957946433339,200.0,0.8853305366763334,0.33409951940232935,0.6731657311161144,47839,46241,1789,642,46127,10778671.993590504,1147,3754823.900113995,570,16378764.842981528,51,15364376.744363721,21,39737172.615080245,0.9866015527172552
2026-01-22,388,0,0,0.0,0.0,50976125.74078972,18,3611614.0,4,1022571.0,0,0.0,366,46341940.74078972,270,65,295,9,232,3,47696,88602853.09613,1857.6579397880325,200.0,0.8890528511982552,0.3325819460605918,0.679589602160383,47618,46021,1797,642,45899,10732089.404850397,1155,3783023.0234539965,567,16374162.981951755,55,18245868.3766422,20,39467709.30923165,0.9865397517611539
2026-01-23,422,0,0,0.0,0.0,112023843.06459121,19,115000.0,3,1505000.0,0,0.0,400,110403843.06459121,166,64,189,13,127,1,47583,87212853.09612998,1832.8573880614922,200.0,0.8875027658985866,0.3152057912056829,0.6758592602010413,47505,45908,1804,643,45779,10707229.69611594,1161,3803702.848465996,568,16258306.177975554,52,15953618.01010187,23,40489996.36347064,0.9864867704852573
2026-01-24,313,0,0,0.0,0.0,40757992.632577814,12,603000.0,3,1013300.0,0,0.0,298,39141692.632577814,216,56,237,6,177,3,47415,86802553.09613001,1830.6981566198463,200.0,0.8873906885498744,0.34777426162797664,0.6779819605213171,47335,45737,1805,645,45610,10672664.780934317,1160,3810698.999107089,573,16268624.189718643,52,15862871.315940097,20,40187693.810429856,0.9863967099019297
2026-01-25,239,0,0,0.0,0.0,43850907.556832016,20,698820.0,4,1163000.0,0,0.0,215,41989087.556832016,82,78,109,14,29,4,47404,86338373.09613,1821.3309656596489,200.0,0.8866920892121745,0.31555859843019685,0.6727832044764573,47325,45729,1815,647,45589,10669333.297820102,1168,3828867.97419117,573,16353164.50322043,52,16242191.315940097,22,39244816.0049582,0.986351362754198
2026-01-26,405,0,0,0.0,0.0,47774417.30729514,31,1964500.0,9,2901947.0,0,0.0,365,42907970.30729514,179,82,208,12,122,4,47298,85400926.09613,1805.5927543686837,200.0,0.8856794485477729,0.31038579501643376,0.6669900459270005,47215,45616,1819,650,45479,10646479.372989085,1169,3814671.7935658707,574,16378207.310508925,54,16054333.277579106,22,38507234.34148701,0.9862573470337012
2026-01-27,390,0,0,0.0,0.0,42018289.72825639,23,1915600.0,8,2260439.0,0,0.0,359,37842250.72825639,188,69,215,13,142,0,47169,85056087.09613,1803.2200618230193,200.0,0.8854517529886005,0.29771965395958266,0.6650886704780696,47085,45486,1825,652,45344,10618875.292453561,1173,3836048.2708154814,576,16431323.65002897,53,15846971.065416038,23,38322868.817415945,0.9861773622506307
2026-01-28,11312,0,0,0.0,0.0,34621072.61724025,20,324000.0,2,178000.0,0,0.0,11290,34119072.61724025,214,10728,10885,163,160,7,47179,85202087.09613,1805.9324507965407,200.0,0.8856102142209663,0.27648305524205824,0.6605762118257075,47095,45376,1840,658,45339,10693241.91883855,1182,3852992.285749712,581,16673380.957936198,53,16425538.580267575,24,37556933.353337966,0.986053116852837
2026-01-29,344,0,0,0.0,0.0,58426648.59612434,19,1150000.0,1,3000.0,0,0.0,324,57273648.59612434,81,79,108,13,31,4,47165,86349087.09613,1830.7873867514047,200.0,0.8872190253166774,0.30320128818744085,0.6685636335175208,47082,45362,1837,654,45328,10693170.415503282,1183,3857765.4284981634,580,16668291.832219016,50,14948704.978553398,24,40181154.44135614,0.9861337856461359
2026-01-30,394,0,0,0.0,0.0,55942961.555552796,24,1964562.35,4,1084200.0,0,0.0,366,52894199.205552794,134,76,159,7,79,2,47095,87229449.44613,1852.201920503875,200.0,0.8884602859830073,0.319271194484981,0.6690588192493142,47013,45293,1845,659,45250,10677548.225957636,1186,3863395.4285769053,584,16826873.341399975,52,15011781.931262301,23,40849850.51893318,0.9860070071132817
2026-01-31,353,0,0,0.0,0.0,66066189.17077044,15,324000.0,3,52294.0,0,0.0,335,65689895.17077044,131,74,153,8,81,4,47026,87501155.44613001,1860.6973896595503,200.0,0.8889609702222574,0.3247783503397687,0.6703399518488645,46940,45219,1848,663,45178,10660268.20971822,1185,3861399.624473858,589,16923967.283459123,51,14637039.409861026,23,41418480.91861777,0.9859014162378259
2026-02-01,232,0,0,0.0,0.0,42173229.98928793,14,303000.0,2,14000.0,0,0.0,216,41856229.98928793,51,56,62,7,4,1,47030,87790155.44613001,1866.684147270466,200.0,0.8893206241554671,0.33418807053294236,0.6728332663887433,46946,45224,1852,662,45178,10660038.738171294,1190,3875269.649215659,590,16986710.01314786,50,14929714.385265915,22,41338422.66032927,0.985923878375505
2026-02-02,228,0,0,0.0,0.0,23678656.940267533,11,326000.0,8,455139.0,0,0.0,209,22897517.940267533,63,54,76,6,18,2,47020,87661016.44613001,1864.3346755876225,200.0,0.8891776892577413,0.32637948160796326,0.6725898076508809,46934,45213,1854,660,45166,10657340.978225626,1194,3889128.497503536,588,16954640.780417547,50,15549149.085068235,22,40610757.10491505,0.9859634198213526
2026-02-03,217,0,0,0.0,0.0,19895970.355689578,13,605000.0,5,2087100.0,0,0.0,199,17203870.355689578,51,58,69,6,8,2,47020,86178916.44613,1832.8140460682687,200.0,0.8872794664661784,0.3257236831399058,0.6667197511771193,46933,45211,1858,661,45162,10656136.174898991,1197,3903818.4150597784,590,17061776.126493685,49,14486671.655837882,22,40070514.07383966,0.9859421522756274
2026-02-04,10676,0,0,0.0,0.0,30859272.407293823,15,2476000.0,3,108015.0,0,0.0,10658,28275257.407293823,78,10420,10458,102,38,10,47094,88546901.44613,1880.2161941251538,200.0,0.8901090263515828,0.3532126250216268,0.674579339010528,47005,45266,1859,662,45235,10748164.475286365,1197,3905027.512296937,590,16961799.209585957,52,15656026.751641883,20,41275883.49731886,0.9859430076018176
2026-02-05,244,0,0,0.0,0.0,23441457.70808828,15,621000.0,0,0.0,0,0.0,229,22820457.70808828,117,62,140,9,75,6,47034,89167901.44613001,1895.8179496987286,200.0,0.8909259203269916,0.3514803047393572,0.6742115965916302,46945,45207,1870,664,45164,10734405.784955613,1206,3940261.242296937,591,17075201.22015702,52,15077272.025465684,21,42340761.17325474,0.9858825530467321
2026-02-06,240,0,0,0.0,0.0,16539116.24709266,10,1315000.0,2,62345.0,0,0.0,228,15161771.24709266,153,58,169,4,110,1,46929,90420556.44613001,1926.7522522561744,200.0,0.8926711093661774,0.36863963846389575,0.680598869498685,46842,45105,1868,664,45061,10714342.772864327,1204,3924740.206430543,592,17041344.97015702,51,14407527.258672468,21,44332601.23800564,0.9858509663534275
2026-02-07,97,0,0,0.0,0.0,4922770.603016248,6,189000.0,2,6000.0,0,0.0,89,4727770.603016248,73,30,85,5,53,1,46882,90603556.44613001,1932.587271151615,200.0,0.8929857213500533,0.3715530544956402,0.6822039752959004,46795,45058,1869,665,45013,10704695.497615028,1204,3923878.0764305433,594,17064876.488588043,50,14246078.237768637,21,44664028.145727746,0.9858154515592338
2026-02-08,137,0,0,0.0,0.0,37493164.05327832,11,407000.0,3,73600.0,0,0.0,123,37012564.05327832,49,50,65,9,10,4,46885,90936956.44613,1939.5746282634102,200.0,0.8933130275334484,0.3517234224592027,0.6801107542939338,46798,45058,1873,667,45012,10703982.778259384,1206,3927791.547044373,595,17257980.079054173,50,15062544.49251578,22,43984657.549256295,0.9857737016103232
2026-02-09,276,0,0,0.0,0.0,47568678.79093703,11,1365000.0,2,151500.0,0,0.0,263,46052178.79093703,102,62,120,2,56,1,46832,92150456.44613,1967.6814239436708,200.0,0.8947948399362815,0.3635534722450155,0.6836575559496041,46746,45008,1876,668,44956,10693236.876990423,1208,3934999.7108518393,596,17322864.02468607,50,14697737.423648037,22,45501618.40995363,0.9857362487188247
2026-02-10,308,0,0,0.0,0.0,50257956.3126389,9,1086000.0,5,2003000.0,0,0.0,294,47168956.3126389,144,45,157,8,111,0,46729,91233456.44613001,1952.3947965103043,200.0,0.8939522560923364,0.3522454371478394,0.6827151795357086,46643,44904,1876,668,44853,10672330.807024846,1208,3939435.5384199163,596,17135224.503402345,49,14349896.848907461,23,45136568.74837543,0.9857048085771148
2026-02-11,341,0,0,0.0,0.0,27192244.171951387,8,427000.0,2,1037800.0,0,0.0,331,25727444.171951387,210,52,227,6,174,3,46564,90622656.44612998,1946.1956972367059,200.0,0.8935107390139685,0.34308535695277653,0.6782241057185792,46477,44739,1882,670,44682,10638075.251732398,1212,3957715.201648698,596,17164395.866730362,51,14771163.691189205,23,44091306.43482934,0.9856112017867881
2026-02-12,10634,0,0,0.0,0.0,48398244.275734976,6,240000.0,3,746432.0,0,0.0,10625,47411812.275734976,202,10351,10516,93,157,13,46513,90116224.44613,1937.4416710624985,200.0,0.8929683032375074,0.3428338954360251,0.6766563896967998,46425,44606,1879,668,44634,10707263.002747538,1211,3952402.859281446,596,17278839.49727621,49,14282822.817970905,23,43894896.2688539,0.9856384236665018
2026-02-13,559,0,0,0.0,0.0,132426295.42464864,13,2712000.0,1,50000.0,0,0.0,545,129664295.42464864,86,199,256,21,54,3,46483,92778224.44613001,1995.9603391805608,200.0,0.8959713040084278,0.3360459937875087,0.6793275355128062,46394,44575,1887,673,44596,10703506.7089411,1214,3960636.819153338,595,17287278.355792075,54,15649051.926403191,24,45177750.6358403,0.985521588537745
2026-02-14,197,0,0,0.0,0.0,12400053.871701356,3,173000.0,5,172581.0,0,0.0,189,12054472.871701356,55,49,66,3,16,1,46471,92778643.44613,1996.4847635327408,200.0,0.8959330510918987,0.31541493041953256,0.6783305778827878,46383,44565,1890,675,44581,10700817.827992491,1215,3966246.43696193,597,17376988.357181095,53,16470821.457014773,25,44263769.36697971,0.9854748122484991
2026-02-15,97,0,0,0.0,0.0,7980293.071667017,0,0.0,3,2060000.0,0,0.0,94,5920293.071667017,32,30,41,3,7,1,46468,90718643.44613,1952.2820746778427,200.0,0.893587414269605,0.30036553214095574,0.6712855406140262,46380,44563,1887,673,44581,10701188.007672947,1214,3964090.303621928,594,17255251.525328666,54,16549359.995703992,25,42248753.61380246,0.9855169148661445
2026-02-16,233,0,1,0.0,48251909.55387,8879116.206919001,9,398300.0,5,694313.0,0,0.0,218,7786503.206919001,111,53,126,5,69,2,46406,90422630.44613,1948.511624491014,200.0,0.8933385989531517,0.2902024829273973,0.669322270987681,46319,44502,1889,673,44517,10687943.67431024,1216,3962055.3869619295,592,17150751.025974263,56,17381008.49059017,25,41240871.8682934,0.9854975649700469
2026-02-17,78,0,0,0.0,0.0,5373541.9754909845,7,50000.0,2,1201960.0,0,0.0,69,4121581.9754909845,27,35,40,5,4,1,46408,89270670.44613001,1923.6052069929756,200.0,0.8919637495612603,0.29139233912689644,0.6654013636841946,46321,44506,1892,673,44516,10688004.331643319,1219,3971055.3869619295,593,17210784.875667516,56,17388036.37513311,24,40012789.476724125,0.985498189967247
2026-02-18,10263,0,0,0.0,0.0,10081035.414525181,2,6000.0,3,1313105.0,0,0.0,10258,8761930.414525181,30,10165,10169,93,3,7,46505,87963565.44613001,1891.4861938744223,200.0,0.8900987812681205,0.28990016196227597,0.6598792574420762,46417,44582,1890,673,44615,10786374.547794241,1217,3970787.82696193,593,17161070.822824083,57,17544680.378937393,23,38500651.86961236,0.9855284378023869
2026-02-19,61,0,0,0.0,0.0,1229213.7064949814,3,238998.0,0,0.0,0,0.0,58,990215.7064949813,36,39,52,7,8,1,46505,88202563.44613001,1896.6253832089023,200.0,0.8903412118357815,0.2909766474571465,0.6569307076197786,46416,44581,1898,679,44607,10783460.24249618,1219,3975057.8968543867,600,17601072.888234828,54,15178086.209863434,25,40664886.20868117,0.9853994194172669
2026-02-20,49,0,0,0.0,0.0,1586829.240075191,10,275000.0,1,1000000.0,0,0.0,38,311829.240075191,26,30,38,8,3,1,46511,87477563.44613001,1880.79300479736,200.0,0.8894018666043885,0.2940587471270111,0.6527225572957139,46420,44586,1905,681,44606,10781475.952496178,1224,4004789.3845752524,603,17792719.190502524,54,15175036.209863434,24,39723542.70869261,0.9853583023370815
2026-02-21,69,0,0,0.0,0.0,1762852.7101026338,4,48000.0,6,90518.0,0,0.0,59,1624334.7101026338,30,32,37,0,4,2,46509,87435045.44613001,1879.9596948145522,200.0,0.8893719465541394,0.2920047929488637,0.6528269473213136,46416,44582,1901,680,44608,10781734.37154062,1221,3993531.866460558,602,17779825.40063144,54,15348501.465525702,24,39531452.34197168,0.9853791739233266
2026-02-22,236,0,0,0.0,0.0,1941650.38296982,7,671100.0,4,234760.0,0,0.0,225,1035790.3829698199,223,34,235,7,197,4,46323,87871385.44613001,1896.9277776942342,200.0,0.8902625353470606,0.289552288750698,0.6531436868930741,46229,44394,1907,681,44416,10741970.210237728,1226,4008744.366460558,602,17828030.20674394,55,15849279.891066054,24,39443360.77162172,0.9852988796062431
2026-02-23,391,0,0,0.0,0.0,1048382.348974459,3,16000.0,2,17101.0,0,0.0,386,1015281.348974459,371,29,382,3,348,3,45981,87870284.44613001,1911.0129063337033,200.0,0.8909708708586641,0.2903792131870066,0.6546016907002584,45885,44048,1905,680,44076,10674110.792512797,1225,4012412.0696288142,600,17663724.82323906,56,16004332.700763632,24,39515704.0599857,0.9852112829212066
2026-02-24,344,0,0,0.0,0.0,2329567.91250666,8,52000.0,4,1073000.0,0,0.0,332,1204567.9125066602,290,50,306,4,253,0,45732,86849284.44613001,1899.0921990319691,200.0,0.8902395794162722,0.29737155045857555,0.6528477326800735,45636,43799,1904,676,43828,10624683.969576422,1228,4026052.2806084044,597,17599189.76040241,57,16772852.063579228,22,37826506.37196353,0.9852182279366746
2026-02-25,10248,0,0,0.0,0.0,12655604.731683679,10,861995.0,7,1840785.0,0,0.0,10231,9952824.731683679,72,10111,10144,79,27,4,45788,85870494.44613001,1875.3929948049708,200.0,0.8886946354847475,0.29535504133773327,0.6495321786837941,45692,43801,1907,675,43881,10718557.994249512,1232,4041875.3882956747,597,17534411.721335344,56,16213365.905421147,22,37362283.43682832,0.9852581462391893
2026-02-26,66,0,0,0.0,0.0,922415.4886529407,10,252000.0,2,73217.0,0,0.0,54,597198.4886529407,36,34,48,6,10,0,45784,86049277.44613001,1879.4617649425566,200.0,0.8889382572402177,0.29535196705220906,0.6499942324678532,45688,43795,1907,674,43877,10717433.950760597,1233,4045997.56133039,595,17454311.886028394,57,16416710.690874828,22,37414823.35713579,0.9852786999825266
2026-02-27,186,0,0,0.0,0.0,855445.8461728914,15,216000.0,1,10000.0,0,0.0,170,629445.8461728914,144,43,159,7,118,2,45675,86255277.44613001,1888.4570869431857,200.0,0.8894153047790903,0.2966210556287523,0.6504874693092092,45577,43686,1909,675,43766,10695725.710018525,1234,4043397.4365802007,596,17508177.159034453,57,16422845.690874828,22,37585131.449622,0.9852216748768473
2026-02-28,142,0,0,0.0,0.0,1812678.1602546126,9,251000.0,4,1045048.0,0,0.0,129,516630.16025461257,97,47,114,8,63,1,45621,85461229.44613,1873.28707056246,200.0,0.8884765400011307,0.288410505440792,0.6459686623841869,45522,43632,1911,677,43710,10684436.25489153,1234,4042085.2441370133,598,17629431.87607678,57,16457359.690874828,22,36647916.38014985,0.9851603428245764
2026-03-01,87,0,0,0.0,0.0,3540662.264177367,13,445000.0,2,2000000.0,0,0.0,72,1095662.2641773673,62,36,75,9,33,1,45598,83906229.44613001,1840.129598801044,200.0,0.8864330506306938,0.270738617082442,0.6377464806747771,45497,43606,1915,679,43683,10679389.736008942,1236,4043929.7832758464,600,17772007.390885446,57,16694246.011112452,22,34716656.524847314,0.9851089960085969
2026-03-02,116,0,0,0.0,0.0,6151531.397707258,17,1895199.0,1,3400.0,0,0.0,98,4252932.397707258,57,55,81,19,24,2,45595,85798028.44613001,1881.742042902292,200.0,0.8887375673829911,0.2711307404475894,0.6323296550181028,45494,43601,1931,692,43664,10674289.918948624,1239,4066051.2732758466,607,18305049.525330774,63,17490154.74703219,22,35262482.98154257,0.9848228972475052
2026-03-03,205,0,0,0.0,0.0,8727280.226818092,7,574500.0,2,38341.0,0,0.0,196,8114439.226818092,73,61,96,14,28,4,45585,86334187.44613001,1893.9165832210158,200.0,0.8894053628762102,0.2793103847689742,0.6336792571757413,45480,43588,1939,699,43646,10670780.614806931,1240,4073735.175519703,616,18581487.886068497,62,17894148.655439556,21,35114035.11429532,0.9846660085554458
2026-03-04,10393,0,0,0.0,0.0,13260195.404125785,7,1430000.0,4,259577.0,0,0.0,10382,11570618.404125785,141,10093,10135,84,42,13,45640,87504610.44613,1917.2789317732252,200.0,0.890552725133695,0.2775286800567371,0.634241640438952,45535,43632,1942,701,43698,10762240.973170273,1241,4081995.5101569416,616,18661306.287477836,63,17714028.639331527,22,36285039.03599343,0.9846406660823839
2026-03-05,191,0,0,0.0,0.0,5861714.338121169,8,548000.0,4,1479410.46837,0,0.0,179,3834303.8697511693,87,58,103,7,40,1,45608,86573199.97776,1898.20206932468,200.0,0.8894826597733434,0.2731536749031282,0.6323010599131096,45502,43597,1941,699,43667,10755435.65105424,1242,4092995.7547495104,616,18684442.465949,61,17392538.383958686,22,35647787.722048566,0.9846737414488687
2026-03-06,252,0,0,0.0,0.0,6866418.642557779,6,1120780.0,3,1161000.0,0,0.0,243,4584638.642557779,113,58,130,5,67,2,45548,86532979.97776,1899.819530555897,200.0,0.889459199214386,0.2645991146730817,0.6275107839404953,45444,43538,1947,705,43601,10742566.156720314,1242,4099865.1787682166,619,18790170.539720103,64,18003828.210412562,22,34896549.89213881,0.9845218231316414
2026-03-07,35,0,0,0.0,0.0,573173.7647084269,5,34000.0,0,0.0,0,0.0,30,539173.7647084269,18,21,26,7,3,0,45552,86566979.97775999,1900.3991038321037,200.0,0.8894566567734252,0.263688191115981,0.6264971991010216,45449,43544,1951,706,43601,10743566.689790264,1245,4107840.0655055624,620,18881602.73176332,64,18007280.129991975,22,34826690.36070888,0.9845012293642431
2026-03-08,165,0,0,0.0,0.0,6571523.447057537,7,1390000.0,1,343150.0,0,0.0,157,4838373.447057537,42,44,57,2,11,4,45547,87613829.97776,1923.591674045711,200.0,0.8907109533544786,0.26405138086603214,0.6272039298320997,45445,43540,1955,711,43592,10742198.951506626,1244,4098030.0588718355,622,18921862.497689042,67,18717185.681103207,22,35134552.78858929,0.9843897512459657
2026-03-09,262,0,0,0.0,0.0,8587272.425450819,9,829000.0,4,471000.0,0,0.0,249,7287272.425450819,45,44,56,7,8,0,45546,87971829.97776,1931.4940933948096,200.0,0.8912160522679293,0.265127087399357,0.6319771964820277,45442,43537,1951,706,43595,10742995.79766022,1245,4100599.2533984384,618,18732044.44796298,66,19072475.423543412,22,35323715.05519495,0.9844991876344794
2026-03-10,274,0,0,0.0,0.0,9822267.545503117,12,435000.0,4,1942910.0,0,0.0,258,7444357.545503117,45,58,66,8,4,2,45552,86463919.97775999,1898.1366345662098,200.0,0.8893262680490727,0.27118221525366354,0.6256119578354536,45446,43541,1955,708,43597,10742971.480305925,1247,4105349.605632545,623,19022736.632407106,64,18145384.90032997,21,34447477.35908446,0.9844573234984194
2026-03-11,9950,0,0,0.0,0.0,2850381.758777703,12,631000.0,2,13400.0,0,0.0,9936,2205981.758777703,63,9786,9814,44,27,10,45579,87081519.97776,1910.5623198788917,200.0,0.8896617114823977,0.2690302354159489,0.6249558506310268,45477,43567,1960,710,43619,10837056.041477084,1250,4106462.226582194,622,18915896.317756966,67,18794543.571948327,21,34427561.81999543,0.9844226507821584
2026-03-12,294,0,0,0.0,0.0,3307857.2227470665,11,234870.46837,1,143500.0,0,0.0,282,2929486.7543770666,94,56,112,4,55,1,45529,87172890.44613001,1914.6673646715283,200.0,0.8898547214568225,0.27174313958386076,0.6253909413746571,45428,43521,1959,710,43570,10829545.092643365,1249,4107959.6345006884,621,18818249.700530834,69,19728501.082023803,20,33688634.93643131,0.9844055437193876
2026-03-13,519,0,0,0.0,0.0,12233191.387854058,15,2177000.0,7,342175.0,0,0.0,497,9714016.387854058,90,196,233,20,33,4,45520,89007715.44613001,1955.3540300116433,200.0,0.8920896843473533,0.2702245538124939,0.6314002028751174,45418,43507,1965,712,43555,10829458.233717358,1253,4109128.757542199,620,18669638.864733227,71,20347419.39783732,21,35052070.1922999,0.9843585237258348
2026-03-14,89,0,0,0.0,0.0,2132648.9442238226,11,1084000.0,0,0.0,0,0.0,78,1048648.9442238228,33,46,55,12,4,0,45528,90091715.44613001,1978.8199667485944,200.0,0.8933578860021812,0.27853468946419757,0.635879306975359,45424,43513,1971,715,43557,10829154.799729187,1256,4109586.3290498685,624,18765516.735244542,70,20293789.597021725,21,36093667.98508468,0.9842953786680724
2026-03-15,117,0,0,0.0,0.0,4197529.494766969,17,487000.0,1,3000.0,0,0.0,99,3707529.4947669692,32,52,58,15,1,1,45543,90575715.44613001,1988.7955436868456,200.0,0.8938363853488757,0.28837546909400485,0.6349461625655913,45437,43526,1984,719,43559,10829251.336304696,1265,4134189.129331068,626,18801572.036341023,73,20690888.51385037,20,36119814.43030284,0.9842127220429046
2026-03-16,569,0,0,0.0,0.0,6949382.095358016,20,356000.0,7,599323.0,0,0.0,542,5994059.095358016,90,78,124,19,40,1,45523,90332392.44613,1984.32424150715,200.0,0.8935277370511141,0.27541173594133167,0.6334595357217794,45416,43505,1993,724,43530,10823652.758701522,1269,4145992.132262041,631,18840832.17560336,72,20643314.364240784,21,35878601.0153223,0.9840959514970454
2026-03-17,417,0,0,0.0,0.0,4841786.611579203,13,245000.0,4,1413669.0,0,0.0,400,3183117.6115792035,111,70,138,10,66,1,45468,89163723.44613,1961.0214534646343,200.0,0.8922431293827168,0.2671286258692964,0.6301147235777483,45360,43452,1996,721,43472,10812936.10183482,1275,4168002.9837349495,629,18799409.40813923,71,20565192.03086633,21,34818182.92155467,0.9841426937626463
2026-03-18,10315,0,0,0.0,0.0,6633227.558409139,20,1335642.0,3,106000.0,0,0.0,10292,5191585.558409139,215,9896,10067,71,166,14,45387,90393365.44613001,1991.6135775911607,200.0,0.8935965981781429,0.27054125932919487,0.632329908152376,45280,43321,2000,725,43387,10879606.372623328,1275,4172292.695231891,630,18683037.90813923,73,20203293.54733541,22,36455134.922800146,0.9840262630268579
2026-03-19,722,0,0,0.0,0.0,6506505.101992162,10,148500.0,4,2083000.0,0,0.0,708,4275005.101992162,419,55,440,9,377,2,45021,88458865.44612998,1964.8356421698759,200.0,0.8920282146522075,0.275005705649714,0.626776336601619,44913,42953,2001,723,43020,10807287.850408275,1278,4182459.9605042515,630,18725194.010956585,73,20417230.911274813,20,34326692.712986074,0.9839408276137802
2026-03-20,2400,0,0,0.0,0.0,6075979.753459909,12,780000.0,2,1003136.0,0,0.0,2386,4292843.753459909,2117,70,2138,17,2067,3,42974,88235729.44613001,2053.2351991001537,200.0,0.8956378307831488,0.2773873212037771,0.6268760489461336,42859,40899,2014,730,40960,10393418.510333775,1284,4203525.599824158,636,18925919.884902082,74,20237392.82554675,20,34475472.62552324,0.9830129845953367
2026-03-21,2275,0,0,0.0,0.0,4815507.056489112,4,108000.0,3,1761770.0,0,0.0,2268,2945737.0564891114,2163,44,2175,4,2129,0,40849,86581959.44613,2119.5612976114467,200.0,0.8977435940646764,0.27262014638558746,0.6246666909269023,40733,38774,2015,731,38834,9968958.849790473,1284,4215114.610246163,638,19013019.88491208,73,19780879.642626327,20,33603986.45855495,0.9821048250875174
2026-03-22,2632,0,0,0.0,0.0,2469382.323440845,6,163000.0,4,50000.0,0,0.0,2622,2256382.323440845,2478,77,2495,5,2415,2,38441,86694959.44613001,2255.2732615210325,200.0,0.9024332156579566,0.2728040475662617,0.6328645242518987,38324,36366,2018,730,36423,9486192.645532737,1288,4230975.025772474,637,18811627.50991208,73,20515428.424415536,20,33650735.84049718,0.9810098592648474
2026-03-23,2998,0,0,0.0,0.0,7129812.701411167,11,409000.0,0,0.0,0,0.0,2987,6720812.701411167,2638,81,2665,5,2585,0,35861,87103959.44613,2428.9328085142633,200.0,0.9076439477611891,0.28379961450676927,0.644336409547296,35745,33787,2018,729,33843,8967942.27749652,1289,4230319.729268313,641,18981444.952492483,66,18204182.374047723,22,36720070.112824954,0.9796715094392237
2026-03-24,3248,0,0,0.0,0.0,4145051.3135083243,9,346000.0,2,503000.0,0,0.0,3237,3296051.3135083243,3045,66,3066,4,2995,0,32870,86946959.44613001,2645.1767400708854,200.0,0.9127063722582673,0.2940326875842239,0.6514240646861209,32753,30793,2020,727,30850,8369066.294099143,1293,4252316.465041046,640,18986234.952492483,65,17774093.571275193,22,37565248.16322213,0.9778825676909035
2026-03-25,12118,0,0,0.0,0.0,5849133.564762028,11,476000.0,4,1115841.0,0,0.0,12103,4257292.564762028,2344,9694,11974,46,2279,10,30647,86307118.44612998,2816.168579180017,200.0,0.9152136536956661,0.2911519230263462,0.6527058190778975,30530,28575,2024,728,28623,8013685.049563193,1296,4272831.606439931,641,18987443.352492485,65,17904674.93118101,22,37128483.50645338,0.9762456357881685
2026-03-26,1956,0,0,0.0,0.0,10617294.475282345,11,422000.0,2,78000.0,0,0.0,1943,10117294.475282345,1658,83,1686,6,1609,1,29045,86651118.44613,2983.3402804658285,200.0,0.9182055294686562,0.3069651973852341,0.6624009533811615,28931,26974,2015,719,27030,7695336.633759271,1296,4278547.989617786,633,18679450.35249249,64,17398905.792792864,22,38598877.67746759,0.9752453090032708
2026-03-27,1170,0,0,0.0,0.0,1638053.807947644,3,53000.0,1,10000.0,0,0.0,1166,1575053.807947644,997,51,1022,1,969,9,28086,86694118.44613,3086.7378211966816,200.0,0.9195657845421409,0.3073954694015165,0.6629959687113829,27970,26013,2023,728,26063,7501208.646978293,1295,4275841.919617786,642,18839216.83876261,64,17428471.806672506,22,38649379.2340988,0.9740796126183864
2026-03-28,1248,0,0,0.0,0.0,27016259.20507728,10,1136000.0,2,348349.0,0,0.0,1236,25531910.20507728,739,71,763,7,691,1,27403,87481769.44613,3192.415773679159,204.0,0.9211861985720863,0.3114681128595614,0.6655867984271058,27285,25329,2026,731,25377,7363423.784007335,1295,4285964.976972183,644,18905669.83876261,65,17678929.207386523,22,39247781.63900135,0.9733240886034376
2026-03-29,584,0,0,0.0,0.0,2244247.3384825434,5,199000.0,0,0.0,0,0.0,579,2045247.3384825436,498,64,516,3,450,1,26957,87680769.44613001,3252.615997556479,226.65,0.9220178347728446,0.31443289371908173,0.6687354627098674,26839,24882,2027,724,24930,7273617.10408025,1303,4341580.076972184,636,18630332.33876261,66,17865521.865852654,22,39569718.0604623,0.9731424119894647
2026-03-30,591,0,0,0.0,0.0,4657231.927130895,15,1201900.0,4,228900.0,0,0.0,572,3226431.9271308947,373,67,405,7,340,2,26626,88653769.44613,3329.5939850570867,249.17,0.9232090027075283,0.3107431167652855,0.6710041830128207,26508,24550,2030,735,24596,7207179.049177777,1295,4283632.919982184,646,18775907.33876261,66,17838501.507525954,23,40548548.63068147,0.9723954029895591
2026-03-31,1581,0,0,0.0,0.0,6858331.532530704,14,1359228.0,2,1003200.0,0,0.0,1565,4495903.532530704,1264,79,1297,13,1221,0,25418,89009797.44613001,3501.841114412228,290.4,0.9250230315121063,0.31006171867574084,0.6727832352353235,25301,23344,2028,730,23390,6966691.402534444,1298,4292416.786384767,638,18666389.763762612,69,18485768.71832154,23,40598530.775126636,0.9712801951373042
2026-04-01,802,0,0,0.0,0.0,5897454.265407721,10,999000.0,2,101000.0,0,0.0,790,4797454.265407721,572,53,595,5,538,2,24887,89907797.44613,3612.641035324868,303.11,0.9263513864927522,0.3140086613938834,0.6766386162921953,24769,22813,2032,730,22855,6859785.307680761,1302,4302568.34168555,637,18610356.13893532,70,18903260.532896683,23,41231827.124931686,0.9706674167235906
2026-04-02,1041,0,0,0.0,0.0,4623157.168350123,13,1491000.0,4,289779.0,0,0.0,1024,2842378.168350123,882,63,908,7,842,3,24055,91109018.44613001,3787.5293471681566,335.27,0.9282627768269285,0.31330332732885224,0.6849826916203705,23936,21979,2033,728,22022,6693105.741341232,1305,4305263.34168555,634,18302548.67698309,69,18263342.057281822,25,43544758.62883831,0.9697360216171275
2026-04-03,721,0,0,0.0,0.0,10527185.298942847,13,1991000.0,4,606501.0,0,0.0,704,7929684.298942847,429,65,451,10,386,1,23680,92493517.44613001,3905.9762435021116,340.545,0.9297979421016469,0.30487187553135153,0.6945789993291327,23560,21604,2030,724,21650,6618532.648305386,1306,4295574.797361495,633,18235355.20829846,63,16981268.312370025,28,46362786.47979463,0.9694256756756757
2026-04-04,481,0,0,0.0,0.0,14225007.09212023,8,408000.0,5,1289314.0,0,0.0,468,12527693.09212023,51,58,66,3,7,0,23676,91612203.44613001,3869.4122084021797,340.545,0.9292661593337803,0.31472476344533884,0.6956198124862119,23557,21602,2028,718,21648,6618810.063622096,1310,4315924.316692754,629,18050205.283169508,62,16791120.782454923,27,45836143.00019072,0.9696739314073323
2026-04-05,281,0,0,0.0,0.0,11450867.570214758,13,364674.0,2,1012000.0,0,0.0,266,10074193.570214758,49,60,69,11,4,0,23683,90964877.44613001,3840.935584433138,340.55,0.928772579536229,0.3183492035151437,0.6946968670051652,23563,21607,2034,720,21649,6617948.729588371,1314,4317860.33967937,632,18036053.007526927,62,17030905.144605994,26,44962110.224729344,0.9695984461428029
2026-04-06,544,0,0,0.0,0.0,20659373.55126438,23,1295100.0,7,2323422.0,0,0.0,514,17040851.55126438,55,81,88,22,6,0,23699,89936555.44613001,3794.951493570615,343.42,0.9278348701306994,0.31616902301195815,0.6898550467458283,23579,21622,2047,720,21652,6619008.272669092,1327,4365999.183879228,632,18108361.328132894,63,17408033.79298506,25,43435152.868463725,0.9696189712646103
2026-04-07,450,0,0,0.0,0.0,16476450.704124333,23,1373000.0,10,2900426.0,0,0.0,417,12203024.704124333,51,72,79,17,6,0,23710,88409129.44613001,3728.769694058625,344.64,0.9264645490513856,0.30784062261834466,0.6834934393361748,23591,21635,2061,722,21649,6618410.801713125,1339,4396113.571777219,633,18067545.118787188,64,17111138.50000998,25,42215921.45384249,0.9695487136229439
2026-04-08,473,0,0,0.0,0.0,17124120.57273773,13,159000.0,9,1588002.0,0,0.0,451,15377118.572737731,55,74,82,14,7,4,23721,86980127.44613001,3666.798509596139,344.96,0.9250104212206289,0.2875411290053265,0.674718121014806,23604,21650,2077,728,21644,6617933.34065186,1349,4427512.133323045,638,18247613.816073902,65,17676704.10919378,25,40010364.04688741,0.9693098941865858
2026-04-09,434,0,0,0.0,0.0,13438223.444618361,13,943000.0,11,1489271.0,0,0.0,410,11005952.444618361,50,63,71,11,5,2,23729,86433856.44613001,3642.541044550129,344.8,0.9245497619000462,0.287860506754976,0.6726953777751218,23611,21653,2081,728,21648,6617099.89195157,1353,4431533.074834559,637,18141567.764753804,67,18362761.997220237,24,38880893.71736983,0.9693202410552488
2026-04-10,234,0,0,0.0,0.0,4454540.256461431,11,476000.0,4,77272.0,0,0.0,219,3901268.2564614317,43,54,61,8,4,0,23733,86832584.44613001,3658.72769755741,344.96,0.9248349691083553,0.29110790965958655,0.673492536393318,23615,21657,2086,731,21647,6617174.291858249,1355,4430731.494834559,640,18203581.119226128,67,18303445.391758632,24,39277652.14845243,0.9691990056040113
2026-04-11,308,0,0,0.0,0.0,15043409.457191577,8,1222000.0,5,1136000.0,0,0.0,295,12685409.457191577,48,61,68,10,4,0,23739,86918584.44613001,3661.425689630145,345.07,0.9248311844564887,0.2899290004122352,0.672635239323435,23621,21664,2091,731,21648,6617714.011609117,1360,4446943.190554755,639,18189424.39338927,68,18464284.54486393,24,39200218.30571292,0.969206790513501
2026-04-12,156,0,0,0.0,0.0,1442100.2158986628,8,109000.0,3,10979.0,0,0.0,145,1322121.2158986628,39,45,54,7,4,0,23742,87016605.44613001,3665.091628596159,345.14,0.9249486071772621,0.29216791204291015,0.6750949565945179,23624,21667,2092,728,21650,6619275.065516226,1364,4460283.516791252,637,18092575.3871651,67,18421011.5503999,24,39423459.92625752,0.9693370398450004
2026-04-13,541,0,0,0.0,0.0,4002130.959219109,17,724000.0,2,184739.0,0,0.0,522,3093391.959219109,60,220,231,21,9,7,23761,87555866.44613001,3684.856127525357,345.21,0.9252142629957383,0.2909110219294295,0.6722299668078758,23644,21680,2105,733,21656,6619795.652401879,1372,4474930.55180564,642,18503463.047005706,67,18486710.61115645,24,39470966.58376032,0.969151130002946
2026-04-14,257,0,0,0.0,0.0,2418864.2069030832,7,44000.0,5,349746.0,0,0.0,245,2025118.2069030832,46,50,65,8,10,1,23760,87250120.44613001,3672.1431164196133,345.14,0.9250738341061273,0.29301494383313004,0.676346942377811,23642,21678,2103,731,21657,6620306.399100978,1372,4477603.604920078,642,18240858.25627318,65,18345763.043879148,24,39565589.14195661,0.9692340067340067
2026-04-15,380,0,0,0.0,0.0,11207657.723689822,9,679000.0,5,671215.0,0,0.0,366,9857442.723689822,52,67,76,5,6,1,23760,87257905.44613001,3672.470767934765,345.21,0.9250345130154224,0.28937659726426523,0.6760917071985069,23645,21679,2104,734,21656,6621036.383858404,1370,4472751.887148229,644,18169770.915483437,66,18743950.49723183,24,39250395.7624081,0.9691077441077441
2026-04-16,292,0,0,0.0,0.0,4607039.542545135,15,1528000.0,4,12939.0,0,0.0,273,3066100.542545135,41,51,57,5,4,1,23762,88772966.44613001,3735.9214900315633,345.03499999999997,0.9263156726739329,0.2998341923754621,0.6819489032161477,23646,21677,2103,738,21659,6620046.581078294,1365,4456987.187188896,648,18157305.574680578,66,18921456.40403284,24,40617170.699149385,0.9689420082484639
2026-04-17,504,0,0,0.0,0.0,8472546.06258158,7,81730.0,4,892401.0,0,0.0,493,7498415.062581579,48,59,68,10,6,2,23768,87962295.44613001,3700.870727285847,345.21,0.92550168440287,0.2908928335247282,0.6749822919920347,23651,21684,2109,742,21659,6619901.18035356,1367,4461943.537253363,650,18307458.93941372,68,18985390.4234453,24,39587601.36566405,0.9687815550319757
2026-04-18,229,0,0,0.0,0.0,5113900.197787798,7,112000.0,1,3469.0,0,0.0,221,4998431.197787798,39,45,49,1,3,3,23769,88070826.44613,3705.281099168244,345.22,0.9255663021480285,0.2935645997012218,0.6748214794451993,23651,21684,2112,743,21657,6618941.95141717,1369,4469691.478324637,650,18250107.618049353,69,18877608.487324912,24,39854476.91101393,0.9687407968362153
2026-04-19,209,0,0,0.0,0.0,5144459.863762826,12,1586000.0,0,0.0,0,0.0,197,3558459.8637628257,47,67,76,7,4,6,23778,89656826.44613001,3770.578957276895,345.59,0.926640019538823,0.2898213046953672,0.6760148748207058,23661,21694,2120,750,21658,6619740.463986475,1370,4467764.240896354,655,18459973.434444856,72,21124889.891338818,23,38984458.4154635,0.9684582387080495
2026-04-20,289,0,0,0.0,0.0,7034806.930608493,7,239000.0,8,367531.0,0,0.0,274,6428275.930608493,59,63,76,3,7,2,23776,89528295.44613,3765.4902189657637,345.21,0.9266603776249556,0.28988589675144577,0.6770912625970537,23656,21687,2115,743,21661,6618118.953629871,1372,4473071.317543086,648,18318278.573174834,72,21165836.39175244,23,38952990.210029766,0.96875
2026-04-21,403,0,0,0.0,0.0,22189972.28007833,14,2343000.0,1,10000.0,0,0.0,388,19836972.28007833,48,60,64,7,6,2,23779,91861295.44613001,3863.1269374712983,345.21,0.9284424558471548,0.29487512072572475,0.6844705373493769,23659,21689,2117,745,21662,6618663.698941978,1372,4472015.604699613,649,18294265.886865947,72,21388739.670923404,24,41087610.58469905,0.9686698347281214
2026-04-22,262,0,0,0.0,0.0,18184856.27154557,13,1493406.0,7,2191473.0,0,0.0,242,14499977.271545568,47,62,73,13,8,1,23785,91163228.44613,3832.8033822211473,345.21,0.928003956340405,0.2972081608613931,0.6852023843739264,23661,21691,2118,741,21667,6619258.8533562515,1377,4490629.383099526,648,18288078.711160988,68,19670806.033851903,25,42094455.46466133,0.9688459112886273
2026-04-23,262,0,0,0.0,0.0,7276226.763981899,12,834000.0,2,741524.0,0,0.0,248,5700702.763981899,39,57,60,6,3,0,23788,91255704.44613,3836.2075183340335,345.14,0.9279986038698764,0.29339996228674387,0.6849674552306078,23664,21696,2123,743,21665,6618553.722179067,1380,4500002.603099527,651,18429960.471109286,68,20932767.40679734,24,40774420.24294478,0.9687657642508828
2026-04-24,310,0,0,0.0,0.0,15995669.529725466,8,1236000.0,3,753706.0,0,0.0,299,14005963.529725466,53,59,71,2,10,1,23781,91737998.44613001,3857.6173603351417,344.96,0.9286239279562264,0.30749725458895816,0.6934331152270258,23654,21689,2117,736,21664,6617721.839281618,1381,4503031.848495424,648,18203078.711160988,61,16790059.316409763,27,45624106.7307822,0.9690509230057609
2026-04-25,255,0,0,0.0,0.0,15221691.742951436,7,256000.0,5,1953723.0,0,0.0,243,13011968.742951436,44,53,59,6,2,1,23786,90040275.44613001,3785.4315751336926,345.03499999999997,0.9271778433686598,0.2936930869737736,0.6847538740773098,23659,21693,2121,739,21665,6617802.5317479875,1382,4508931.848495424,650,18358113.63116099,63,18111142.919871684,26,42444284.51485391,0.9689313041284789
2026-04-26,196,0,0,0.0,0.0,5069299.1044802135,6,589003.0,2,387285.0,0,0.0,188,4093011.1044802135,40,49,57,4,6,1,23785,90241993.44613,3794.0716185045194,344.96,0.927364825783168,0.2925996134135105,0.6859011593168568,23657,21689,2122,739,21663,6615258.192684172,1383,4506530.698520077,651,18423116.63116099,61,17126987.14119685,27,43570100.7825679,0.9689299978978347
2026-04-27,381,0,0,0.0,0.0,11720634.330951573,14,1138000.0,4,1409493.0,0,0.0,363,9173141.330951573,54,76,83,9,7,0,23787,89970500.44613,3782.3391115369736,345.21,0.9270645354188994,0.29195351738869024,0.6843782268736409,23662,21695,2129,740,21658,6615058.625397742,1389,4530252.826907823,652,18451337.427567873,61,17037212.99280302,27,43336638.57345354,0.9688905704796738
2026-04-28,201,0,0,0.0,0.0,5326860.183776756,3,299500.0,6,1165357.0,0,0.0,192,3862003.1837767563,32,37,41,1,2,2,23788,89104643.44613,3745.7812109521606,345.14,0.9264446864406066,0.29745363800195984,0.6833082167730112,23662,21695,2127,739,21661,6615942.077226097,1388,4526173.97373187,652,18376592.375801966,61,17081356.5963401,26,42504578.423029974,0.9689339162602993
2026-04-29,623,0,0,0.0,0.0,17490815.978173196,8,707000.0,3,1050222.0,0,0.0,612,15733593.978173194,45,65,69,7,2,4,23797,88761421.44613001,3729.941650045384,345.45,0.9259818749811012,0.2938491169384905,0.6776676371393688,23672,21707,2136,742,21661,6617015.757779476,1394,4536022.556859933,652,18457640.39095997,66,19068277.43038013,24,40082465.31015049,0.9688195991091314
2026-04-30,817,0,0,0.0,0.0,18027844.60167087,13,1837469.0,5,735977.0,0,0.0,799,15454398.60167087,46,59,61,2,4,2,23797,89862913.44613001,3776.228661013153,345.54,0.9268466444184377,0.2925408229128812,0.6810439342559486,23672,21707,2137,744,21660,6616038.692844572,1393,4527505.747860766,656,18718776.888370495,63,18711943.40106316,25,41288648.715991005,0.9687355549018783
2026-05-01,511,0,0,0.0,0.0,9375873.467174822,10,1973500.0,5,883898.0,0,0.0,496,6518475.467174822,44,56,63,3,1,1,23800,90952515.44613,3821.5342624424366,345.565,0.9277096409020834,0.30586280726775344,0.6846236940655229,23674,21707,2139,745,21661,6615535.308763653,1394,4540451.842532161,657,18728281.18555314,63,18249177.339752894,25,42819069.76952815,0.9686974789915966
2026-05-02,131,0,0,0.0,0.0,2034596.795478188,9,192000.0,2,395505.0,0,0.0,120,1447091.795478188,30,39,45,6,2,1,23805,90749010.44613,3812.1827534606173,345.59,0.9275205662230619,0.30486956552150785,0.6845023423073582,23678,21711,2144,746,21661,6615259.245305318,1398,4552806.1425321605,658,18663034.845841635,63,18251220.759121336,25,42666689.45332955,0.9686620457886999
2026-05-03,432,0,0,0.0,0.0,6951153.200740062,7,1101300.0,2,13469.65,0,0.0,423,5836383.550740061,38,46,53,4,3,0,23806,91836840.79613,3857.7182557393094,345.69,0.9283046183877219,0.3078463078652867,0.6862703420919165,23681,21713,2145,746,21661,6615642.736432689,1399,4562854.34979298,655,18533443.560103323,66,18853189.71758913,25,43271710.432211876,0.9686633621776023
2026-05-04,496,0,0,0.0,0.0,6771524.067107047,18,1455000.0,5,653605.0,0,0.0,473,4662919.067107047,46,63,68,7,3,2,23812,92638235.79613,3890.401301702083,345.87,0.9288603458247136,0.30495279182860113,0.6894735720840922,23686,21718,2153,744,21659,6614267.651924039,1409,4598909.238176466,653,18453443.560103323,65,18721248.64270895,26,44250366.70321722,0.9687552494540568
2026-05-05,351,0,0,0.0,0.0,3308336.3566325367,6,80000.0,1,3000.0,0,0.0,344,3225336.3566325367,38,48,53,5,1,0,23816,92715235.79613,3892.9810126020325,346.39,0.9288537970284906,0.3055667551261111,0.6896624635772184,23691,21723,2157,749,21659,6614758.32608088,1408,4599083.556341257,658,18459175.983406134,67,20711446.1102149,24,42330771.82008683,0.9685505542492442
2026-05-06,472,0,0,0.0,0.0,5548311.05254913,9,429000.0,4,1339799.0,0,0.0,459,3779512.0525491307,64,71,86,2,11,1,23808,91804436.79613,3856.0331315578796,345.805,0.9282407256469415,0.30012972873403226,0.6877702690622138,23680,21709,2155,748,21653,6610739.49165449,1407,4598794.236507971,658,18454540.871588204,66,20587043.417065103,24,41553318.77931423,0.9685819892473119
2026-05-07,307,0,0,0.0,0.0,2277830.5129343877,10,795319.0,3,304060.0,0,0.0,294,1178451.5129343877,40,51,60,6,5,2,23811,92295695.79613,3876.178900345639,345.82,0.928522117915955,0.29755751301992256,0.6862591522752695,23680,21708,2158,751,21653,6609668.942270961,1407,4601938.651957801,659,18545322.246192917,68,21075410.185057435,24,41463355.770650886,0.9684599554827601
2026-05-08,381,0,0,0.0,0.0,11657173.97448768,15,3732000.0,0,0.0,0,0.0,366,7925173.97448768,44,66,76,8,8,0,23811,96027695.79613,4032.9131828201253,346.13,0.9310628072951894,0.30022289617731207,0.6936963460630041,23681,21711,2165,757,21646,6607654.331729034,1408,4601892.296312732,662,18704087.473463148,69,21284348.749262646,26,44829712.94536244,0.9682079711057915
2026-05-09,341,0,0,0.0,0.0,11967942.224482056,8,693000.0,4,1393868.0,0,0.0,329,9881074.224482056,40,53,57,4,1,1,23815,95326827.79613,4002.8061220293935,345.82,0.9306043561166141,0.30279589557457254,0.6922788492982545,23684,21712,2165,756,21650,6607946.527679508,1409,4604914.775651677,661,18621219.838841084,70,21628096.39203437,25,43864650.26192336,0.9682553012807055
2026-05-10,377,0,0,0.0,0.0,7014606.200610397,6,632808.0,1,47674.0,0,0.0,370,6334124.200610397,117,52,139,3,81,7,23744,95911961.79613,4039.4188761847204,347.695,0.9310238934566522,0.294241574865385,0.6951293486591668,23614,21644,2173,755,21571,6592282.50969414,1418,4623624.838276216,659,18424834.916192915,69,20797427.832937963,27,45473791.69902877,0.9682024932614556
2026-05-11,499,0,0,0.0,0.0,7532022.215618068,12,999000.0,3,1018000.0,0,0.0,484,5515022.215618068,227,62,252,6,191,2,23561,95892961.79613,4069.986918896906,350.3,0.9311305617617802,0.28855904649977077,0.6944275192227255,23431,21461,2173,755,21388,6555611.733043421,1418,4647211.575887517,658,18399426.916192915,70,21490856.21332309,27,44799855.35768306,0.9679555197147829
2026-05-12,242,0,0,0.0,0.0,6663734.022970335,7,1563000.0,4,333000.0,0,0.0,231,4767734.022970335,101,50,124,1,69,0,23493,97122961.79613,4134.123432347083,355.02,0.9322500038710597,0.31587088719781564,0.702422533812652,23363,21394,2165,750,21328,6544929.921904687,1415,4655449.041805372,657,18401225.916192915,67,20713967.07065105,26,46807389.84557597,0.9680755969863364
2026-05-13,431,0,0,0.0,0.0,7337384.2434072625,9,574000.0,6,2789776.0,0,0.0,416,3973608.2434072625,183,69,207,7,140,0,23360,94907185.79613,4062.8076111357022,357.31,0.9308547295880035,0.32564200028372975,0.6957769162309413,23226,21258,2167,756,21193,6517688.4404403,1411,4617524.983645218,665,18637743.310656156,66,19228385.170325845,25,45905843.891062476,0.9676369863013699
2026-05-14,276,0,0,0.0,0.0,2654014.741128339,9,162000.0,2,8000.0,0,0.0,265,2484014.741128339,37,46,51,6,2,1,23365,95061185.79613,4068.5292444309866,357.33,0.9309250637065252,0.3266142250477385,0.6961624882435032,23231,21263,2173,755,21192,6517227.199606946,1418,4636307.253632604,664,18629619.703678608,66,19229618.04117863,25,46048413.598033205,0.9676867108923604
2026-05-15,305,0,0,0.0,0.0,7502225.602576271,10,501469.65,2,603000.0,0,0.0,293,6397755.952576271,63,60,82,5,22,2,23350,94959655.44613001,4066.7946657871526,357.42,0.9308839591058183,0.3293221645380157,0.6975205532303952,23216,21249,2175,756,21175,6513926.597826412,1419,4643222.594063872,667,18666194.8528874,64,18863914.05893749,25,46272397.342414826,0.9676231263383298
2026-05-16,208,0,0,0.0,0.0,2127355.3365411293,2,13000.0,4,168469.0,0,0.0,202,1945886.336541129,42,46,53,6,2,1,23355,94804186.44613001,4059.2672423947765,357.42,0.9307903870963594,0.3293730636299597,0.6970784721141688,23220,21252,2173,757,21182,6514858.122654485,1416,4632498.874117658,668,18670872.011462748,64,18759934.036076244,25,46226023.401818864,0.9675872404196104
2026-05-17,188,0,0,0.0,0.0,7396896.110664803,11,2057000.0,3,1147194.78668,0,0.0,174,4192701.3239848022,33,46,49,5,1,0,23359,95713991.65945,4097.520940941393,357.42,0.9313558110262365,0.32516261407473496,0.6988777039669641,23224,21257,2177,760,21182,6514779.249403447,1417,4638498.874117658,671,18768338.807459325,63,18417257.985248595,26,47375116.74322097,0.9674643606318764
2026-05-18,433,0,0,0.0,0.0,1681599.6318730318,7,217000.0,1,3469.0,0,0.0,425,1461130.6318730318,49,174,193,9,15,4,23357,95927522.65945,4107.013857064263,357.54,0.9314930545792042,0.325147453538727,0.6999836807220017,23221,21257,2180,759,21177,6516812.106036181,1421,4645809.131687658,670,18717201.02802113,62,17593013.612096537,27,48454686.78160849,0.9675043884060452
2026-05-19,313,0,0,0.0,0.0,3553433.1402670424,8,1392000.0,5,449141.0,0,0.0,300,1712292.1402670422,157,52,178,5,122,1,23241,96870381.65945,4168.081479258638,358.2,0.932260020503889,0.3328450907562232,0.7030700761450107,23104,21138,2180,759,21061,6493840.588161575,1421,4651259.856167804,671,18818614.605614867,61,17407968.924342494,27,49498697.68516326,0.9673421969794759
2026-05-20,340,0,0,0.0,0.0,7984254.647186015,4,211000.0,6,1459023.809060603,0,0.0,330,6314230.838125412,61,63,84,5,18,1,23229,95622357.85038939,4116.507720969021,358.58,0.9314107685265929,0.33532147986838184,0.6992315686128898,23093,21127,2182,758,21047,6490550.648955648,1424,4666107.959292026,670,18803527.967950862,62,17345435.71958748,26,48316735.55460338,0.967368375737225
2026-05-21,340,0,0,0.0,0.0,14078822.33131998,6,892167.0,3,1486269.0,0,0.0,331,11700386.33131998,41,50,58,2,6,2,23227,95028255.85038939,4091.284102569828,358.58,0.9311278834752612,0.35648512513424724,0.6995281801539234,23091,21124,2180,755,21047,6490819.953829772,1425,4666603.719866063,669,18795889.298469253,62,17198783.200108983,24,47876159.67811532,0.9674947259654713
2026-05-22,174,0,0,0.0,0.0,2720359.0714187752,10,146806.78668,2,2000000.0,0,0.0,162,573552.2847387752,33,45,52,9,1,1,23236,93175062.6370694,4009.944165823266,359.68,0.9296430191871972,0.3432796515728042,0.6921028326844751,23100,21134,2189,759,21047,6492079.913638937,1430,4680931.5714413915,673,18915326.365319934,63,18101621.749341737,23,44985103.037327394,0.967335169564469
2026-05-23,192,0,0,0.0,0.0,2325851.4455329026,7,729000.0,1,3000.0,0,0.0,184,1593851.4455329026,38,49,59,7,7,1,23237,93901062.6370694,4041.014874427396,359.73,0.9301208564789486,0.34045351583852995,0.6933650579642241,23101,21136,2191,760,21046,6492115.1448325785,1431,4685415.764121667,673,18915815.989861295,64,18838768.822489552,23,44968946.915764295,0.9672935404742437
2026-05-24,313,0,0,0.0,0.0,7925826.565950284,11,1197000.0,4,1509445.0,0,0.0,298,5219381.565950284,51,60,70,8,5,1,23241,93588617.63706939,4026.8756782009978,359.73,0.9298956444534335,0.3376771541935724,0.6932365165718966,23104,21139,2193,758,21048,6492634.937821422,1435,4701289.687094316,672,18915645.730652522,62,17876309.212905165,24,45602738.06859597,0.9673852243879351
2026-05-25,215,0,0,0.0,0.0,3869646.6571673234,12,1002000.0,8,1064804.0,0,0.0,195,1802842.6571673234,40,49,58,6,8,2,23241,93525813.63706939,4024.173384840127,359.73,0.9298241118548002,0.33791364238351485,0.6916736896021216,23102,21137,2193,758,21048,6492311.496113071,1435,4703521.174147841,670,18840636.37541627,64,17885696.248408288,24,45603648.342983924,0.9673852243879351
2026-05-26,261,0,0,0.0,0.0,2747310.9103990123,11,192000.0,5,156000.0,0,0.0,245,2399310.9103990123,46,58,62,6,3,2,23246,93561813.6370694,4024.8564758267835,359.83000000000004,0.9297718617439411,0.3383633138861067,0.6913592013988645,23107,21144,2200,761,21046,6491740.682868784,1439,4713332.417593228,674,18971919.779053684,63,17726935.44212057,24,45657885.31543313,0.967263185064097
2026-05-27,182,0,0,0.0,0.0,5224501.770326289,11,353151.0,5,226055.65,0,0.0,166,4645295.120326289,45,58,64,8,5,0,23249,93688908.9870694,4029.80381896294,359.88,0.929856467793791,0.3379232536071737,0.6934014011358155,23109,21148,2204,761,21045,6491314.640647848,1443,4726950.732870644,673,18706622.85103108,64,18104359.810702957,24,45659660.951816864,0.9672674093509398
2026-05-28,129,0,0,0.0,0.0,1506209.752085582,7,189723.80906060303,5,128481.25,0,0.0,117,1188004.693024979,36,45,52,5,5,1,23250,93750151.54613,4032.2645826292473,359.79499999999996,0.9299351332067374,0.3379948209650536,0.6937931953772094,23108,21145,2204,759,21046,6489999.870010024,1445,4732277.470499391,671,18684656.997333422,64,18156151.521006312,24,45687065.68728085,0.9673548387096774
2026-05-29,85,0,0,0.0,0.0,1121610.1275011213,4,115000.0,1,70000.0,0,0.0,80,936610.1275011211,31,37,42,3,1,0,23252,93795151.54613,4033.8530683868057,359.83000000000004,0.9299592349674397,0.33742476673566385,0.694193226966075,23109,21147,2206,759,21046,6489875.573491004,1447,4737784.742800893,671,18655532.30425808,64,18263151.794190872,24,45648807.131389156,0.9673576466540512
2026-05-30,84,0,0,0.0,0.0,2054670.3585294618,6,535045.0,1,5000.0,0,0.0,77,1514625.3585294618,26,32,36,4,0,1,23257,94325196.54613,4055.7766068766396,359.85,0.9302604683830746,0.3358257212163028,0.6933115884794316,23114,21151,2209,762,21048,6490368.517091725,1447,4734543.873748212,674,18903532.30425808,64,18519924.69205837,24,45676827.15897362,0.96723567098078
2026-05-31,137,0,0,0.0,0.0,3449826.8769537173,8,177000.0,2,503000.0,0,0.0,127,2769826.8769537173,40,47,56,3,5,2,23257,93999196.54613,4041.7593217581802,359.85,0.9301070585384699,0.3522324688419774,0.6935708358903226,23113,21151,2209,763,21048,6489984.06934741,1446,4726633.085630034,676,18887478.069634438,64,17785532.252912473,23,46109569.06860564,0.9671926731736682
2026-06-01,170,0,0,0.0,0.0,3059810.797834386,9,536000.0,6,178840.0,0,0.0,155,2344970.797834386,52,58,68,5,7,2,23257,94356356.54613,4057.1164185462444,359.81,0.9303529296281816,0.3499166131826916,0.6937675309808486,23110,21149,2207,764,21050,6490095.807630798,1443,4720168.155507524,677,18984716.069634438,64,18144519.798476934,23,46016856.7148803,0.9671496753665563
2026-06-02,220,0,0,0.0,0.0,4275950.304562307,11,349333.0,6,1838364.0,0,0.0,203,2088253.3045623067,46,54,61,6,2,1,23262,92867325.54613002,3992.233064488437,359.88,0.9291747768585616,0.34332787475600657,0.6870188420900651,23113,21155,2211,767,21051,6490394.228321232,1444,4722935.783470972,680,19152393.069634438,64,17617660.950676344,23,44883941.514027014,0.9670277706130169
2026-06-03,149,0,0,0.0,0.0,3452808.082488953,12,1566000.0,2,38600.0,0,0.0,135,1848208.0824889534,39,53,57,2,1,2,23265,94394725.54613,4057.370537121427,359.97,0.9302199579976177,0.33790212978226397,0.6913661344208498,23117,21157,2215,768,21050,6490439.353993621,1447,4728412.072358266,679,19014557.609233174,65,18265137.708295327,24,45896178.80224961,0.9669890393294649
2026-06-04,134,0,0,0.0,0.0,1975970.5601699618,10,130000.0,6,1173814.0,0,0.0,118,672156.5601699619,43,50,60,4,7,1,23263,93350911.54613,4012.8492260727335,359.94,0.9295557777247928,0.3415840997830941,0.6906526817998467,23113,21154,2215,764,21048,6489181.724304045,1451,4738459.804797812,677,18950212.609233174,64,18285870.323378906,23,44887187.08441606,0.9671581481322271
2026-06-05,340,0,0,0.0,0.0,9322946.326357238,8,872000.0,7,1071107.0,0,0.0,325,7379839.326357239,55,62,69,4,7,1,23261,93151804.54613,4004.634561976269,359.88,0.92948344229799,0.34271741886879026,0.6918454370435367,23110,21152,2213,760,21048,6488775.745106325,1453,4750066.761953665,674,18866311.111458585,62,17121904.91059171,24,45924746.01701972,0.9673272860152186
2026-06-06,94,0,0,0.0,0.0,1213694.2690185339,2,6000.0,2,203000.0,0,0.0,90,1004694.269018534,26,27,33,2,4,1,23260,92954804.54613,3996.33725477773,359.865,0.9293899463267612,0.34897760506565645,0.6922701206791328,23108,21150,2213,759,21047,6488304.94203818,1454,4750017.901637973,674,18866647.941599227,61,16410688.690999974,24,46439145.06985465,0.9673688736027515
2026-06-07,62,0,0,0.0,0.0,122335.3734103584,3,33000.0,2,6459.0,0,0.0,57,82876.3734103584,23,26,30,4,1,0,23263,92981345.54613,3996.9627969793232,359.88,0.9293927551113418,0.3490189188933641,0.6923010084172496,23109,21153,2214,760,21049,6489169.857337181,1454,4749448.4616150595,675,18871647.941599227,61,16418830.585817918,24,46452248.699760616,0.9673300950006448
2026-06-08,206,0,0,0.0,0.0,16098684.233458523,9,2411000.0,8,2408800.714798756,0,0.0,189,11278883.518659767,48,56,64,4,7,2,23262,92983544.83133125,3997.22916478941,359.83000000000004,0.9294020191050767,0.3408002480972815,0.6925229189340314,23105,21150,2211,759,21051,6489493.0325720515,1452,4739504.807873726,672,18661311.111458585,63,17404420.731944498,24,45688815.14748239,0.9673716791333505
2026-06-09,195,0,0,0.0,0.0,10233266.308520287,13,2022000.0,9,1172469.0,0,0.0,173,7038797.308520286,45,57,64,3,3,0,23262,93833075.83133125,4033.7492834378495,359.83000000000004,0.9300061049449843,0.34085252391395265,0.6945026962849621,23105,21151,2212,760,21050,6489485.417750778,1452,4739334.837644406,673,18736931.410365198,61,15880845.800530326,26,47986478.36504054,0.9673286905683088
2026-06-10,248,0,0,0.0,0.0,11751820.195430385,11,997999.0,5,2113000.0,0,0.0,232,8640821.195430385,46,51,61,2,7,0,23257,92718074.83133125,3986.6738973784777,359.85,0.9292181689861372,0.3407948697176312,0.6919680483928705,23102,21148,2213,758,21044,6487877.807646228,1455,4745623.287955184,671,18626628.443949424,62,16260022.99205618,25,46597922.299724236,0.9674076622092274
2026-06-11,107,0,0,0.0,0.0,6349276.906146291,13,1873569.65,4,1782140.0,0,0.0,90,2693567.256146291,34,41,49,5,2,2,23262,92809504.48133124,3989.7474198835544,359.83000000000004,0.9292668804619588,0.33907219164836766,0.6926197549496581,23106,21150,2214,760,21048,6488451.459162327,1454,4746209.659851491,673,18593147.111458585,62,16512574.160574857,25,46469122.09028398,0.9673286905683088
2026-06-12,228,0,0,0.0,0.0,888880.1770654786,3,61000.0,1,59800.0,0,0.0,224,768080.1770654786,36,185,191,21,2,6,23287,92810704.48133123,3985.5157161219236,359.64,0.9292839667027301,0.33918072553905576,0.6919840970601042,23133,21158,2219,759,21068,6488633.998789241,1460,4756508.114483822,672,18642030.830032032,63,17443929.454257328,24,45479602.083768815,0.9674067076051016
2026-06-13,77,0,0,0.0,0.0,726817.8214179281,5,136300.0,4,166800.0,0,0.0,68,423717.82141792803,31,35,41,6,9,0,23284,92780204.48133123,3984.7193128900203,359.755,0.9292279230873207,0.33956034869901336,0.6914864895073903,23130,21157,2222,760,21062,6487417.776966074,1462,4763856.939387025,673,18672671.872404575,63,17351779.306526978,24,45504478.58604659,0.9673595602130218
2026-06-14,100,0,0,0.0,0.0,642328.2716664623,5,131000.0,0,0.0,0,0.0,95,511328.27166646236,26,32,36,6,3,0,23287,92911204.48133126,3989.8314287512885,359.78,0.9292832709491176,0.33943266109829184,0.6909190385932864,23133,21160,2225,761,21062,6487146.504227959,1464,4769800.826375242,674,18760137.075942412,63,17357022.691839825,24,45537097.382945806,0.9673208227766565
2026-06-15,106,0,0,0.0,0.0,4433766.39070456,13,1621299.0,5,1167000.0,0,0.0,88,1645467.3907045599,38,47,54,5,5,0,23287,93365503.48133124,4009.340124590168,359.78,0.929619107865632,0.3412458402486383,0.6924754415715341,23133,21160,2225,760,21062,6487335.997291415,1465,4771743.7014715485,673,18753105.531784818,63,17492728.565059416,24,45860589.68572405,0.9673637651908791
2026-06-16,116,0,0,0.0,0.0,2698384.388020654,12,418000.0,5,537698.0,0,0.0,99,1742686.3880206542,30,42,47,7,3,3,23294,93245805.48133123,4002.9967150910634,359.83000000000004,0.9294016106970203,0.33617194182343774,0.6894259207988404,23140,21167,2232,764,21062,6487371.996419708,1468,4777344.572534473,676,18895013.60778072,64,17739451.809046667,24,45346623.49554967,0.967201854554821
2026-06-17,97,0,0,0.0,0.0,1348510.4672979226,7,156000.0,6,540229.5,0,0.0,84,652280.9672979226,33,35,45,2,3,2,23295,92861575.98133123,3986.3307997995807,359.81,0.9291133944639646,0.3331238610331797,0.6876023365683717,23140,21167,2230,764,21065,6488612.609352286,1466,4767562.549787763,677,19053564.20000646,63,17617429.889657695,24,44934406.73252704,0.967203262502683
2026-06-18,261,0,0,0.0,0.0,12334281.896053005,15,1753663.714798756,6,1551000.0,0,0.0,240,9029618.181254249,45,57,65,3,6,2,23294,93064239.69613,3995.2021849459084,359.865,0.9292478271795703,0.3240056492337582,0.6895233265772904,23140,21167,2231,762,21063,6488628.549877295,1469,4779087.499142328,673,18726559.50644849,66,19916624.737471193,23,43153339.40319069,0.967287713574311
2026-06-19,171,0,0,0.0,0.0,4405575.239545664,10,137961.0,3,1422473.0,0,0.0,158,2845141.2395456643,43,55,64,6,5,2,23297,91779727.69613,3939.551345500708,359.88,0.9282423171410936,0.3242606214828028,0.683796913177227,23142,21169,2233,764,21064,6489048.229326263,1469,4780100.253723356,676,18951884.722220253,66,19798142.9485906,22,41760551.54226953,0.9672060780357986
2026-06-20,64,0,0,0.0,0.0,682238.8597195419,7,94000.0,0,0.0,0,0.0,57,588238.8597195419,23,29,35,5,4,0,23298,91873727.69612998,3943.4169326178203,359.97,0.9282434117124819,0.32383713721359425,0.6827790289485285,23143,21171,2237,766,21061,6488206.827177841,1471,4790051.164486746,677,18966015.122220255,67,19877329.61998912,22,41752124.962256044,0.9671216413426045
2026-06-21,88,0,0,0.0,0.0,2475630.327655761,6,116000.0,7,1158551.0,0,0.0,75,1201079.3276557613,34,32,45,2,9,0,23291,90831176.69613001,3899.8401398020696,360.01,0.9274655185169366,0.3229687908767066,0.6793473743284371,23136,21164,2238,766,21053,6486180.351800631,1472,4784854.688338138,677,18954220.260312997,67,19270286.08422064,22,41335635.3114576,0.9671117599072603
2026-06-22,259,0,0,0.0,0.0,10983937.435062716,9,243546.0,8,966832.0,0,0.0,242,9773559.435062716,46,58,68,6,5,1,23293,90107890.69613001,3868.453642559138,359.97,0.9269562746968305,0.32645580295961146,0.6779545170234886,23135,21163,2236,765,21057,6486513.157487359,1471,4792315.206282888,678,19040010.81545963,65,18372807.706698097,22,41416243.810202025,0.9671575151333018
2026-06-23,58,0,0,0.0,0.0,4880390.009724129,6,43000.0,4,2430000.0,0,0.0,48,2407390.0097241285,26,34,40,4,3,0,23294,87720890.69613001,3765.81483197948,359.90999999999997,0.9250224365404556,0.3125226262315241,0.6706637368094067,23135,21162,2236,764,21058,6485541.163287494,1472,4803175.366866811,678,19000953.81545963,64,18016457.21479304,22,39414763.13572302,0.967201854554821
2026-06-24,110,0,0,0.0,0.0,1119991.5409731725,12,144538.0,3,25000.0,0,0.0,95,950453.5409731726,26,39,44,5,2,2,23299,87840428.69613001,3770.13728898794,359.94,0.9250446426381026,0.3120275302721307,0.6697571807907955,23138,21164,2241,767,21058,6484639.51769805,1474,4815988.519237965,680,19008042.776219063,65,18123125.858876277,22,39408632.02409864,0.9670801321945148
2026-06-25,157,0,0,0.0,0.0,1823268.646830989,19,772979.5,3,106460.0,0,0.0,135,943829.1468309892,42,52,59,3,7,2,23297,88506948.19613001,3799.0706183684597,359.85,0.9255600733657985,0.3122970662051917,0.6702300920670557,23136,21161,2241,771,21056,6482711.252235402,1470,4801854.40833451,682,19002362.497493736,67,18579559.77764006,22,39640460.26042628,0.9669056101643988
2026-06-26,359,0,0,0.0,0.0,19232994.539841034,24,4228451.0,3,432332.0,0,0.0,332,14572211.539841035,50,75,80,4,4,2,23299,92303067.19613001,3961.6750588493073,359.81,0.9285333122709496,0.3260645441497098,0.6822597153032061,23136,21160,2243,772,21056,6481706.4103123555,1471,4804846.0434564985,682,19041850.395516794,66,17877906.817918185,24,44096757.528926164,0.9668655307094726
2026-06-27,41,0,0,0.0,0.0,1957677.4996310454,3,1020000.0,2,50594.0,0,0.0,36,887083.4996310455,20,23,29,2,2,1,23300,93272473.19612998,4003.110437602145,359.83000000000004,0.9292093103320749,0.32321532235654693,0.6841663616586577,23136,21160,2243,774,21057,6482129.010409434,1469,4800445.5657814145,684,19176009.990438223,65,17666796.138421398,25,45147092.49107953,0.9667811158798283
2026-06-28,140,0,0,0.0,0.0,5664847.647805718,17,1376000.0,3,540824.0,0,0.0,120,3748023.6478057182,35,58,61,6,0,0,23306,94107649.19612998,4037.915094659314,359.83000000000004,0.9298534703401091,0.33181854631074403,0.6884906616391364,23141,21162,2246,774,21060,6482246.797441953,1472,4810292.722378984,685,19122872.015961803,63,16465574.30736595,26,47226663.352981314,0.966789667896679
2026-06-29,417,0,0,0.0,0.0,25074080.542310443,17,3144000.0,7,2217170.0,0,0.0,393,19712910.542310443,57,76,80,1,6,2,23303,95034479.19613001,4078.2079215607437,359.78,0.9306059054815534,0.34431995501712986,0.6921776847416055,23138,21158,2243,774,21060,6481450.129116467,1469,4799772.805913101,684,18972510.480498895,65,17058478.178713687,25,47722267.60188785,0.9667853924387418
2026-06-30,232,0,0,0.0,0.0,12722438.82753,16,539999.0,4,2400962.0,0,0.0,212,9781477.82753,51,66,73,4,6,1,23302,93173516.19613001,3998.520135444597,359.68,0.9294145114275583,0.3542202944364826,0.6901185860428721,23135,21152,2240,771,21062,6480257.186611813,1469,4804772.275103411,684,18887711.480498895,65,17996824.91324032,22,45003950.34067556,0.9669127113552485
2026-07-01,248,0,0,0.0,0.0,13621258.021604052,12,1746032.0,5,2518042.0,0,0.0,231,9357184.021604052,46,62,65,6,2,2,23308,92401506.19613001,3964.3687230191354,359.45500000000004,0.9288669213625411,0.3564593735744652,0.6886759320743919,23139,21156,2241,771,21067,6480522.918250276,1470,4807775.368672001,686,18978514.50451019,63,17197310.38868796,22,44937383.01600957,0.9669212287626566
2026-07-02,256,0,0,0.0,0.0,13873387.709572809,23,2535000.0,4,672056.0,0,0.0,229,10666331.709572809,47,76,78,6,2,0,23312,94264450.19613001,4043.602015963024,359.78,0.9300222286755178,0.3486175682758915,0.6899203838711084,23145,21164,2248,778,21064,6480616.947382224,1470,4811034.845976455,687,18837832.73805833,67,17272722.26247427,24,46862243.40223873,0.9666266300617707
2026-07-03,287,0,0,0.0,0.0,10490560.821829539,19,1762337.0,7,2251948.0,0,0.0,261,6476275.821829539,41,55,64,7,6,0,23313,93774839.19613001,4022.4269375940466,359.78,0.9296187302504473,0.34103975034438266,0.6879609324031516,23142,21163,2251,778,21062,6479679.000900378,1473,4822058.7592160385,688,18959675.62668839,66,17532478.061292384,24,45980947.74803281,0.9666280615965341
2026-07-04,305,0,0,0.0,0.0,12095115.26227288,22,1569000.0,5,2054702.0,0,0.0,278,8471413.26227288,48,72,78,6,3,2,23318,93289137.19613001,4000.7349342194875,359.79499999999996,0.9291912997400189,0.3330715441723125,0.6843600997416748,23147,21166,2253,779,21065,6480260.482276921,1474,4822738.002723109,687,18942775.474771656,68,17971406.255940575,24,45071956.980417736,0.966592332103954
2026-07-05,111,0,0,0.0,0.0,4558635.734058726,17,1176000.0,6,453376.0,0,0.0,88,2929259.734058725,33,47,54,7,2,1,23324,94011761.19613001,4030.6877549361175,359.755,0.9297613868258452,0.3358289628502289,0.6882129601187356,23149,21165,2253,779,21071,6480250.95939632,1474,4826553.209962777,687,18804844.568006586,68,18328240.20054458,24,45571872.258219734,0.9666009260847196
2026-07-06,204,0,0,0.0,0.0,6558126.529814907,16,1361000.0,5,1100631.0,0,0.0,183,4096495.5298149073,44,59,64,7,2,1,23330,94272130.19613,4040.811410035576,359.78,0.9298921124614542,0.3355005675985683,0.68839247571833,23153,21169,2259,782,21071,6480029.553113215,1477,4834062.652684353,691,18961812.893377773,67,18367871.907426924,24,45628353.18952774,0.9664809258465495
2026-07-07,591,0,0,0.0,0.0,17856237.454290576,25,2721600.0,7,1797293.0,0,0.0,559,13337344.454290574,50,73,80,3,6,1,23328,95196437.19613001,4080.780058133145,359.73,0.9305497008005231,0.34187502205325937,0.6899183651419556,23152,21167,2259,782,21069,6477898.871282905,1477,4835912.61383737,689,18904855.393316865,69,18432486.251874194,24,46545284.06581867,0.9664780521262003
2026-07-08,101,0,0,0.0,0.0,1833608.1271105085,13,562519.0,5,556375.0,0,0.0,83,714714.1271105085,35,44,56,6,4,2,23332,95202581.19613001,4080.343785193297,359.73,0.9305454897062666,0.341206051348075,0.6901016311419346,23154,21169,2261,782,21071,6478278.153377391,1479,4843167.827063967,689,18881678.643316865,69,18515759.764295764,24,46483696.80807602,0.9664837990742328
2026-07-09,87,0,0,0.0,0.0,4500843.587614145,10,1020000.0,8,739867.0,0,0.0,69,2740976.5876141447,28,37,45,3,1,1,23335,95482714.19613,4091.8240495448895,359.72,0.9307662548531553,0.33848887707648334,0.6916005337135238,23158,21170,2258,782,21077,6479357.688473767,1476,4834433.638187338,689,18833026.771009542,68,18016059.389996514,25,47319836.70846284,0.9664881079922862
2026-07-10,218,0,0,0.0,0.0,1321106.4733656428,11,154000.0,3,51300.0,0,0.0,204,1115806.4733656428,27,173,179,14,3,5,23351,95585414.19613001,4093.4184487229672,358.52,0.9308132544813558,0.3386716633207356,0.691349242972835,23178,21174,2265,783,21086,6478221.712203517,1482,4849526.596588343,690,18874762.143598795,68,18010832.528734535,25,47372071.21500481,0.9664682454712861
2026-07-11,44,0,0,0.0,0.0,1759793.500259626,8,378000.0,7,1140760.0,0,0.0,29,241033.500259626,25,28,37,3,4,2,23352,94822654.19613,4060.579573318345,358.54999999999995,0.9302710505964925,0.33935015756209486,0.6894624716083965,23179,21176,2266,783,21086,6478384.16485979,1483,4853282.611139339,691,18914325.893598795,68,18398578.88461932,24,46178082.64191275,0.9664696813977389
2026-07-12,38,0,0,0.0,0.0,1239618.200239307,4,33000.0,1,4840.0,0,0.0,33,1201778.200239307,21,25,31,2,2,0,23352,94850814.19613,4061.785465747259,358.365,0.9303905983506545,0.35115022820564135,0.6915306067304865,23178,21173,2264,782,21088,6478009.897858713,1482,4851436.699507799,692,18929126.50883308,67,18285356.039468475,23,46306885.05046193,0.9665125042822884
