date,transfers,mint_count,burn_count,mint_volume,burn_volume,p2p_volume,issuance_count,issuance_volume,redemption_count,redemption_volume,internal_count,internal_volume,transfer_count,transfer_volume,unique_senders,unique_receivers,active_addresses,new_addresses,zeroed_addresses,resurrected_addresses,holders_gt0,circulating_supply,mean_balance,median_balance,gini,top10_share,top100_share,unique_senders_ex_hub,unique_receivers_ex_hub,active_addresses_ex_hub,new_addresses_ex_hub,zeroed_addresses_ex_hub,resurrected_addresses_ex_hub,holders_gt0_ex_hub,circulating_supply_ex_hub,mean_balance_ex_hub,median_balance_ex_hub,gini_ex_hub,top10_share_ex_hub,top100_share_ex_hub,holders_ge1,holders_ge1_ex_hub,holders_ge100,holders_ge100_ex_hub,holders_ge1000,holders_ge1000_ex_hub,holders_ge10000,holders_ge10000_ex_hub,n_lt_1k,val_lt_1k,n_lt_1k_ex_hub,val_lt_1k_ex_hub,n_1k_10k,val_1k_10k,n_1k_10k_ex_hub,val_1k_10k_ex_hub,n_10k_100k,val_10k_100k,n_10k_100k_ex_hub,val_10k_100k_ex_hub,n_100k_1m,val_100k_1m,n_100k_1m_ex_hub,val_100k_1m_ex_hub,n_ge_1m,val_ge_1m,n_ge_1m_ex_hub,val_ge_1m_ex_hub,share_holders_lt10k,share_holders_lt10k_ex_hub,cumulative_adopters,cumulative_adopters_ex_hub,cumulative_adopters_event,cumulative_adopters_event_ex_hub
2026-05-07,1,1,0,400000000.0,0.0,0.0,0,0.0,0,0.0,0,0.0,0,0.0,0,0,0,0,0,0,0,0.0,,,,,,0,0,0,0,0,0,0,0.0,,,,,,0,0,0,0,0,0,0,0,0,0.0,0,0.0,0,0.0,0,0.0,0,0.0,0,0.0,0,0.0,0,0.0,0,0.0,0,0.0,,,0,0,0,0
2026-05-15,4,0,0,0.0,0.0,206000.0,2,103000.0,1,3000.0,0,0.0,1,100000.0,2,3,3,1,0,0,1,99999.99999999999,99999.99999999999,99999.99999999999,0.0,1.0,1.0,2,3,3,1,0,0,1,99999.99999999999,99999.99999999999,99999.99999999999,0.0,1.0,1.0,1,1,1,1,1,1,1,1,0,0.0,0,0.0,0,0.0,0,0.0,1,99999.99999999999,1,99999.99999999999,0,0.0,0,0.0,0,0.0,0,0.0,0.0,0.0,1,1,3,3
2026-05-16,2,0,0,0.0,0.0,8000.0,2,8000.0,0,0.0,0,0.0,0,0.0,0,2,2,2,0,0,3,107999.99999999999,35999.99999999999,5000.0,0.5987654320987654,1.0,1.0,0,2,2,2,0,0,3,107999.99999999999,35999.99999999999,5000.0,0.5987654320987654,1.0,1.0,3,3,3,3,3,3,1,1,0,0.0,0,0.0,2,8000.0,2,8000.0,1,99999.99999999999,1,99999.99999999999,0,0.0,0,0.0,0,0.0,0,0.0,0.6666666666666666,0.6666666666666666,3,3,5,5
2026-05-18,29,0,0,0.0,0.0,55491.22946792619,3,38000.0,0,0.0,0,0.0,26,17491.22946792619,2,4,4,4,0,0,7,146000.0,20857.14285714286,5000.0,0.6496256192888875,1.0,1.0,2,4,4,4,0,0,7,146000.0,20857.14285714286,5000.0,0.6496256192888875,1.0,1.0,7,7,7,7,7,7,2,2,0,0.0,0,0.0,5,24041.308543378458,5,24041.308543378458,2,121958.69145662153,2,121958.69145662153,0,0.0,0,0.0,0,0.0,0,0.0,0.7142857142857143,0.7142857142857143,7,7,9,9
2026-05-19,64,0,0,0.0,0.0,172486.09339766356,4,86000.0,0,0.0,0,0.0,60,86486.09339766356,14,20,20,11,0,0,18,231999.99999999997,12888.888888888887,4296.235390274436,0.7123916353143147,0.9607758620689656,1.0000000000000002,14,20,20,11,0,0,18,231999.99999999997,12888.888888888887,4296.235390274436,0.7123916353143147,0.9607758620689656,1.0000000000000002,18,18,16,16,13,13,5,5,5,800.0,5,800.0,8,38548.314176347085,8,38548.314176347085,5,192651.6858236529,5,192651.6858236529,0,0.0,0,0.0,0,0.0,0,0.0,0.7222222222222222,0.7222222222222222,18,18,27,27
2026-05-20,16,0,0,0.0,0.0,106400.83666502548,1,3000.0,0,0.0,0,0.0,15,103400.83666502548,8,10,12,4,1,0,21,235000.0,11190.47619047619,3000.0,0.7398242177698959,0.9482978723404254,0.9999999999999999,8,10,12,4,1,0,21,235000.0,11190.47619047619,3000.0,0.7398242177698959,0.9482978723404254,0.9999999999999999,21,21,17,17,14,14,5,5,7,850.0,7,850.0,9,41561.11460978734,9,41561.11460978734,5,192588.88539021264,5,192588.88539021264,0,0.0,0,0.0,0,0.0,0,0.0,0.7619047619047619,0.7619047619047619,22,22,32,32
2026-05-21,15,0,0,0.0,0.0,6503.216091254101,1,3000.0,0,0.0,0,0.0,14,3503.216091254101,9,10,12,2,1,0,22,238000.0,10818.181818181818,3000.0,0.737677811602292,0.9361365546218486,0.9999999999999999,9,10,12,2,1,0,22,238000.0,10818.181818181818,3000.0,0.737677811602292,0.9361365546218486,0.9999999999999999,22,22,18,18,15,15,5,5,7,900.0,7,900.0,10,44607.494766437405,10,44607.494766437405,5,192492.50523356255,5,192492.50523356255,0,0.0,0,0.0,0,0.0,0,0.0,0.7727272727272727,0.7727272727272727,24,24,35,35
2026-05-22,130,0,0,0.0,0.0,6842831.121829792,69,6663000.0,1,3000.0,0,0.0,60,176831.12182979175,21,86,91,70,0,0,92,6898000.0,74978.26086956522,3000.0,0.8685900142707134,0.8408234270803131,1.0,21,86,91,70,0,0,92,6898000.0,74978.26086956522,3000.0,0.8685900142707134,0.8408234270803131,1.0,91,91,87,87,79,79,37,37,13,2407.20072606065,13,2407.20072606065,42,138120.4313894204,42,138120.4313894204,30,1257472.3678845188,30,1257472.3678845188,2,500000.0,2,500000.0,5,5000000.0,5,5000000.0,0.5978260869565217,0.5978260869565217,94,94,112,112
2026-05-23,317,0,0,0.0,0.0,74029184.12730467,231,72762000.0,11,147000.0,0,0.0,75,1120184.1273046667,34,202,206,176,3,0,265,79513000.0,300049.0566037736,99999.99999999999,0.6729175736659703,0.12737895061184965,0.9428619533912693,34,202,206,176,3,0,265,79513000.0,300049.0566037736,99999.99999999999,0.6729175736659703,0.12737895061184965,0.9428619533912693,262,262,255,255,245,245,167,167,20,3261.855203023054,20,3261.855203023054,78,258205.43021258613,78,258205.43021258613,71,4681750.214584391,71,4681750.214584391,33,11441500.0,33,11441500.0,63,63128282.5,63,63128282.5,0.36981132075471695,0.36981132075471695,270,270,291,291
2026-05-24,240,0,0,0.0,0.0,49680279.15980572,161,47435600.0,6,118000.0,0,0.0,73,2126679.159805722,29,154,162,116,5,0,376,126830600.0,337315.42553191487,99999.99999999999,0.6314183871480843,0.0798331199253177,0.7886762539954869,28,153,161,115,5,0,375,126830600.0,338214.93333333335,99999.99999999999,0.6304355028471459,0.0798331199253177,0.7886762539954869,372,372,360,360,351,351,262,262,25,2876.457547944312,24,2876.457547944312,89,286581.70339994226,89,286581.70339994226,106,7363259.339052113,106,7363259.339052113,57,20052600.0,57,20052600.0,99,99125282.5,99,99125282.5,0.30319148936170215,0.30133333333333334,386,385,411,410
2026-05-25,236,0,0,0.0,0.0,48996433.036660396,176,41758800.0,17,5578100.0,0,0.0,43,1659533.0366603984,33,169,183,129,7,0,498,163011300.0,327331.9277108434,99999.99999999999,0.6413058893544015,0.06209415439181639,0.614203118616996,33,168,182,129,7,0,497,162998371.70552245,327964.5305946126,99999.99999999999,0.6406713687473561,0.06209907941962441,0.614251834433623,493,492,479,478,469,468,338,337,29,3757.145218550034,29,3757.145218550034,131,424310.8251022799,131,424310.8251022799,143,10556083.19986847,142,10543154.905390922,64,20905100.0,64,20905100.0,131,131122048.8298107,131,131122048.8298107,0.321285140562249,0.32193158953722334,515,514,543,542
2026-05-26,119,0,0,0.0,0.0,25877668.16571861,74,21984181.0,12,1740998.96263848,0,0.0,33,2152488.2030801307,29,81,96,50,9,1,540,183254482.03736153,339360.15192103985,99999.99999999999,0.6293439572469214,0.055256759437655796,0.5463770802036767,28,81,95,50,9,1,539,183244553.74288398,339971.3427511762,99999.99999999999,0.6287206843696223,0.05525975328041056,0.5464066832256342,533,532,516,515,509,508,376,376,31,2958.26945941903,31,2958.26945941903,133,442951.36958131415,132,433023.0751037672,154,11304831.978067625,154,11304831.978067625,74,23377691.59044246,74,23377691.59044246,148,148126048.82981068,148,148126048.82981068,0.3037037037037037,0.30241187384044527,565,564,598,597
2026-05-27,122,1,0,190000000.0,0.0,13172937.760390839,53,12229000.0,5,131000.0,0,0.0,63,812937.7603908381,30,72,84,40,7,0,573,195352482.0373615,340929.2880233185,99999.99999999999,0.6306441465107249,0.051849865404130425,0.5125558057187154,29,71,83,40,7,0,572,195352482.03735197,341525.31824711885,99999.99999999999,0.6299984194942148,0.05184986540413296,0.5125558057187404,561,561,541,541,533,533,391,391,40,3141.096102864712,39,3141.0960933082197,142,470341.8097800235,142,470341.8097800235,158,11578258.71122547,158,11578258.71122547,73,23171691.59044246,73,23171691.59044246,160,160129048.82981068,160,160129048.82981068,0.31762652705061084,0.31643356643356646,605,604,642,641
2026-05-28,79,0,0,0.0,0.0,11657769.593013769,39,10138000.0,10,962620.72988487,0,0.0,30,557148.8631288991,22,48,57,33,2,1,605,204527861.30747664,338062.5806735151,99999.99999999999,0.6347921377918367,0.04952381467859083,0.48956190217665185,22,48,57,33,2,1,604,204527861.3074671,338622.2869328926,99999.99999999999,0.6341874890134225,0.04952381467859313,0.48956190217667467,588,588,566,566,556,556,404,404,49,3841.875569058786,48,3841.875559502292,152,505085.2462454156,152,505085.2462454156,163,12121193.765409015,163,12121193.765409015,74,24768691.59044246,74,24768691.59044246,167,167129048.82981068,167,167129048.82981068,0.3322314049586777,0.33112582781456956,638,637,676,675
2026-05-29,124,0,0,0.0,0.0,16162194.35157887,60,15671000.0,4,204984.06690141,0,0.0,60,286210.2846774604,21,62,71,40,1,0,644,219993877.24057525,341605.39944188704,99999.99999999999,0.6317812789478976,0.04604219002387684,0.45514470714252714,21,62,71,40,1,0,643,219993877.2405657,342136.66755920014,99999.99999999999,0.6312086215279805,0.04604219002387884,0.45514470714254696,628,628,604,604,592,592,432,432,52,4045.1962322187865,51,4045.1962226622927,160,526392.8229764169,160,526392.8229764169,173,12759698.801113443,173,12759698.801113443,78,25574691.59044246,78,25574691.59044246,181,181129048.8298107,181,181129048.8298107,0.32919254658385094,0.328149300155521,678,677,718,717
2026-05-30,78,0,0,0.0,0.0,16400804.220982576,35,14034658.0,5,343999.66319301,0,0.0,38,2022146.557789565,23,50,63,29,5,0,668,233684535.5773822,349827.14906793745,99999.99999999999,0.6254011119903645,0.04334475910001279,0.4284795679030031,23,49,62,29,5,0,667,233676937.79987046,350340.23658151494,99999.99999999999,0.6248780582710145,0.04334616841254078,0.42849349949786186,650,649,625,624,613,612,450,450,55,4053.247666864187,55,4053.247666864187,163,541188.402278942,162,533590.624767176,173,12425553.507183263,173,12425553.507183263,83,26584691.59044246,83,26584691.59044246,194,194129048.8298107,194,194129048.8298107,0.3263473053892216,0.32533733133433285,707,706,748,747
2026-05-31,43,0,0,0.0,0.0,8957529.141910778,23,5449100.0,7,3506000.0,0,0.0,13,2429.141910777704,14,27,35,13,5,0,676,235627635.5773822,348561.5910908021,99999.99999999999,0.6266870815955798,0.04298731715055362,0.42494611714137165,14,27,35,13,5,0,675,235620037.79987046,349066.72266647476,99999.99999999999,0.6261722515786028,0.04298870331479749,0.42495981990656373,656,655,632,631,620,619,456,456,56,4034.3477048596965,56,4034.3477048596965,164,538188.4022789422,163,530590.624767176,177,12466572.407145267,177,12466572.407145267,85,28489791.59044246,85,28489791.59044246,194,194129048.8298107,194,194129048.8298107,0.3254437869822485,0.3244444444444444,720,719,761,760
2026-06-01,63,0,0,0.0,0.0,9317019.495879695,27,7461870.0,7,1749001.0,0,0.0,29,106148.49587969475,20,40,49,16,5,1,688,241340504.57738224,350785.6171182881,99999.99999999999,0.6261351256594428,0.041969746925561296,0.4148870451942965,20,40,49,16,5,1,687,241332906.7998705,351285.1627363471,99999.99999999999,0.6256279860965799,0.04197106824060114,0.4149001069002349,667,666,642,641,629,628,460,460,59,4591.696325634078,59,4591.696325634078,169,558056.402278942,168,550458.6247671759,179,12666017.058524493,179,12666017.058524493,81,27982790.59044246,81,27982790.59044246,200,200129048.8298107,200,200129048.8298107,0.3313953488372093,0.3304221251819505,736,735,778,777
2026-06-02,78,0,0,0.0,0.0,7883263.858096406,28,7030000.0,12,724000.0,0,0.0,38,129263.85809640579,26,41,57,26,8,2,708,247646504.57738224,349783.19855562464,99999.99999999999,0.6272083775006267,0.04090104125348148,0.40432247974056634,26,41,57,26,8,2,707,247638906.79987043,350267.194907879,99999.99999999999,0.6267170197795721,0.040902296133077984,0.4043348847066671,683,682,658,657,645,644,470,470,63,4593.991688424078,63,4593.991688424078,175,582056.3922789422,174,574458.614767176,184,13256014.773161702,184,13256014.773161702,82,29674790.59044246,82,29674790.59044246,204,204129048.8298107,204,204129048.8298107,0.3361581920903955,0.3352192362093352,762,761,805,804
2026-06-03,138,0,0,0.0,0.0,11544427.926951164,32,8565100.0,10,1615000.92635687,0,0.0,96,1364327.000594295,25,51,61,34,4,0,738,254596603.65102535,344981.847765617,99999.99999999999,0.6319029564351523,0.03978450519270785,0.393285092550006,25,51,61,34,4,0,737,254589005.87351358,345439.62805090036,99999.99999999999,0.6314382635024944,0.039785692493855565,0.39329682947722183,710,709,681,680,667,666,488,488,71,4910.823464334078,71,4910.823464334078,179,588737.8486408019,178,581140.0711290357,194,13896017.558667062,194,13896017.558667062,83,28977888.59044246,83,28977888.59044246,211,211129048.82981068,211,211129048.82981068,0.33875338753387535,0.3378561736770692,796,795,842,841
2026-06-04,138,0,0,0.0,0.0,9771525.853737442,22,5959998.70179381,9,3802999.02929167,0,0.0,107,8528.122651962129,20,41,49,18,4,2,754,256753603.32352751,340522.02032298077,99999.99999999999,0.6368918207835171,0.039450273604288044,0.38998108510921686,20,41,49,18,4,2,753,256746005.54601574,340964.1507915216,99999.99999999999,0.636443775421407,0.03945144103978908,0.38999262565689613,723,722,692,691,676,675,493,493,78,5965.467966474078,78,5965.467966474078,183,599822.5175724981,182,592224.7400607319,196,13843877.917735368,196,13843877.917735368,82,27174888.59044246,82,27174888.59044246,215,215129048.82981068,215,215129048.82981068,0.34615384615384615,0.3452855245683931,814,813,861,860
2026-06-05,110,0,0,0.0,0.0,5422170.37556566,16,4418000.0,1,1000000.0,0,0.0,93,4170.3755656602425,9,23,25,7,1,2,762,260171603.32352751,341432.5502933432,99999.99999999999,0.6362956774455756,0.039312514391823615,0.3852420769578542,9,23,25,7,1,2,761,260164005.54601574,341871.22936401545,99999.99999999999,0.6358515271974206,0.039313662466620325,0.38525332749031255,731,730,700,699,684,683,499,499,78,5985.467966474078,78,5985.467966474078,185,607947.1555617913,184,600349.3780500252,198,13953733.279746074,198,13953733.279746074,83,27374888.59044246,83,27374888.59044246,218,218229048.82981068,218,218229048.82981068,0.3451443569553806,0.3442838370565046,821,820,870,869
2026-06-06,172,0,0,0.0,0.0,5167580.659369941,11,3128002.0,5,1306000.0,0,0.0,156,733578.6593699412,15,22,28,12,4,2,772,261993605.32352751,339369.9550822895,99999.99999999999,0.638651062044763,0.03903912039139189,0.38256295876397844,14,22,27,12,4,2,771,261993605.32352608,339810.1236362206,99999.99999999999,0.63818238637946,0.039039120391392096,0.3825629587639805,740,740,705,705,689,689,502,502,83,6335.467967878037,82,6335.467966474078,187,615176.1849251003,187,615176.1849251003,200,14071154.25038136,200,14071154.25038136,83,28071890.59044246,83,28071890.59044246,219,219229048.8298107,219,219229048.8298107,0.34974093264248707,0.34889753566796367,833,832,882,881
2026-06-07,62,0,0,0.0,0.0,5599472.835454449,6,2233000.0,8,2334999.53380911,0,0.0,48,1031473.3016453392,15,18,25,2,4,0,770,261891605.7897184,340118.96855807584,99999.99999999999,0.6384046994279579,0.03905432504855618,0.3827119564507462,15,18,25,2,4,0,769,261891605.78971702,340561.25590340316,99999.99999999999,0.6379344844727364,0.03905432504855639,0.3827119564507482,737,737,703,703,685,685,499,499,85,6441.301449908077,84,6441.301448504118,186,613166.1849251003,186,613166.1849251003,197,13771058.88309022,197,13771058.88309022,83,28271890.59044246,83,28271890.59044246,219,219229048.82981068,219,219229048.82981068,0.35194805194805195,0.3511053315994798,835,834,885,884
2026-06-08,80,0,0,0.0,0.0,4047081.8504604464,8,1926000.0,6,2113000.0,0,0.0,66,8081.850460446274,14,20,26,6,4,0,772,261704605.7897184,338995.6033545575,99999.99999999999,0.6394950885542481,0.03908223116339907,0.3829854217787267,14,20,26,6,4,0,771,261704605.789717,339435.2863679857,99999.99999999999,0.6390275076055594,0.039082231163399275,0.38298542177872874,739,739,707,707,687,687,500,500,85,6541.301449908077,84,6541.301448504118,187,610166.1849251003,187,610166.1849251003,197,13596958.88309022,197,13596958.88309022,85,29261890.59044246,85,29261890.59044246,218,218229048.82981068,218,218229048.82981068,0.35233160621761656,0.35149156939040205,841,840,891,890
2026-06-09,134,0,0,0.0,0.0,3844180.5599170276,11,2019000.0,7,1707000.0,0,0.0,116,118180.55991702754,21,42,50,22,5,1,790,262016605.78971836,331666.5896072384,99999.99999999999,0.6473543268193916,0.03903569344077562,0.38252937644055124,21,42,50,22,5,1,789,262016605.78971702,332086.9528386781,99999.99999999999,0.6469073741284238,0.03903569344077582,0.3825293764405532,750,750,716,716,688,688,502,502,102,8451.306449908077,101,8451.306448504118,186,610710.0462963851,186,610710.0462963851,200,13806505.016718935,200,13806505.016718935,83,28361890.59044246,83,28361890.59044246,219,219229048.82981068,219,219229048.82981068,0.36455696202531646,0.3637515842839037,863,862,916,915
2026-06-10,57,0,0,0.0,0.0,4267455.584513924,15,2616000.0,6,1608840.0,0,0.0,36,42615.584513924325,16,27,36,14,2,2,804,263023765.78971836,327143.98730064475,99999.99999999999,0.6517110243505561,0.038886219537199763,0.38106461037418793,16,27,36,14,2,2,803,263023765.78971696,327551.38952642214,99999.99999999999,0.6512772896361821,0.03888621953719997,0.38106461037419,757,757,723,723,694,694,505,505,110,8652.028774239863,109,8652.028772835904,189,626034.4518471054,189,626034.4518471054,203,14198139.888843883,203,14198139.888843883,82,27961890.59044246,82,27961890.59044246,220,220229048.82981068,220,220229048.82981068,0.3718905472636816,0.3711083437110834,877,876,930,929
2026-06-11,128,0,0,0.0,0.0,3806549.865592044,10,1556605.59021352,5,2222000.0,0,0.0,113,27944.275378523667,18,29,37,5,4,1,806,262358371.37993193,325506.6642430917,99999.99999999999,0.652325898914242,0.038615123453899176,0.3816613485712082,18,29,37,5,4,1,805,262358371.3799305,325911.02034773974,99999.99999999999,0.6518940056209765,0.03861512345389939,0.3816613485712103,762,762,728,728,699,699,508,508,107,8811.042735285788,106,8811.04273388183,191,626412.8792601132,191,626412.8792601132,207,14629207.03768335,207,14629207.03768335,82,27961890.59044246,82,27961890.59044246,219,219132049.82981068,219,219132049.82981068,0.369727047146402,0.368944099378882,882,881,938,937
2026-06-12,114,0,0,0.0,0.0,30910336.48098554,37,28800000.0,3,1300000.0,0,0.0,74,810336.4809855402,23,62,70,3,4,1,806,289858371.3799319,359625.7709428436,99999.99999999999,0.6820678484726644,0.06899921470194488,0.4399805643793121,23,62,70,3,4,1,805,289858371.3799305,360072.51103096956,99999.99999999999,0.6816729017005889,0.06899921470194523,0.43998056437931427,761,761,727,727,697,697,506,506,109,9248.042735285788,108,9248.04273388183,191,624643.2136977965,191,624643.2136977965,203,14230639.703245666,203,14230639.703245666,84,28461790.59044246,84,28461790.59044246,219,246532049.8298107,219,246532049.8298107,0.37220843672456577,0.37142857142857144,885,884,941,940
2026-06-13,144,0,0,0.0,0.0,56408610.0630468,79,53898000.0,7,506000.0,0,0.0,58,2004610.063046799,28,100,109,25,7,3,827,343250371.3799319,415054.8626117677,99999.99999999999,0.712881975153895,0.05829563976742687,0.5163346192964164,28,100,109,25,7,3,826,343250371.3799305,415557.3503388989,99999.99999999999,0.7125343746395604,0.05829563976742711,0.5163346192964186,769,769,731,731,701,701,510,510,126,9248.04273528579,125,9248.042733881832,191,626696.9068683123,191,626696.9068683123,203,14320586.01007515,203,14320586.01007515,83,27061790.59044246,83,27061790.59044246,224,301232049.82981074,224,301232049.82981074,0.38331318016928656,0.38256658595641646,910,909,968,967
2026-06-14,60,0,0,0.0,0.0,12122067.750357516,14,9910000.0,7,2206200.0,0,0.0,39,5867.750357515722,13,26,32,4,2,0,829,350954171.3799319,423346.4069721736,99999.99999999999,0.7130505049761693,0.057015991351012624,0.5212419875521987,13,26,32,4,2,0,828,350954171.3799305,423857.6949032977,99999.99999999999,0.7127039476150361,0.05701599135101285,0.5212419875522009,772,772,735,735,703,703,513,513,126,10317.494343210628,125,10317.494341806669,190,623696.9078683122,190,623696.9078683122,204,14329316.557467226,204,14329316.557467226,83,27058790.59044246,83,27058790.59044246,226,308932049.82981074,226,308932049.82981074,0.38118214716525933,0.3804347826086957,914,913,972,971
2026-06-15,105,0,0,0.0,0.0,27500678.66917452,41,19913002.0,13,7576000.0,0,0.0,51,11676.66917451984,23,57,72,5,5,2,831,363291173.3799319,437173.4938386666,99999.99999999999,0.7132050548518646,0.05510731189459143,0.5258293204664,23,57,72,5,5,2,830,363291173.3799305,437700.2088914825,99999.99999999999,0.7128595187733796,0.05510731189459165,0.5258293204664021,774,774,739,739,707,707,515,515,124,10544.494343210627,123,10544.494341806669,192,629696.9078683122,192,629696.9078683122,203,14333089.557467226,203,14333089.557467226,83,26378691.59044246,83,26378691.59044246,229,321939150.82981074,229,321939150.82981074,0.3802647412755716,0.3795180722891566,919,918,977,976
2026-06-16,78,0,0,0.0,0.0,14779951.568488257,12,7508000.0,14,7265000.0,0,0.0,52,6951.568488256284,22,23,38,6,9,0,828,363534173.3799319,439050.9340337342,99999.99999999999,0.7178050712815588,0.057821251588449314,0.5370309483833995,22,23,38,6,9,0,827,363534173.3799305,439581.82996364025,99999.99999999999,0.7174638440400678,0.05782125158844954,0.5370309483834016,771,771,738,738,703,703,508,508,125,11256.897122418619,124,11256.89712101466,195,646468.910909056,195,646468.910909056,199,14108605.151647273,199,14108605.151647273,84,26428691.59044246,84,26428691.59044246,225,322339150.82981074,225,322339150.82981074,0.3864734299516908,0.3857315598548972,925,924,982,981
2026-06-17,80,0,0,0.0,0.0,14505902.394953797,28,11770000.0,7,2730000.0,0,0.0,45,5902.394953796463,14,41,47,23,1,0,850,372574173.3799319,438322.556917567,99999.99999999999,0.7198289935323992,0.06178635703909994,0.5299054953513163,14,41,47,23,1,0,849,372574173.3799305,438838.83790333394,99999.99999999999,0.7194989923469313,0.061786357039100175,0.5299054953513183,793,793,760,760,714,714,518,518,136,15858.897122418617,135,15858.897121014657,196,653384.0299347406,196,653384.0299347406,201,14034088.03262159,201,14034088.03262159,86,27331691.59044246,86,27331691.59044246,231,330539150.82981074,231,330539150.82981074,0.3905882352941176,0.38987043580683156,948,947,1007,1006
2026-06-18,92,0,0,0.0,0.0,25581183.291280396,34,15349995.02929167,10,1223996.0,0,0.0,48,9007192.261988727,16,35,43,13,8,1,856,386700172.40922356,451752.5378612425,99999.99999999999,0.7203521950829572,0.06470129233230004,0.528117170539769,16,35,43,13,8,1,855,386700172.4092222,452280.90340259904,99999.99999999999,0.7200251216269201,0.06470129233230026,0.5281171705397709,800,800,767,767,721,721,521,521,135,16057.926414088617,134,16057.926412684657,200,666123.2724338926,200,666123.2724338926,201,13944148.790122438,201,13944148.790122438,85,27734691.59044246,85,27734691.59044246,235,344339150.82981074,235,344339150.82981074,0.39135514018691586,0.3906432748538012,961,960,1021,1020
2026-06-19,91,0,0,0.0,0.0,18084518.526060425,27,12824191.0,10,5203000.0,0,0.0,54,57327.52606042407,19,39,50,17,6,2,869,394321363.4092236,453764.51485526306,99999.99999999999,0.723346690051689,0.06792541156894742,0.5238986777533742,19,39,50,17,6,2,868,394321363.4092221,454287.28503366606,99999.99999999999,0.7230279650402339,0.06792541156894769,0.5238986777533762,812,812,774,774,726,726,525,525,143,16382.926414094743,142,16382.926412690787,201,669688.497790037,201,669688.497790037,203,14096965.564766288,203,14096965.564766288,83,26234693.59044246,83,26234693.59044246,239,353303632.82981074,239,353303632.82981074,0.3958573072497123,0.3951612903225806,978,977,1039,1038
2026-06-20,148,0,0,0.0,0.0,4567750.425019852,13,2949500.0,5,1350500.0,0,0.0,130,267750.42501985235,22,72,80,35,4,1,901,395920363.40922356,439423.2668248874,99999.99999999999,0.7317952695448767,0.06763812719660717,0.5217622809829627,22,72,80,35,4,1,900,395920363.4092222,439911.51489913574,99999.99999999999,0.7314972642888216,0.0676381271966074,0.5217622809829645,841,841,793,793,733,733,529,529,168,19744.435768662,167,19744.43576725804,204,687733.484833474,204,687733.484833474,203,13881527.068368282,203,13881527.068368282,86,26834945.59044246,86,26834945.59044246,240,354496412.82981074,240,354496412.82981074,0.41287458379578246,0.4122222222222222,1013,1012,1074,1073
2026-06-21,204,0,0,0.0,0.0,3262921.4502810207,10,1258000.0,2,2000000.0,0,0.0,192,4921.450281020651,15,89,96,20,1,0,920,395178363.40922356,429541.6993578517,26505.0,0.7371230834987247,0.06775975731310753,0.5222382600089059,15,89,96,20,1,0,919,395178363.4092221,430009.1005541046,30000.0,0.7368370367995999,0.06775975731310778,0.5222382600089078,859,859,803,803,740,740,532,532,180,20461.199412611997,179,20461.199411208036,208,708523.484833474,208,708523.484833474,197,13019170.304724334,197,13019170.304724334,95,27735671.59044246,95,27735671.59044246,240,353694536.82981074,240,353694536.82981074,0.4217391304347826,0.4211099020674646,1033,1032,1094,1093
2026-06-22,218,0,0,0.0,0.0,16907669.35563796,24,10594000.0,16,6286000.0,0,0.0,178,27669.355637961267,28,126,138,32,6,7,953,399486363.40922356,419188.20924367633,10000.0,0.7427137289536682,0.06701990704141726,0.5165978860925372,28,126,138,32,6,7,952,399486363.4092221,419628.5329928804,10000.0,0.7424434702656003,0.0670199070414175,0.5165978860925391,892,892,811,811,745,745,534,534,208,21665.19945179264,207,21665.19945038868,211,725532.484833474,211,725532.484833474,191,12383030.304685153,191,12383030.304685153,99,28859161.63044246,99,28859161.63044246,244,357496973.7898107,244,357496973.7898107,0.43966421825813223,0.43907563025210083,1065,1064,1127,1126
2026-06-23,291,0,0,0.0,0.0,16288705.963335427,29,13140950.0,5,3127000.0,0,0.0,257,20755.963335425764,15,122,130,37,2,2,990,409500313.40922356,413636.68021133693,10000.0,0.7510040846723892,0.07269636648666233,0.5122581104605209,15,122,130,37,2,2,989,409500313.4092222,414054.9175017413,10000.0,0.7507523193383936,0.07269636648666257,0.5122581104605226,927,927,833,833,761,761,542,542,229,27564.25945179264,228,27564.25945038868,219,753946.681384244,219,753946.681384244,193,12495030.108134383,193,12495030.108134383,104,31124083.63044246,104,31124083.63044246,245,365099688.7298107,245,365099688.7298107,0.45252525252525255,0.45197168857431747,1102,1101,1165,1164
2026-06-24,420,0,0,0.0,0.0,13914060.093493152,19,7630000.0,13,4274030.0,0,0.0,388,2010030.0934931522,28,134,152,27,7,0,1010,412856283.40922356,408768.5974348748,10000.0,0.7616816627986673,0.08663253601144283,0.522624282179399,28,134,152,27,7,0,1009,412856283.4092222,409173.7199298535,10000.0,0.7614454701949059,0.0866325360114431,0.5226242821794007,944,944,838,838,763,763,539,539,247,30001.316163455136,246,30001.31616205118,224,770607.681384244,224,770607.681384244,190,12285071.07142272,190,12285071.07142272,107,31375332.63044246,107,31375332.63044246,242,368395270.70981073,242,368395270.70981073,0.46633663366336636,0.4658077304261645,1129,1128,1192,1191
2026-06-25,223,0,0,0.0,0.0,40218996.1536327,33,17735818.66441955,18,9423001.0,0,0.0,172,13060176.48921315,25,74,89,14,7,2,1019,421169101.07364315,413316.0952636341,10000.0,0.773650600436946,0.11548851213445277,0.5429071320215835,25,74,89,14,7,2,1018,421169101.0736417,413722.10321575805,10000.0,0.773428253286104,0.11548851213445317,0.5429071320215852,955,955,846,846,769,769,539,539,250,29789.980583005134,249,29789.98058160118,230,791429.681384244,230,791429.681384244,194,12510071.07142272,194,12510071.07142272,106,30152346.63044246,106,30152346.63044246,239,377685463.70981073,239,377685463.70981073,0.47105004906771347,0.47053045186640474,1143,1142,1206,1205
2026-06-26,517,0,0,0.0,0.0,12652403.179428251,19,7757140.0,9,3720080.0,0,0.0,489,1175183.1794282524,29,203,211,78,3,1,1095,425206161.07364315,388316.1288343773,8999.78038918,0.7888494583821997,0.12048938950140654,0.5438749196297449,29,203,211,78,3,1,1094,425206161.0736417,388671.07959199423,9077.811892489106,0.788656450574511,0.12048938950140695,0.5438749196297467,1028,1028,909,909,792,792,546,546,303,40470.66847301811,302,40470.668471614146,246,852742.681384244,246,852742.681384244,194,12144100.347909123,194,12144100.347909123,111,30279485.746066045,111,30279485.746066045,241,381889361.6298107,241,381889361.6298107,0.5013698630136987,0.5009140767824497,1221,1220,1291,1290
2026-06-27,195,0,0,0.0,0.0,2363617.3741843486,5,1020200.0,1,165189.0,0,0.0,189,1178228.3741843489,18,102,110,17,5,1,1108,426061172.0736431,384531.74374877533,6000.0,0.7926072412614295,0.12233646522239479,0.5451228412803021,18,102,110,17,5,1,1107,426061172.0736417,384879.1075642653,6000.0,0.7924198945959081,0.12233646522239518,0.5451228412803039,1038,1038,913,913,796,796,545,545,312,40857.118978408704,311,40857.11897700475,251,874539.6063842439,251,874539.6063842439,192,11909754.088027317,192,11909754.088027317,113,30349114.63044246,113,30349114.63044246,240,382886906.6298107,240,382886906.6298107,0.5081227436823105,0.5076784101174345,1238,1237,1308,1307
2026-06-28,263,0,0,0.0,0.0,6070299.186304829,6,1017555.0,13,4037928.0,0,0.0,244,1014816.186304829,23,108,121,11,2,0,1117,423040799.0736431,378729.4530650341,5555.0,0.7953486056182466,0.1234528060989894,0.5490068172350664,23,108,121,11,2,0,1116,423040799.0736417,379068.81637423096,5651.5,0.7951652262326057,0.1234528060989898,0.5490068172350682,1046,1046,917,917,801,801,544,544,316,40912.00428135885,315,40912.00427995489,257,883509.6063842439,257,883509.6063842439,191,11755998.222724367,191,11755998.222724367,116,31876036.63044246,116,31876036.63044246,237,378484342.6098107,237,378484342.6098107,0.5129811996418979,0.5125448028673835,1249,1248,1320,1319
2026-06-29,301,1,0,410000000.0,0.0,13518407.018303342,18,6634000.0,12,6875160.0,0,0.0,270,9247.018303342633,22,133,145,20,2,1,1136,422799639.07364315,372182.78087468585,5095.639324500001,0.7998673457251911,0.12568213122515076,0.555438065544554,22,133,145,20,2,1,1135,422799639.0736417,372510.69521906757,5110.000000000001,0.7996910173954395,0.12568213122515118,0.5554380655445559,1065,1065,924,924,807,807,545,545,329,41261.3710620348,328,41261.371060630845,262,906432.6063842439,262,906432.6063842439,187,11310261.87594369,187,11310261.87594369,122,33078511.63044246,122,33078511.63044246,236,377463171.5898107,236,377463171.5898107,0.5202464788732394,0.5198237885462555,1269,1268,1340,1339
2026-06-30,839,0,0,0.0,0.0,355930975.77019006,66,41735156.0,47,21773360.0,0,0.0,726,292422459.77019006,432,141,457,16,396,0,756,442761435.0736432,585663.2739069355,3000.0,0.9473280141987539,0.6904866495234276,0.9541414391068601,432,141,457,16,396,0,755,442761435.0736418,586438.9868525057,3000.0,0.9472582499791556,0.6904866495234299,0.9541414391068632,687,687,578,578,488,488,278,278,268,31345.60281146098,267,31345.60281005702,210,695331.775156761,210,695331.775156761,129,7249384.2630479345,129,7249384.2630479345,54,15654192.59044246,54,15654192.59044246,95,419131180.84218454,95,419131180.84218454,0.6322751322751323,0.6317880794701987,1285,1284,1372,1371
2026-07-01,967,0,0,0.0,0.0,310691475.83583456,147,107332694.0,23,11133672.0,0,0.0,797,192225109.83583456,295,232,318,7,113,0,650,538960457.0736431,829169.9339594509,3000.0,0.9821051857008377,0.8758241727605066,0.9912937026186849,295,232,318,7,113,0,649,538960457.0736418,830447.5455680151,3000.0,0.9820776127974543,0.8758241727605087,0.9912937026186873,584,584,478,478,391,391,194,194,259,30894.07291177984,258,30894.07291037588,197,642730.9845726008,197,642730.9845726008,113,5918724.958568302,113,5918724.958568302,29,7526970.59044246,29,7526970.59044246,52,524841136.46714795,52,524841136.46714795,0.7015384615384616,0.7010785824345146,1292,1291,1425,1424
2026-07-02,755,0,0,0.0,0.0,237019048.61822715,166,92649441.0,22,7635084.0,0,0.0,567,136734523.61822715,274,230,294,11,66,1,596,623974814.0736431,1046937.6075061125,3000.0,0.9919780449312691,0.9500778782990771,0.9981711059386479,274,230,294,11,66,1,595,623974814.0736417,1048697.1665103221,3000.0,0.991964562653847,0.9500778782990793,0.9981711059386501,529,529,421,421,338,338,151,151,258,29549.552265503764,257,29549.552264099802,187,601632.2796269758,187,601632.2796269758,104,5104874.184160201,104,5104874.184160201,18,4607630.59044246,18,4607630.59044246,29,613631127.467148,29,613631127.467148,0.7466442953020134,0.746218487394958,1303,1302,1497,1496
2026-07-03,920,1,0,1430000000.0,0.0,285626608.92093444,204,137312782.0,26,4599540.0,0,0.0,689,143714286.9209344,266,259,280,5,25,0,576,756688056.0736433,1313694.5417945196,2935.0913269150005,0.9940056366891201,0.9661614711624267,0.9987057027205614,266,259,280,5,25,0,575,756688056.0736418,1315979.2279541597,2995.03,0.9939952117094526,0.9661614711624287,0.9987057027205634,509,509,401,401,319,319,136,136,257,29363.552265503764,256,29363.552264099802,183,590015.7400941832,183,590015.7400941832,96,4474820.723692993,96,4474820.723692993,15,3807620.59044246,15,3807620.59044246,25,747786235.4671481,25,747786235.4671481,0.7638888888888888,0.7634782608695653,1308,1307,1585,1584
2026-07-04,1231,0,0,0.0,0.0,305431555.3520411,259,137430513.0,30,8227931.928990511,0,0.0,942,159773110.4230506,339,335,352,6,19,0,563,885890637.1446527,1573518.005585529,1658.81615319,0.9955462173320089,0.9796038892590266,0.9990619580348257,339,335,352,6,19,0,562,885890637.1446514,1576317.859687992,1675.33849238,0.9955382924518197,0.9796038892590281,0.9990619580348272,496,496,385,385,304,304,122,122,259,29567.96275822439,258,29567.962756820427,182,581434.631438406,182,581434.631438406,89,3874850.3549546394,89,3874850.3549546394,13,3582620.59044246,13,3582620.59044246,20,877822163.6050589,20,877822163.6050589,0.783303730017762,0.7829181494661922,1314,1313,1728,1727
2026-07-05,804,0,0,0.0,0.0,225210922.1022936,164,104276883.0,15,6973328.0,0,0.0,625,113960711.10229361,246,241,256,8,15,0,556,983194192.1446528,1768334.8779580088,1310.091923405,0.9961063041201578,0.9841288189795694,0.999244896292131,246,241,256,8,15,0,555,983194192.1446514,1771521.0669272998,1341.18384681,0.9960992884519084,0.9841288189795708,0.9992448962921324,489,489,375,375,294,294,114,114,262,29394.541656180223,261,29394.541654776265,180,573019.0383873745,180,573019.0383873745,84,3464709.421720176,84,3464709.421720176,12,3537210.0,12,3537210.0,18,975589859.142889,18,975589859.142889,0.7949640287769785,0.7945945945945946,1322,1321,1790,1789
2026-07-06,1325,0,0,0.0,0.0,365934173.3115379,260,170695735.0,23,9195054.0,0,0.0,1042,186043384.31153792,403,387,417,5,30,3,534,1144694873.1446524,2143623.357948787,1000.0,0.9966704747663002,0.989441928959676,0.9994830045225024,403,387,417,5,30,3,533,1144694873.144651,2147645.16537458,1000.0,0.9966642280022618,0.9894419289596773,0.9994830045225036,467,467,352,352,275,275,101,101,259,27961.547819926138,258,27961.54781852218,174,553840.5247108047,174,553840.5247108047,75,2646797.717625395,75,2646797.717625395,9,1857170.0,9,1857170.0,17,1139609103.3544965,17,1139609103.3544965,0.8108614232209738,0.8105065666041276,1327,1326,1877,1876
2026-07-07,1058,0,0,0.0,0.0,215100825.83382693,151,91206986.0,23,10580310.0,0,0.0,884,113313529.83382691,355,367,375,15,7,0,542,1225321549.1446524,2260740.865580539,1000.0,0.9969751019588723,0.9917174272445379,0.9995175325755695,355,367,375,15,7,0,541,1225321549.144651,2264919.684186046,1000.0,0.996969510650111,0.9917174272445392,0.9995175325755706,476,476,356,356,275,275,101,101,267,29315.029920190504,266,29315.029918786542,174,551862.7019952529,174,551862.7019952529,77,2710467.1477108602,77,2710467.1477108602,9,1857170.0,9,1857170.0,15,1220172734.2650263,15,1220172734.2650263,0.8136531365313653,0.8133086876155268,1342,1341,1949,1948
2026-07-08,9103,0,0,0.0,0.0,208940854.52405715,138,84231000.0,38,14297498.223447088,0,0.0,8927,110412356.30061007,1855,6231,6241,4120,12,48,4698,1295255050.9212053,275703.5016860803,30.0,0.9995905601803096,0.9920499944221005,0.9993897886851613,1854,6230,6240,4120,11,48,4698,1295255050.9212053,275703.5016860803,30.0,0.9995905601803096,0.9920499944221005,0.9993897886851613,4636,4636,614,614,299,299,101,101,4399,144880.58567938977,4399,144880.58567938977,198,635498.7019952529,198,635498.7019952529,63,1224435.5919516615,63,1224435.5919516615,23,3282000.0,23,3282000.0,15,1289968236.0415792,15,1289968236.0415792,0.9785014899957428,0.9785014899957428,5462,5461,6983,6982
2026-07-09,1474,0,0,0.0,0.0,176357875.13076714,129,67010894.92899051,32,11188195.0,0,0.0,1313,98158785.20177662,426,401,451,14,49,1,4664,1351077750.850196,289682.19357851543,30.0,0.9996126000867451,0.9935754756718004,0.999433660106945,426,400,450,14,49,0,4663,1351068148.7552814,289742.25793593854,30.0,0.9996130603692723,0.9935825370521096,0.9994404328262597,4602,4601,603,602,293,292,98,98,4371,144119.25693046476,4371,144119.25693046476,195,639950.0669093326,194,630347.9719952529,63,1215962.555786507,63,1215962.555786507,21,2676110.0,21,2676110.0,14,1346401608.9705696,14,1346401608.9705696,0.9789879931389366,0.9789834870255201,5476,5475,7041,7040
2026-07-10,1250,0,0,0.0,0.0,165610156.48999003,126,74948324.0,18,7332471.0,0,0.0,1106,83329361.48999003,391,333,405,11,69,0,4606,1418693603.850196,308009.9009661737,20.5,0.9996264538616363,0.9942650547107503,0.9995103832687998,391,332,404,11,69,0,4605,1418682799.973731,308074.4408194856,20.0,0.9996268954380307,0.99427262646451,0.9995153136945734,4544,4543,592,591,283,282,93,92,4323,143771.57759362477,4323,143771.57759362477,190,610793.9719952528,190,610793.9719952528,62,1205544.6507005864,61,1194740.7742360118,17,2172130.0,17,2172130.0,14,1414561363.6499066,14,1414561363.6499066,0.9798089448545375,0.9800217155266016,5487,5486,7093,7092
2026-07-11,1142,0,0,0.0,0.0,57396244.55311017,49,23544593.0,10,5126900.0,0,0.0,1083,28724751.553110164,331,317,353,8,32,0,4582,1437111296.8501961,313642.7972174151,20.5,0.9996276174740405,0.9943482576885683,0.999523890546371,331,317,353,8,32,0,4581,1437100492.9737315,313708.90481854,20.0,0.9996280507673743,0.9943557330292222,0.9995286465507046,4520,4519,591,590,282,281,92,91,4300,143876.1870487951,4300,143876.1870487951,190,607071.5119952528,190,607071.5119952528,61,1195215.0236006747,60,1184411.1471361,17,2172130.0,17,2172130.0,14,1432993004.1275513,14,1432993004.1275513,0.9799214316892186,0.9801353416284654,5495,5494,7109,7108
2026-07-12,927,0,0,0.0,0.0,37595171.54195063,31,14435998.0,14,4315823.517982636,0,0.0,882,18843350.023967993,278,274,297,3,20,0,4565,1447231471.3322132,317027.704563464,20.0,0.9996281012163121,0.9943908242562656,0.9995296861794464,277,274,296,3,20,0,4564,1447221312.1557488,317094.9413137048,20.0,0.9996285227240795,0.9943978046619389,0.9995344091765037,4503,4502,588,587,282,281,92,91,4283,141960.41020960567,4283,141960.41020960567,190,605053.9769952528,190,605053.9769952528,61,1194741.277361215,60,1184582.1008966404,17,2172130.0,17,2172130.0,14,1443117585.6676474,14,1443117585.6676474,0.9798466593647317,0.9800613496932515,5498,5497,7125,7124
2026-07-13,1276,0,0,0.0,0.0,90647257.95536557,60,40052816.0,14,4598069.0,0,0.0,1202,45996372.95536556,338,353,385,43,38,1,4571,1482686218.3322139,324368.01976202446,30.0,0.9996392913255022,0.9953640548318508,0.9995491021926074,337,353,384,43,38,1,4570,1482676539.1557493,324436.87946515303,27.050771616899,0.9996396842787864,0.995370552745643,0.9995530164891699,4507,4506,609,608,284,283,87,87,4287,152741.41259860568,4287,152741.41259860568,197,616689.1534598275,196,607009.9769952528,59,1134061.4437000223,59,1134061.4437000223,15,1970160.0,15,1970160.0,13,1478812566.3224552,13,1478812566.3224552,0.98096696565303,0.9809628008752735,5541,5540,7199,7198
2026-07-14,1330,0,0,0.0,0.0,90077581.96316981,76,39860178.0,15,4390850.0,0,0.0,1239,45826553.963169806,347,368,386,26,20,0,4577,1518155546.3322136,331692.2757990417,30.0,0.9996499161925134,0.9963324522778636,0.9995717832804645,346,368,385,26,20,0,4576,1518155546.3321989,331764.7609991693,30.0,0.9996498396882042,0.9963324522778734,0.9995717832804742,4513,4513,625,625,283,283,84,84,4294,161588.41261332942,4293,161588.41259860568,199,598990.5998784385,199,598990.5998784385,59,1139008.9033074284,59,1139008.9033074284,13,1668320.0,13,1668320.0,12,1514587638.4164143,12,1514587638.4164143,0.9816473672711383,0.9816433566433567,5567,5566,7253,7252
2026-07-15,8600,0,0,0.0,0.0,164576473.0632523,133,62291664.0,30,10859897.0,0,0.0,8437,91424912.0632523,664,709,758,88,49,2,4618,1569587313.3322132,339884.649920358,30.0,0.9996538635807304,0.9960764374387404,0.9995870397703558,663,708,757,88,49,2,4617,1569587313.3320186,339958.26582889725,30.0,0.999653788610993,0.996076437438864,0.9995870397704797,4553,4553,630,630,281,281,85,85,4337,163571.78731462354,4336,163571.78711997662,196,590054.7747426528,196,590054.7747426528,60,1284599.078454509,60,1284599.078454509,13,2120148.378706587,13,2120148.378706587,12,1565428939.312995,12,1565428939.312995,0.9815937635339974,0.9815897769114144,5655,5654,7404,7403
2026-07-16,9694,0,0,0.0,0.0,136784117.83782145,111,64023798.741429724,14,3631337.0,0,0.0,9569,69128982.09639172,645,648,676,18,24,0,4612,1629979775.073643,353421.4603368697,30.0,0.9996572808327219,0.9960071264700663,0.9996024205994224,644,647,675,18,24,0,4611,1629279775.073448,353346.2969146493,30.0,0.999660402489406,0.996435048671882,0.9996053370380182,4548,4547,627,626,281,280,85,84,4331,162553.78711997662,4331,162553.78711997662,196,590942.0195043215,196,590942.0195043215,60,1291302.8165883264,60,1291302.8165883264,13,2463504.475006304,12,1763504.4748116573,12,1625471471.975424,12,1625471471.975424,0.9815698178664354,0.9817826935588809,5673,5672,7446,7445
2026-07-17,10029,1,0,1070000000.0,0.0,109275199.25385982,73,48303177.0,23,6060622.0,0,0.0,9932,54911400.25385981,596,596,617,6,19,0,4599,1672222330.0736432,363605.6381982264,24.101543233797997,0.9996608599500529,0.9961092324053634,0.9996213788220124,596,596,617,6,19,0,4598,1671522330.0734484,363532.4771799583,22.550771616899,0.9996639115792139,0.9965263829574874,0.9996242294959699,4535,4534,619,618,278,277,85,84,4321,160708.80146197663,4321,160708.80146197663,193,572815.4117043214,193,572815.4117043214,60,1298712.5408040253,60,1298712.5408040253,13,2473991.698907857,12,1773991.69871321,12,1667716101.620765,12,1667716101.620765,0.9815177212437486,0.9817311874728143,5679,5678,7459,7458
2026-07-18,10552,0,0,0.0,0.0,39280519.49985846,26,15213000.0,18,4066428.0,0,0.0,10508,20001091.49985846,578,584,592,5,7,0,4597,1683368902.0736432,366188.57995946123,23.0,0.9996617405404433,0.9961418277610457,0.9996249563671445,577,584,591,5,7,0,4596,1682848123.0734484,366154.9440977912,22.0,0.9996642459344491,0.9964500966642229,0.9996278292854346,4533,4532,619,618,278,277,85,84,4319,160456.80146197663,4319,160456.80146197663,193,571295.4117043214,193,571295.4117043214,60,1298883.1535240216,60,1298883.1535240216,13,2464091.799209157,12,1943312.7990145101,12,1678874174.9077437,12,1678874174.9077437,0.9815096802262345,0.9817232375979112,5684,5683,7474,7473
2026-07-19,9992,0,0,0.0,0.0,10703790.267193338,16,3868863.0,7,476190.0,0,0.0,9969,6358737.267193338,565,573,584,6,8,0,4595,1686761575.0736432,367086.305783165,27.0,0.9996617518181653,0.9961223012930838,0.9996250603431885,565,573,584,6,8,0,4594,1686240796.0734487,367052.85069078114,25.550771616899,0.9996642534715046,0.9964299439366178,0.9996279275133527,4530,4529,619,618,279,278,85,84,4316,159984.64857343768,4316,159984.64857343768,194,572893.5822043214,194,572893.5822043214,60,1298951.3336558002,60,1298951.3336558002,13,2508923.614105544,12,1988144.613910897,12,1682220821.8951042,12,1682220821.8951042,0.9815016322089227,0.9817152808010449,5690,5689,7492,7491
2026-07-20,9859,0,0,0.0,0.0,45004557.23033903,31,16584115.0,14,3131753.0,0,0.0,9814,25288689.230339028,613,591,638,17,46,0,4566,1700213937.0736434,372363.9809622522,20.0,0.9996582809568977,0.9956167873106783,0.9996330854283343,613,591,638,17,46,0,4565,1699693158.0734487,372331.4694574915,20.0,0.9996608917908266,0.9959218402036725,0.9996359323648966,4501,4500,612,611,277,276,85,84,4289,158928.96646048327,4289,158928.96646048327,192,565228.7266974831,192,565228.7266974831,60,1333738.2874286282,60,1333738.2874286282,12,2394503.322955891,11,1873724.3227612441,13,1695761537.7701006,13,1695761537.7701006,0.9813841436706089,0.9815991237677985,5707,5706,7537,7536
2026-07-21,12862,0,0,0.0,0.0,113021003.46111788,80,41829263.0,18,3093821.5570730804,0,0.0,12764,68097918.90404479,1303,2028,2064,689,35,2,5222,1738949378.51657,333004.4769277231,30.0,0.999692018386458,0.9958350270264213,0.9996396395965844,1303,2028,2064,689,35,2,5221,1738428599.5163753,332968.51168672193,30.0,0.9996942092774025,0.9961333481480815,0.9996424135568558,5157,5156,669,668,274,273,82,81,4948,181920.09416533992,4948,181920.09416533992,192,560102.8300926265,192,560102.8300926265,58,1224243.6831627556,58,1224243.6831627556,11,2276410.556521752,10,1755631.5563271048,13,1734706701.3526273,13,1734706701.3526273,0.9842972041363462,0.9844857307029304,6396,6395,8650,8649
2026-07-22,10852,0,0,0.0,0.0,53679929.968073234,42,22369281.0,22,5070473.0,0,0.0,10788,26240175.968073234,647,639,663,9,21,1,5211,1756248186.5165703,337027.0939390847,30.0,0.9996873523734069,0.9952950922153302,0.9996388512951987,646,639,662,9,21,1,5210,1755776537.5163755,337001.2548016076,30.0,0.9996894825308102,0.9955624553592791,0.9996416077191915,5146,5145,671,670,277,276,84,83,4934,181548.02052220993,4934,181548.02052220993,193,558083.1620447871,193,558083.1620447871,59,1239845.2892207075,59,1239845.2892207075,11,2279519.2927662125,10,1807870.2925715656,14,1751989190.7520163,14,1751989190.7520163,0.9838802533103052,0.9840690978886756,6405,6404,8674,8673
2026-07-23,10973,0,0,0.0,0.0,71096592.91598545,51,29622240.0,17,2450393.0,0,0.0,10905,39023959.91598545,665,681,700,20,21,1,5211,1783420033.51657,342241.4188287411,30.0,0.9996998766871924,0.9965834210766525,0.9996544188869205,664,680,699,20,21,1,5210,1782270619.0727708,342086.4911847929,28.875,0.9997031976594319,0.9971422996914812,0.9996570070371307,5142,5141,671,670,276,275,79,78,4935,181927.72699202318,4935,181927.72699202318,197,566432.977975595,197,566432.977975595,57,1233234.593020834,57,1233234.593020834,9,1111600.0,9,1111600.0,13,1780326838.2185817,12,1779177423.7747824,0.9848397620418345,0.9850287907869482,6425,6424,8713,8712
2026-07-24,11028,0,0,0.0,0.0,64676474.37897913,68,29401120.0,19,2339236.0,0,0.0,10941,32936118.378979128,696,680,731,20,46,1,5186,1810481917.5165699,349109.5097409506,30.0,0.9997005366269545,0.9966086216299371,0.9996631649206765,695,680,730,20,46,1,5185,1809681252.5472937,349022.42093486857,30.0,0.9997031913695051,0.9970495554188541,0.9996657843366346,5118,5117,675,674,273,272,79,78,4913,183193.26702171905,4913,183193.26702171905,194,558614.977975595,194,558614.977975595,57,1264506.6484271274,57,1264506.6484271274,10,2133714.321031324,9,1333049.35175532,12,1806341888.3021142,12,1806341888.3021142,0.9847666795217894,0.9849566055930569,6445,6444,8759,8758
2026-07-25,10885,0,0,0.0,0.0,51967805.44427255,37,21180767.0,14,1450670.0,0,0.0,10834,29336368.44427255,590,583,601,6,13,0,5179,1830212014.51657,353391.00492692995,30.0,0.9997024392007551,0.9967659559339419,0.9996708011598445,589,583,600,6,13,0,5178,1829611349.547294,353343.2502022584,30.0,0.9997045696378984,0.9970931961385049,0.9996734313696922,5110,5109,667,666,270,269,79,78,4909,181423.26702171905,4909,181423.26702171905,191,552064.8300926265,191,552064.8300926265,56,1199327.4838250598,56,1199327.4838250598,11,1986170.724236229,10,1385505.7549602245,12,1826293028.2113945,12,1826293028.2113945,0.9847460899787603,0.984936268829664,6451,6450,8786,8785
2026-07-26,11224,0,0,0.0,0.0,94242758.80987774,30,19576938.0,25,11008838.0,0,0.0,11169,63656982.80987774,669,670,684,14,10,0,5183,1838780114.51657,354771.390028279,22.25,0.9997039118858786,0.9968334408387189,0.9996729007096351,669,670,684,14,10,0,5182,1838179449.5472937,354723.93854637083,21.625,0.9997060109422523,0.9971591777673211,0.9996755193456539,5110,5109,664,663,270,269,78,77,4913,180383.26519924978,4913,180383.26519924978,192,561616.3333657072,192,561616.3333657072,56,1232638.4493628428,56,1232638.4493628428,10,1847967.9692760045,9,1247303.0,12,1834957508.4993663,12,1834957508.4993663,0.9849508006945784,0.9851408722500965,6465,6464,8845,8844
2026-07-27,15939,0,0,0.0,0.0,130929928.33431558,64,34757554.0,40,12800526.0,0,0.0,15835,83371848.33431558,1245,1234,1274,41,38,3,5189,1860737142.51657,358592.6271953305,30.0,0.9996836116263382,0.9946720823796091,0.9996396354090801,1244,1233,1273,41,38,3,5188,1860537142.5165703,358623.19632162113,30.0,0.999684920819186,0.9947790054890326,0.9996426065548613,5115,5114,690,689,285,284,87,86,4904,184566.24051695276,4904,184566.24051695276,198,579330.9074368033,198,579330.9074368033,60,1352952.1958914422,60,1352952.1958914422,12,2786084.864684665,11,2586084.864684665,15,1855834208.3080404,15,1855834208.3080404,0.9832337637309694,0.9834232845026986,6506,6505,9474,9473
2026-07-28,1465,0,0,0.0,0.0,60413289.63510754,24,13520684.0,35,15175075.83367373,0,0.0,1406,31717529.80143381,411,404,430,6,26,1,5170,1859082750.6828964,359590.4740199026,30.0,0.9996831532775715,0.9947849294622086,0.9996349837786683,410,403,429,6,26,1,5169,1858743081.5106401,359594.3280152138,30.0,0.9996849812893033,0.9949667177776162,0.9996379298637388,5098,5097,691,690,288,287,87,86,4882,183148.08423498116,4882,183148.08423498116,201,589273.4499312132,201,589273.4499312132,60,1366101.0385824942,60,1366101.0385824942,13,3552735.107653975,12,3213065.935397723,14,1853391493.0024939,14,1853391493.0024939,0.9831721470019342,0.983362352485974,6512,6511,9501,9500
2026-07-29,1451,0,0,0.0,0.0,59986883.608133174,25,12278096.0,27,16136659.0,0,0.0,1399,31572128.60813318,465,387,483,12,91,2,5093,1855224187.6828961,364269.42620909016,30.0,0.9996838372299894,0.9952643582758502,0.9996422651049567,464,387,482,12,91,2,5092,1854982918.51064,364293.581797062,30.0,0.9996852714070024,0.9953938077740107,0.9996449301912756,5018,5017,689,688,286,285,83,82,4807,181140.1510450655,4807,181140.1510450655,203,598630.4213102143,203,598630.4213102143,57,1319422.4213493413,57,1319422.4213493413,12,2682494.077138534,11,2441224.9048822825,14,1850442500.6120532,14,1850442500.6120532,0.9837031219320637,0.9838963079340142,6524,6523,9534,9533
2026-07-30,1619,0,0,0.0,0.0,84865376.06856988,30,13493134.0,44,26818576.0,0,0.0,1545,44553666.06856988,393,457,496,94,37,0,5150,1841898745.6828961,357650.241880174,20.0,0.9996926008430681,0.9958671146405557,0.9996452498746106,393,456,495,94,37,0,5149,1840961580.0383704,357537.6927633269,20.0,0.9996958294486824,0.9963740738603861,0.9996477906882921,5073,5072,686,685,284,283,79,78,4866,181784.25649805553,4866,181784.25649805553,205,608333.9547007958,205,608333.9547007958,56,1309783.3059510724,56,1309783.3059510724,10,2512454.842462058,9,1575289.1979359386,13,1837286389.3232844,13,1837286389.3232844,0.9846601941747573,0.984851427461643,6618,6617,9670,9669
2026-07-31,1652,0,0,0.0,0.0,2767929339.098207,28,12397000.0,54,30940065.0,0,0.0,1570,2724592274.098207,455,475,504,35,25,0,5160,1823355680.6828964,353363.50400831323,20.0,0.9994885726237772,0.9945003535636652,0.99964216891663,454,474,503,35,25,0,5159,1823307079.5151014,353422.5779250051,20.0,0.9994891168268908,0.9945268624710778,0.9996449181019145,5083,5082,685,684,282,281,82,81,4878,181026.78409953247,4878,181026.78409953247,200,591620.9547007958,200,591620.9547007958,56,1275394.3668487277,55,1226793.1990542696,12,3975779.4657894373,12,3975779.4657894373,14,1817331859.1114578,14,1817331859.1114578,0.984108527131783,0.9842992828067455,6653,6652,9744,9743
2026-08-01,1549,0,0,0.0,0.0,214042531.95646268,37,25061000.0,58,41105336.0026077,0,0.0,1454,147876195.95385498,430,448,465,31,13,1,5179,1807311344.6802883,348969.17255846463,20.0,0.9994913590437156,0.9946016234006314,0.9996387905036345,430,447,464,31,13,1,5178,1805889716.869497,348762.0156179021,20.0,0.9994957054285833,0.9951549880431996,0.9996412804090213,5099,5098,689,688,283,282,80,79,4896,182589.75795990514,4896,182589.75795990514,203,598972.6628408416,203,598972.6628408416,55,1284917.7302212527,55,1284917.7302212527,10,2679087.1198739475,10,2679087.1198739475,15,1802565777.4093926,14,1801144149.5986013,0.9845530025101371,0.9847431440710699,6684,6683,9846,9845
2026-08-02,1233,0,0,0.0,0.0,58409728.90674888,28,10467783.0,29,12730683.0,0,0.0,1176,35211262.90674888,337,351,362,15,11,0,5183,1805048444.6802883,348263.253845319,20.0,0.9994937419377224,0.9948358860230944,0.9996433184018764,336,350,361,15,11,0,5182,1803168359.1421847,347967.64939061843,20.0,0.9994986077996004,0.995388957520239,0.9996457249481445,5104,5103,688,687,281,280,78,77,4902,183519.3013114174,4902,183519.3013114174,203,599092.6628408416,203,599092.6628408416,55,1285130.3063631002,55,1285130.3063631002,8,2242753.631650026,8,2242753.631650026,15,1800737948.7781231,14,1798857863.2400193,0.9849508006945784,0.9851408722500965,6699,6698,9912,9911
2026-08-03,1571,0,0,0.0,0.0,160467447.738038,87,54090064.0,46,15879926.0,0,0.0,1438,90497457.73803799,436,441,449,9,6,0,5186,1843258582.6802883,355429.7305592534,20.0,0.9994986356572062,0.9950522169333941,0.9996551605009549,435,440,448,9,6,0,5185,1842299759.62495,355313.3576904436,20.0,0.9995020592903561,0.9955700908580238,0.9996577004567432,5106,5105,689,688,281,280,77,76,4905,183230.70225815516,4905,183230.70225815516,204,596029.3064929121,204,596029.3064929121,54,1234046.1595847018,54,1234046.1595847018,9,3102747.434426126,8,2143924.379087558,14,1838142529.0775266,14,1838142529.0775266,0.9851523332047821,0.9853423336547734,6708,6707,9994,9993
2026-08-04,3640,0,0,0.0,0.0,100427654.98062982,51,29960390.0,36,18851555.0,0,0.0,3553,51615709.980629824,875,900,927,45,27,2,5206,1854367417.6802883,356198.1209528022,20.0,0.999505071179835,0.9955929780431995,0.9996559940922914,874,899,926,45,27,2,5205,1854222979.734665,356238.80494421994,20.0,0.9995059327252062,0.995670531501439,0.9996586638426652,5125,5124,720,719,283,282,74,73,4923,190698.96445554073,4923,190698.96445554073,209,603607.0247780422,209,603607.0247780422,53,1177070.0507544305,53,1177070.0507544305,6,1189851.8857047688,5,1045413.9400811945,15,1851206189.7545958,15,1851206189.7545958,0.9857856319631195,0.9859750240153698,6753,6752,10573,10572
2026-08-05,9495,0,0,0.0,0.0,92764215.62443183,52,32541953.0,24,9604784.0,0,0.0,9419,50617478.62443184,2777,2834,2863,77,33,0,5250,1877304586.6802888,357581.8260343407,20.0,0.9995112893720842,0.9957339601415294,0.9996593486830867,2776,2833,2862,77,33,0,5249,1877239638.5761862,357637.5764100183,20.0,0.9995118162868025,0.9957684102093699,0.9996620003825503,5169,5168,780,779,281,280,74,73,4969,194464.31683394036,4969,194464.31683394036,207,604367.4226469515,207,604367.4226469515,55,1253390.5137054867,54,1188442.409603114,4,945413.9400811945,4,945413.9400811945,15,1874306950.487021,15,1874306950.487021,0.985904761904762,0.9860925890645837,6830,6829,12998,12997
2026-08-06,1278,0,0,0.0,0.0,77841755.90904425,37,19423011.39023602,28,12511300.0,0,0.0,1213,45907444.51880824,384,379,396,5,16,0,5239,1884216298.0705247,359651.89884911716,20.0,0.9995147041608179,0.9957039199365364,0.9996694668051537,383,378,395,5,16,0,5238,1884016298.0705245,359682.378402162,20.0,0.99951570336076,0.9958096200752196,0.9996720856218626,5158,5157,772,771,277,276,72,71,4962,194858.06991621508,4962,194858.06991621508,205,595345.1531744894,205,595345.1531744894,52,1148106.9102221022,52,1148106.9102221022,5,1145413.9400811945,4,945413.9400811945,15,1881132573.9971304,15,1881132573.9971304,0.9862569192594006,0.9864452080946926,6835,6834,13018,13017
2026-08-07,1480,0,0,0.0,0.0,116298119.90377271,58,40656499.0,28,15681571.0,0,0.0,1394,59960049.90377271,383,385,405,12,14,0,5237,1909191226.0705247,364558.1871435029,20.0,0.9995202222814741,0.9959862835757589,0.9996728613503788,382,384,404,12,14,0,5236,1907830910.345492,364368.01190708403,20.0,0.9995238126805216,0.9965112986979067,0.9996752488723158,5154,5153,772,771,278,277,73,72,4959,195530.29669913196,4959,195530.29669913196,205,591487.1331744894,205,591487.1331744894,54,1260813.588976852,54,1260813.588976852,5,1608021.1622456622,5,1608021.1622456622,14,1905535373.8894286,13,1904175058.1643958,0.9860607217872828,0.9862490450725745,6847,6846,13037,13036
2026-08-08,1310,0,0,0.0,0.0,33336402.980247807,24,11340333.0,14,5017264.0,0,0.0,1272,16978805.980247807,322,314,327,3,9,0,5231,1915514295.0705247,366185.1070675826,20.0,0.9995213214953912,0.9960254666350958,0.999677451511035,321,313,326,2,9,0,5229,1914153339.345492,366064.8956484016,20.0,0.9995248781789127,0.9965491085061308,0.9996801686526978,5148,5146,770,768,276,275,72,71,4955,195793.29859955082,4954,195153.29859955082,204,589500.1331744894,204,589500.1331744894,53,1210626.9821048793,53,1210626.9821048793,5,1610255.0628298551,5,1610255.0628298551,14,1911908119.5938158,13,1910547803.868783,0.9862359013572931,0.9864218779881431,6850,6848,13046,13044
2026-08-09,871,0,0,0.0,0.0,27293997.55181056,13,4278000.0,33,9639992.0,0,0.0,825,13376005.551810559,255,258,272,13,9,0,5235,1910152303.0705247,364881.05120735907,20.0,0.9995219260884477,0.9961390742948412,0.9996747314510421,254,258,271,13,9,0,5233,1909291347.345492,364855.9807654294,20.0,0.9995246308672856,0.9965882627542847,0.9996775387534413,5151,5149,778,776,277,276,71,70,4958,198705.52504229342,4957,198065.52504229342,206,595064.1331744895,206,595064.1331744895,52,1110629.4119423528,52,1110629.4119423528,6,2470557.0575342583,5,1610241.3325015237,13,1905777346.942831,13,1905777346.942831,0.9864374403056352,0.9866233518058475,6863,6861,13061,13059
2026-08-10,1190,0,0,0.0,0.0,1042363808.5927745,43,17578112.0,27,8741609.0,0,0.0,1120,1016044087.5927745,382,369,393,8,22,0,5221,1918988806.0705245,367551.96438814874,20.0,0.9995228033409802,0.9961730751699277,0.999679126578584,382,369,393,8,22,0,5219,1918127850.345492,367527.85022906534,20.0,0.9995254965021604,0.9966202095525688,0.99968192292096,5136,5134,771,769,276,275,71,70,4945,196147.56099676678,4944,195507.56099676678,205,590602.1331744895,205,590602.1331744895,52,1110583.2975475541,52,1110583.2975475541,6,2446492.9188633855,5,1586177.1938306508,13,1914644980.1599424,13,1914644980.1599424,0.9864010725914576,0.986587468863767,6871,6869,13077,13075
2026-08-11,1191,0,0,0.0,0.0,49645510.7581833,33,16511500.0,18,6886884.0,0,0.0,1140,26247126.758183304,375,363,385,12,20,0,5213,1928613422.0705245,369962.29082496156,20.0,0.999521478578771,0.9958069493162118,0.9996808417533944,375,363,385,12,20,0,5211,1927752466.3454916,369939.064737189,20.0,0.9995242808455681,0.9962516877922396,0.9996836249005951,5124,5122,771,769,278,277,71,70,4935,195317.20794151124,4934,194677.20794151124,207,591202.8605347218,207,591202.8605347218,52,1109128.6653202435,52,1109128.6653202435,5,2190772.094379473,4,1330456.3693467383,14,1924527001.2423487,14,1924527001.2423487,0.9863802033378093,0.9865668777585876,6883,6881,13103,13101
2026-08-12,2924,0,0,0.0,0.0,56967056.71412298,45,21214532.0,13,4865085.0,0,0.0,2866,30887439.714122977,819,1165,1183,33,16,5,5235,1944962869.0705247,371530.634015382,20.00063552886842,0.9995231837773023,0.9953346374436302,0.9996840975563251,819,1164,1182,33,16,5,5233,1943101560.3454916,371316.94254643447,20.00063533761496,0.9995292853337966,0.9962880745067304,0.9996889413628548,5121,5119,775,773,275,273,72,70,4960,197165.85296945658,4960,197165.85296945658,203,583250.2663665095,203,583250.2663665095,52,1109047.0917239543,52,1109047.0917239543,5,2183500.731831312,4,1323185.0067985775,15,1940889905.127633,14,1939888912.127633,0.9862464183381089,0.9866233518058475,6916,6914,13126,13124
2026-08-13,1366,0,0,0.0,0.0,49332878.43947407,34,15674437.0,22,9208284.0,0,0.0,1310,24450157.439474072,363,355,374,5,16,0,5224,1951429022.0705245,373550.7316367773,20.000635241988228,0.9995266973355641,0.9958181629979994,0.9996883134630616,363,355,374,5,16,0,5222,1949567713.345492,373337.3637199333,20.000634953514265,0.9995324650842367,0.9967688994215902,0.9996931436903294,5110,5108,770,768,275,273,70,68,4949,196307.48374383396,4949,196307.48374383396,205,587941.2663665095,205,587941.2663665095,51,1097540.7516830205,51,1097540.7516830205,5,2277775.5894792476,4,1417459.864446513,14,1947269456.9792519,13,1946268463.9792519,0.9866003062787136,0.9869781692837993,6921,6919,13141,13139
2026-08-14,2223,0,0,0.0,0.0,50281388.986702144,30,12333015.0,21,12591036.61827,0,0.0,2172,25357337.368432146,432,525,543,87,12,8,5307,1951171000.4522543,367659.88325838593,30.0,0.9995300484087823,0.9957854972242796,0.9996727018079579,432,525,543,87,12,8,5305,1949309691.7272217,367447.6327478269,28.0,0.9995357483224724,0.9967363283016145,0.999677519306716,5194,5192,852,850,280,278,71,69,5027,207546.81933797934,5027,207546.81933797934,209,605844.5981263818,209,605844.5981263818,52,1107333.7299080195,52,1107333.7299080195,5,2301497.4499392295,4,1441181.7249064948,14,1946948777.8549428,13,1945947784.8549428,0.9866214433766723,0.9869934024505184,7008,7006,13286,13284
2026-08-15,1081,0,0,0.0,0.0,39322343.50508169,23,10635186.0,18,8486406.0,0,0.0,1040,20200751.505081695,347,346,361,9,9,0,5307,1953319780.4522545,368064.77867952787,21.0,0.9995295560134938,0.9955819112956981,0.9996777139726961,347,346,361,9,9,0,5305,1951458471.7272217,367852.6808156874,21.0,0.9995354059508087,0.9965315012177113,0.9996825309474573,5192,5190,846,844,277,275,71,69,5030,206073.75062051043,5030,206073.75062051043,206,595410.5785011571,206,595410.5785011571,51,1097296.771277538,51,1097296.771277538,6,2730165.9575067274,5,1869850.2324739925,14,1948690833.3943486,13,1947689840.3943486,0.9866214433766723,0.9869934024505184,7017,7015,13309,13307
2026-08-16,1125,0,0,0.0,0.0,50861301.636293314,26,10752040.0,19,11443600.0,0,0.0,1080,28665661.63629331,355,354,364,5,9,0,5303,1952628220.4522545,368211.99706812267,20.00318130047071,0.9995260306710245,0.9952004134602349,0.9996739813022653,355,354,364,5,9,0,5301,1950766911.7272215,367999.79470424855,20.00129610875238,0.9995321697659764,0.9961499760151431,0.9996787964231785,5186,5184,844,842,278,276,73,71,5025,205289.38811652295,5025,205289.38811652295,205,593318.3215172987,205,593318.3215172987,51,1097040.5196510684,51,1097040.5196510684,8,3475166.894763195,7,2614851.1697304603,14,1947257405.3282065,13,1946256412.3282065,0.9862342070526118,0.9866063006979815,7022,7020,13329,13327
2026-08-17,1191,0,0,0.0,0.0,66762440.37328938,41,23665000.0,17,9085867.0,0,0.0,1133,34011573.37328938,342,341,356,6,7,0,5302,1967207353.4522543,371031.1869958986,20.00105733199665,0.9995325408882868,0.9959375384691892,0.9996787366651143,341,340,354,6,7,0,5300,1965446044.727222,370838.8763636268,20.000811862963637,0.9995374494394385,0.9966297174683241,0.999683536672782,5184,5182,845,843,277,275,71,69,5025,205745.74145752293,5025,205745.74145752293,206,602483.7926987701,206,602483.7926987701,51,1096709.5185047253,51,1096709.5185047253,6,2079485.143867361,5,1719169.4188346262,14,1963222929.2557263,13,1961821936.2557263,0.9866088268577895,0.9869811320754717,7028,7026,13348,13346
2026-08-18,1342,0,0,0.0,0.0,69819422.79057558,51,25204869.0,23,9189474.0,0,0.0,1268,35425079.79057557,370,380,389,10,4,5,5313,1983222748.4522545,373277.3853665075,22.0,0.9995362276690963,0.9960810957153052,0.9996809276689314,370,380,389,10,4,5,5311,1981461439.727222,373086.31890928675,21.0,0.9995410026047536,0.9967678077034582,0.9996856908275424,5194,5192,856,854,277,275,71,69,5036,209130.63605625473,5036,209130.63605625473,206,595561.1172036179,206,595561.1172036179,52,1106623.2113178226,52,1106623.2113178226,5,1853465.1618360141,4,1493149.4368032794,14,1979457968.325841,13,1978056975.325841,0.9866365518539432,0.9870080964036905,7038,7036,13367,13365
2026-08-19,1051,0,0,0.0,0.0,54834675.089371435,31,13271660.0,26,12627003.0,0,0.0,994,28936012.08937144,325,323,336,7,8,0,5312,1983867405.4522545,373469.0145806202,22.87649205323156,0.999538130336858,0.9963586355993739,0.9996829399955087,324,323,335,7,8,0,5310,1983127940.959124,373470.4220262004,22.25149205323156,0.9995408637363113,0.9967301556703853,0.9996878643098621,5193,5191,855,853,277,275,71,69,5035,209309.35016832245,5035,209309.35016832245,206,591615.9061974941,206,591615.9061974941,52,1192034.2729677688,52,1192034.2729677688,6,2231024.6164426524,4,1491560.1233123178,13,1979643421.3064783,13,1979643421.3064783,0.9866340361445783,0.9870056497175141,7045,7043,13384,13382
2026-08-20,1274,0,0,0.0,0.0,65405281.28341587,37,19786594.0,21,10794497.0,0,0.0,1216,34824190.28341587,356,355,368,7,9,0,5310,1992859502.452255,375303.10780645104,22.87649205323156,0.9995418077327767,0.9968448435936311,0.9996821514665261,356,355,368,7,9,0,5308,1992120037.9591243,375305.2068498727,22.25149205323156,0.9995444337807061,0.9972148671629704,0.9996870532606497,5190,5188,855,853,277,275,72,70,5033,209352.3173754049,5033,209352.3173754049,205,590995.4007809745,205,590995.4007809745,53,1203074.6781696088,53,1203074.6781696088,7,2284361.0298289964,5,1544896.536698662,12,1988571719.0260997,12,1988571719.0260997,0.9864406779661017,0.9868123587038432,7052,7050,13407,13405
2026-08-21,3700,0,0,0.0,0.0,52943496.335685834,30,12279054.44604541,29,12464733.827128548,0,0.0,3641,28199708.062511873,544,789,802,246,14,2,5544,1992673823.071171,359428.90026536275,30.0,0.9995558263107855,0.9968612040705717,0.999672115856513,544,789,802,246,14,2,5542,1991934358.5780413,359425.1819880984,30.0,0.9995583183221062,0.9972312682053732,0.9996770143820468,5425,5423,977,975,277,275,71,69,5267,228386.165311512,5267,228386.165311512,206,597006.8177303448,206,597006.8177303448,53,1204931.904075057,53,1204931.904075057,6,2224271.5974176237,4,1484807.104287289,12,1988419226.5866368,12,1988419226.5866368,0.9871933621933622,0.987549621075424,7298,7296,13802,13800
2026-08-22,1365,0,0,0.0,0.0,13513326.571843846,12,1117600.0,23,5568624.70834878,0,0.0,1330,6827101.863495066,370,362,381,4,19,0,5529,1988222798.3628225,359598.98686251085,29.0,0.999554956939854,0.9968555530947366,0.9996778047399063,370,362,381,4,19,0,5527,1987483333.8696923,359595.32004155824,28.0,0.9995574570950311,0.9972264438960485,0.9996827163524358,5410,5408,969,967,273,271,71,69,5256,227260.165311512,5256,227260.165311512,202,585372.6446601732,202,585372.6446601732,53,1205598.0211574957,53,1205598.0211574957,6,2233630.1941571496,4,1494165.7010268152,12,1983970937.3375363,12,1983970937.3375363,0.987158618194972,0.9875158313732586,7302,7300,13813,13811
2026-08-23,1193,0,0,0.0,0.0,25538409.37080324,9,2908984.0,22,9804070.0,0,0.0,1162,12825355.37080324,306,306,311,3,1,0,5531,1981327712.3628225,358222.3309280099,30.0,0.9995537332429981,0.9968236689250548,0.9996741123943462,306,306,311,3,1,0,5529,1980588247.8696923,358218.167456989,29.0,0.9995562555135135,0.9971958390163773,0.999679039727272,5412,5410,971,969,274,272,72,70,5257,227356.34786645384,5257,227356.34786645384,202,585370.6446601732,202,585370.6446601732,54,1245797.7776248779,54,1245797.7776248779,6,2234828.0122768553,4,1495363.5191465206,12,1977034359.5803943,12,1977034359.5803943,0.9869824624841801,0.9873394827274371,7305,7303,13824,13822
2026-08-24,1418,0,0,0.0,0.0,89008824.15856282,28,7783170.0,61,36406722.0,0,0.0,1329,44818932.158562824,411,389,421,5,26,1,5511,1952704160.3628225,354328.46313968836,30.0,0.9995486083898328,0.9967735323928376,0.9996697105917137,411,389,421,5,26,1,5509,1951964695.8696923,354322.87091481074,30.0,0.9995511758721997,0.9971511409819971,0.9996747085113639,5391,5389,967,965,274,272,72,70,5237,226624.70535314904,5237,226624.70535314904,202,585431.7391696234,202,585431.7391696234,54,1245789.0897498545,54,1245789.0897498545,6,2242491.185509449,4,1503026.6923791142,12,1948403823.6430407,12,1948403823.6430407,0.9869352204681546,0.9872935196950444,7310,7308,13839,13837
2026-08-25,1413,0,0,0.0,0.0,77097567.67374407,42,7509430.0,63,30804347.0,0,0.0,1308,38783790.67374407,432,391,439,2,42,1,5472,1929409243.3628223,352596.71845080814,30.0,0.999543299246893,0.9968012561240434,0.9996700894723057,432,391,439,2,42,1,5470,1928669778.869692,352590.4531754464,30.0,0.9995459105349849,0.997183436186015,0.9996751479032436,5351,5349,963,961,274,272,71,69,5198,225103.97055186843,5198,225103.97055186843,203,583497.3939028825,203,583497.3939028825,53,1236095.6513722504,53,1236095.6513722504,6,2126988.9855944565,4,1387524.492464122,12,1925237557.361401,12,1925237557.361401,0.9870248538011696,0.9873857404021937,7312,7310,13856,13854
2026-08-26,1282,0,0,0.0,0.0,82997938.26117785,28,9245719.0,66,27339553.0,0,0.0,1188,46412666.26117785,406,403,416,5,14,2,5465,1911315409.3628225,349737.49485138565,30.0,0.9995426816462233,0.9970984102127749,0.9996759883697988,406,403,416,5,14,2,5463,1910575944.8696923,349730.17478852137,30.0,0.9995452029589641,0.9974843246656857,0.9996810429066333,5344,5342,961,959,269,267,69,67,5196,227415.64975144612,5196,227415.64975144612,200,573951.7147033048,200,573951.7147033048,51,1167354.6520518982,51,1167354.6520518982,6,1577131.2554667366,4,837666.762336402,12,1907769556.0908494,12,1907769556.0908494,0.9873741994510522,0.9877356763682958,7317,7315,13875,13873
2026-08-27,1383,0,0,0.0,0.0,102013717.1851102,19,4283185.0,68,43724286.0,0,0.0,1296,54006246.1851102,423,418,468,37,49,1,5454,1871874308.3628223,343211.2776609502,30.0,0.9995342652327492,0.9970265278380706,0.9996546395135998,423,418,468,37,49,1,5452,1871134843.869692,343201.5487655341,30.0,0.9995368502580795,0.9974205484606145,0.9996597921565528,5333,5331,961,959,303,301,69,67,5151,222009.47925144614,5151,222009.47925144614,234,606550.8852033047,234,606550.8852033047,51,1167471.9651188618,51,1167471.9651188618,6,1569933.8169747107,4,830469.3238443761,12,1868308342.2162743,12,1868308342.2162743,0.9873487348734874,0.9877109317681585,7354,7352,13934,13932
2026-08-28,1736,0,0,0.0,0.0,72543590.42578349,21,6512157.0,45,28991133.0,0,0.0,1670,37040300.42578349,464,562,573,105,8,0,5551,1849395332.362822,333164.35459607677,30.0,0.9995353358049085,0.997132076869142,0.999638070665637,464,562,573,105,8,0,5549,1848655867.869692,333151.1746025756,30.0,0.9995378547414886,0.9975309308573942,0.9996433336062832,5430,5428,1053,1051,312,310,70,68,5239,231188.47925144614,5239,231188.47925144614,242,615250.8852033047,242,615250.8852033047,52,1177211.1015582264,52,1177211.1015582264,6,1280273.1857718187,4,540808.6926414842,12,1846091408.7110376,12,1846091408.7110376,0.987389659520807,0.9877455397368895,7459,7457,14135,14133
2026-08-29,1136,0,0,0.0,0.0,65712961.30100644,10,1466530.0,53,30166099.0,0,0.0,1073,34080332.30100644,372,332,386,7,52,5,5511,1820695763.3628223,330374.8436513922,30.0,0.9995284658814423,0.9969752618528177,0.9996333932485187,371,331,385,7,52,5,5509,1820316614.5946655,330425.96017329197,30.0,0.9995297255441183,0.9971829191028716,0.9996360636639409,5389,5388,1015,1014,312,311,70,69,5199,229696.10297830447,5198,229696.10291903964,242,614881.1991023661,242,614881.1991023661,53,1200294.941443434,53,1200294.941443434,5,1462255.6863330845,4,1083106.9182354845,12,1817188635.4329653,12,1817188635.4329653,0.9872981310107058,0.9874750408422581,7466,7464,14151,14149
2026-08-30,1024,0,0,0.0,0.0,69811845.1502342,13,1382000.0,56,33416226.0,0,0.0,955,35013619.150234185,321,320,329,5,6,0,5510,1788661537.3628225,324620.96866838884,30.0,0.9995283383961898,0.9969137267584176,0.9996283266067789,321,320,329,5,6,0,5508,1788282388.5946655,324670.0051914789,30.0,0.9995296253640247,0.9971250908102419,0.999631043784212,5386,5385,1010,1009,312,311,70,69,5198,227473.99720895194,5197,227473.99714968711,242,614421.848544826,242,614421.848544826,53,1210332.1301117574,53,1210332.1301117574,5,1468070.2651448892,4,1088921.4970472893,12,1785141239.121812,12,1785141239.121812,0.9872958257713249,0.9874727668845316,7471,7469,14168,14166
2026-08-31,1284,0,0,0.0,0.0,971682111.5263014,13,5146439.0,116,73884044.0,0,0.0,1155,892651628.5263014,371,367,377,3,4,0,5509,1719923932.362823,312202.5653227125,30.0,0.9995959506560811,0.9967843320643764,0.9996132306258438,371,367,377,3,4,0,5507,1719544783.5946662,312247.100707221,30.0,0.9995973361045346,0.9970041167162366,0.9996160530919835,5385,5384,1011,1010,312,311,71,70,5197,227889.99720895194,5196,227889.99714968711,241,606301.848544826,241,606301.848544826,54,1220200.520383134,54,1220200.520383134,5,1476311.8748735124,4,1097163.1067759125,12,1716393228.1218123,12,1716393228.1218123,0.9871119985478308,0.9872889050299619,7474,7472,14176,14174
2026-09-01,1644,0,0,0.0,0.0,323746991.2561108,17,3383255.0,207,146679008.59252024,0,0.0,1420,173684727.66359055,476,471,492,9,17,2,5503,1576628178.7703023,286503.3942886248,30.0,0.9995752629647415,0.9965032577405536,0.9995755011146857,476,471,492,9,17,2,5501,1576249030.0021458,286538.6347940639,30.0,0.9995767779842225,0.996742955260073,0.9995785710939451,5378,5377,1007,1006,315,314,71,70,5188,227797.67103806444,5187,227797.6709787996,244,610580.3564469711,244,610580.3564469711,54,1220328.10661102,54,1220328.10661102,5,1454356.2460442372,4,1075207.4779466372,12,1573115116.3901622,12,1573115116.3901622,0.9870979465745957,0.9872750409016543,7483,7481,14193,14191
2026-09-02,149,0,0,0.0,0.0,46604780.367149785,3,515000.0,29,22750948.0,0,0.0,117,23338832.36714978,63,64,68,1,0,0,5504,1554392230.7703023,282411.3791370462,30.0,0.9995717879614172,0.996446635366028,0.9995693642240406,63,64,68,1,0,0,5502,1554013082.0021458,282445.1257728364,30.0,0.9995733244360071,0.9966897488370201,0.9995724766335119,5379,5378,1008,1007,315,314,71,70,5189,227900.67103806444,5188,227900.6709787996,244,610577.3564469711,244,610577.3564469711,54,1220131.4230361283,54,1220131.4230361283,5,1464712.9296191286,4,1085564.1615215286,12,1550868908.3901622,12,1550868908.3901622,0.9871002906976745,0.9872773536895675,7484,7482,14198,14196
