date,transfers,mint_count,burn_count,mint_volume,burn_volume,p2p_volume,unique_senders,unique_receivers,active_addresses,new_addresses,zeroed_addresses,resurrected_addresses,holders_gt0,circulating_supply,mean_balance,median_balance,gini,top10_share,top100_share,holders_ge1,holders_ge100,holders_ge1000,holders_ge10000,n_lt_1k,val_lt_1k,n_1k_10k,val_1k_10k,n_10k_100k,val_10k_100k,n_100k_1m,val_100k_1m,n_ge_1m,val_ge_1m,share_holders_lt10k
2025-06-03,1,1,0,100000000.0,0.0,0.0,0,1,1,1,0,0,1,100000000.0,100000000.0,100000000.0,0.0,1.0,1.0,1,1,1,1,0,0.0,0,0.0,0,0.0,0,0.0,1,100000000.0,0.0
2025-08-04,1,0,0,0.0,0.0,100000000.0,1,0,1,0,1,0,0,0.0,,,,,,0,0,0,0,0,0.0,0,0.0,0,0.0,0,0.0,0,0.0,
2025-08-18,2,0,0,0.0,0.0,6000.0,1,2,2,1,0,0,1,3000.0,3000.0,3000.0,0.0,1.0,1.0,1,1,1,0,0,0.0,1,3000.0,0,0.0,0,0.0,0,0.0,1.0
2025-09-26,1,1,0,300000000.0,0.0,0.0,0,0,0,0,0,0,1,3000.0,3000.0,3000.0,0.0,1.0,1.0,1,1,1,0,0,0.0,1,3000.0,0,0.0,0,0.0,0,0.0,1.0
2025-09-29,2,0,0,0.0,0.0,6000.0,1,2,2,0,0,0,1,6000.0,6000.0,6000.0,0.0,1.0,1.0,1,1,1,0,0,0.0,1,6000.0,0,0.0,0,0.0,0,0.0,1.0
2025-10-27,2387,0,0,0.0,0.0,22072673.37715656,152,1175,1175,1103,0,0,1104,12269451.0,11113.633152173914,20.0,0.9561244651527832,0.6680468512631839,0.9280215329445662,1080,368,319,122,785,24633.15211914399,197,638503.1224726154,110,3209711.6181303184,8,2956035.0,4,5440568.107277922,0.8894927536231884
2025-10-28,1685,0,0,0.0,0.0,29238611.31518568,173,640,670,518,14,0,1608,20891506.0,12992.230099502487,20.0,0.9566592530154707,0.5846166376411889,0.9093797348805953,1559,771,485,184,1123,57781.32604317855,301,995412.4864204559,159,4470506.791055679,20,6527631.746847648,5,8840173.649633039,0.8855721393034826
2025-10-29,1326,0,0,0.0,0.0,28563229.58574727,160,572,608,455,19,3,2047,26529506.000000004,12960.188568637031,20.0,0.9638329984833637,0.6315824019022693,0.90980618684865,1990,920,586,208,1461,68272.197127418,378,1239877.165251947,182,5268753.95098222,19,5084033.565877747,7,14868569.120760668,0.8983878847093307
2025-10-30,861,0,0,0.0,0.0,49344188.88564465,144,242,277,124,16,1,2156,39623777.0,18378.375231910944,20.0,0.9690152073314212,0.6403888031183803,0.924108865633968,2091,1009,654,244,1502,73333.74369111567,410,1354208.7302205688,211,5955758.704707391,24,7840073.294690147,9,24400402.526690777,0.8868274582560297
2025-10-31,1280,0,0,0.0,0.0,81002566.92422688,219,325,364,144,11,5,2294,45910697.0,20013.381429816913,31.621870260278552,0.9703833854156683,0.6608656936300148,0.923617609872766,2206,1104,727,263,1567,78115.94931466744,464,1542928.063621676,231,6515791.635940713,19,4433056.733180501,13,33340804.61794244,0.8853530950305144
2025-11-01,964,0,0,0.0,0.0,41897183.10075337,251,359,405,175,23,1,2447,51286697.0,20959.009807928076,87.20103423984406,0.9699835367001348,0.682034440925363,0.9176995787382306,2335,1216,815,286,1632,84149.55772385898,529,1736422.9486938026,253,7426892.445214564,21,5059938.33306428,12,36979293.715303496,0.8831221904372701
2025-11-02,822,0,0,0.0,0.0,35491546.41485124,205,316,356,148,14,2,2583,54744266.99999999,21194.063879210218,100.0,0.9687302263152027,0.6563074587371694,0.9118396808078162,2463,1334,896,310,1687,90412.00174331001,586,1926024.6034345597,278,8010797.178392692,18,4787962.461230354,14,39929070.75519908,0.8799845141308555
2025-11-03,940,0,0,0.0,0.0,55532440.25821542,219,318,348,145,13,5,2720,63129309.0,23209.304779411767,100.0,0.9693181561451334,0.671030236418373,0.9115022947447605,2579,1445,994,332,1726,93485.26775680495,662,2152525.790433293,294,8341296.218742084,25,7180326.579869295,13,45361675.14319852,0.8779411764705882
2025-11-04,1003,0,0,0.0,0.0,95142840.18211152,213,275,319,106,19,0,2807,71681799.0,25536.800498753117,100.0,0.9715605223111397,0.6859660667426588,0.9157059577949217,2651,1511,1044,344,1763,98749.72149935536,700,2238187.2132556434,304,8590750.383829596,26,7582829.964347564,14,53171281.717067845,0.8774492340577129
2025-11-05,1689,0,0,0.0,0.0,81312707.88015568,205,250,293,85,17,4,2879,81265149.0,28226.86662035429,100.0,0.9737584314867661,0.7038297994388406,0.9200219610447831,2706,1557,1073,353,1806,106822.51190591838,720,2302343.42370971,310,8778313.592182787,29,8880835.950164087,14,61196833.5220375,0.877387981938173
2025-11-06,1005,0,0,0.0,0.0,51750673.02546085,191,239,280,76,16,4,2943,86446802.0,29373.70098538906,100.0,0.9737417869162394,0.6880248707525661,0.9199772281776263,2768,1602,1102,363,1841,113582.01928156562,739,2383392.1166308676,312,8795236.363144264,36,10677041.727920627,15,64477549.77302268,0.8766564729867482
2025-11-07,2635,0,0,0.0,0.0,137313558.5506214,240,274,316,80,25,4,3002,96168602.0,32034.844103930714,100.0,0.9756489817914434,0.727936617201384,0.9229869545473325,2814,1642,1129,379,1873,119903.97568022019,750,2415236.8899563383,331,9598583.324636955,34,10030230.98886022,14,74004646.82086626,0.8737508327781479
2025-11-08,4843,0,0,0.0,0.0,25512417.45495031,172,191,232,50,11,0,3041,98623050.0,32431.124630055903,100.0,0.9760837280802033,0.7376675299951574,0.9223531265933335,2842,1661,1144,382,1897,122061.9775478233,762,2456701.0863961945,332,9630667.796750134,37,10662597.445216944,13,75751021.6940889,0.8743834265044393
2025-11-09,1440,0,0,0.0,0.0,39835061.5887432,198,248,280,84,9,5,3121,105919350.00000001,33937.63216917655,100.0,0.9764406921422933,0.7463722019205098,0.9211327133835927,2917,1713,1188,402,1933,125929.37332334001,786,2530163.9424277805,350,10233772.693644451,40,11974225.505115278,12,81055258.48548916,0.8711951297661006
2025-11-10,4694,0,0,0.0,0.0,44353829.1996162,220,276,322,82,17,5,3191,112164649.99999999,35150.31338138514,100.0,0.977385238936951,0.7759097140391709,0.9230799844324901,2973,1768,1226,413,1965,129495.15888024094,813,2626203.57807897,362,10487681.990615755,39,9891627.765621355,12,89029641.50680368,0.8705734879348167
2025-11-11,791,0,0,0.0,0.0,66950286.454569794,191,220,270,68,13,1,3247,119575150.0,36826.34739759778,100.0,0.9782969018988245,0.7674908170978096,0.926187336093463,3025,1819,1248,416,1999,134919.9917650281,832,2680526.3687590687,364,10625948.061276756,37,9360926.000106,15,96772829.57809316,0.8718817369879889
2025-11-12,36610,0,0,0.0,0.0,30380754.524038844,560,26806,26856,26351,17,4,29585,123773930.99999999,4183.671826939327,200.0,0.9544871972618163,0.7242425903711361,0.8771153439465824,29228,26702,1281,426,28304,6101227.118401498,855,2752429.8830430172,376,11202291.459419824,34,8075630.131277411,16,95642352.40785825,0.985600811221903
2025-11-13,1431,0,0,0.0,0.0,24887307.170006733,781,335,884,80,163,3,29505,128848631.0,4367.010032197933,200.0,0.9573981540256411,0.7234144534375037,0.8817702758553196,28801,26241,1304,432,28201,6006918.119566074,872,2796363.42053835,378,10901882.286872806,36,7932505.201987194,18,101210961.97103557,0.9853584138281647
2025-11-14,1158,0,0,0.0,0.0,67974222.16655439,532,324,632,68,88,6,29491,139300080.0,4723.477671153912,200.0,0.96096324440725,0.7173582325449706,0.8862017734656666,28590,26025,1329,444,28162,5960824.26539192,885,2854139.691111832,384,11007928.689432032,40,9541647.518743727,20,109935539.83532049,0.984944559357092
2025-11-15,829,0,0,0.0,0.0,29943890.97930432,295,309,387,68,50,5,29514,145165921.00000003,4918.544453479705,200.0,0.9624153319912663,0.7315918165207574,0.8869362694992049,28609,26037,1372,456,28142,5953883.153093823,916,2959497.6960407314,394,11290745.337459601,44,10576211.447753858,18,114385583.36565198,0.9845497052246391
2025-11-16,888,0,0,0.0,0.0,56600143.35626082,261,298,356,68,29,4,29557,151220921.0,5116.247284907128,200.0,0.9638005741828078,0.7375954929115178,0.8889943124969741,28639,26061,1419,470,28138,5947421.408931669,949,3049074.7819092977,410,11781011.726355264,41,9894115.145442806,19,120549297.93736096,0.9840985215008289
2025-11-17,814,0,0,0.0,0.0,48926780.7603057,275,284,371,63,47,7,29580,161910444.00000003,5473.645841784991,200.0,0.9660424943074596,0.7331309088888129,0.8905573289482427,28657,26062,1454,483,28126,5941370.5008884305,971,3123999.036433985,419,12254541.925213523,44,11631220.805742625,20,128959311.73172145,0.9836713995943205
2025-11-18,1075,0,0,0.0,0.0,60785844.623413965,508,275,594,49,135,5,29499,168680944.00000003,5718.191938709788,200.0,0.9677774939497286,0.748642500442948,0.8939113359201742,28423,25812,1474,492,28025,5887139.968706656,982,3166487.5624147723,426,12241508.473562442,47,11799733.178186746,19,135586074.81712937,0.9833214685243568
2025-11-19,35424,0,0,0.0,0.0,101192474.41152549,378,34008,34069,22802,36,82,52347,176088444.0,3363.8688750071638,200.0,0.9429917347358883,0.7480628927601998,0.866645333907623,51260,49504,1484,493,50863,11467734.57099524,991,3193790.387932404,428,12320690.693418577,49,11380997.547371339,16,137725230.80028242,0.9905820772919174
2025-11-20,1207,0,0,0.0,0.0,65010637.30885158,382,319,490,73,137,5,52288,185131082.0,3540.6036184210525,200.0,0.9457100828877931,0.7363826609253318,0.8642322432536828,51201,49440,1528,516,50760,11446263.730219044,1012,3257264.4012294533,438,12631303.575710047,62,15468931.509695694,16,142327318.7831458,0.9901315789473685
2025-11-21,1483,0,0,0.0,0.0,63600558.565977894,578,326,684,51,180,9,52168,195021736.0,3738.3402852323266,200.0,0.9487481560377029,0.7318453261086718,0.863509558195218,50968,49173,1566,541,50602,11380475.450318476,1025,3307657.094087044,456,13430470.363770036,68,17177386.577475704,17,149725746.51434875,0.9896296580279098
2025-11-22,1962,0,0,0.0,0.0,65222828.90133228,540,252,641,42,179,5,52036,199742086.0,3838.536513183181,200.0,0.9503132615596458,0.7199090081612809,0.8650334654304597,50820,48880,1594,554,50442,11313835.687380776,1040,3339293.2508327104,467,13605368.21689761,68,18347460.541459586,19,153136128.3034293,0.9893535244830503
2025-11-23,1177,0,0,0.0,0.0,45346788.3579328,464,299,537,38,76,4,52002,202434586.0,3892.823083727549,200.0,0.9513279259261147,0.7349096953180345,0.8719768462789417,50760,48709,1581,537,50421,11282966.364629444,1044,3369422.166078343,455,13063925.591228984,62,15114744.04889973,20,159603527.8291635,0.9896734740971501
2025-11-24,1102,0,0,0.0,0.0,20032951.3754526,597,275,688,44,356,9,51699,206120861.0,3986.940965976131,200.0,0.9524889252603634,0.7342969910777518,0.8736535317382476,50452,48376,1596,544,50103,11214114.2815331,1052,3405957.8653721088,461,13122570.675516373,63,15583379.508340478,20,162794838.66923794,0.9894775527573068
2025-11-25,1304,0,0,0.0,0.0,48719253.32518103,573,315,680,49,316,3,51435,212604293.0,4133.455681928648,200.0,0.9541392117453815,0.7266973264174622,0.873855622399287,50180,48100,1615,547,49820,11152093.343280341,1068,3478690.471520815,457,13188052.400923427,69,16406692.161701484,21,168378764.6225739,0.9893652182366093
2025-11-26,1783,0,0,0.0,0.0,81390001.2956448,868,353,983,68,546,8,50965,218672293.0,4290.636574119494,200.0,0.9558668544968223,0.7291795656710605,0.8769984162357862,49703,47570,1639,560,49326,11041188.676383775,1079,3504016.743881882,473,13651832.944086533,65,15210730.508216867,22,175264524.12743095,0.9890120671048759
2025-11-27,1451,0,0,0.0,0.0,97253404.99015169,643,256,726,48,375,9,50647,225463292.99999997,4451.661361976029,200.0,0.9575793376936231,0.7361971094937758,0.8792475347826235,49371,47160,1649,566,48998,10959645.430196261,1083,3495020.4157010494,476,13770582.599880364,68,15854451.275765482,22,181383593.27845684,0.988824609552392
2025-11-28,1365,0,0,0.0,0.0,92877093.71315794,502,292,576,50,106,8,50599,236695242.0,4677.864028933378,200.0,0.9598526905095235,0.739595169545383,0.8833392206786526,49306,46942,1659,569,48940,10914279.259622,1090,3522117.3530152338,475,13776654.780737653,72,18620514.2276572,22,189861676.37896794,0.9887547184726971
2025-11-29,1414,0,0,0.0,0.0,74158978.3183766,631,297,720,41,97,13,50556,245405242.0,4854.12694833452,200.0,0.9617168450678834,0.7518199402825216,0.8872531002673696,49259,46607,1685,576,48871,10841957.393996604,1109,3601392.765259736,480,13625330.054379515,75,19907154.95349081,21,197429406.8328733,0.9886066935675291
2025-11-30,1147,0,0,0.0,0.0,74852165.03160477,300,323,394,51,38,9,50578,252605442.0,4994.373877970659,200.0,0.9627689254239369,0.7482210147006734,0.8889038070437751,49276,46616,1703,582,48875,10840352.21152618,1121,3649387.06310019,487,14073763.651598092,72,19482020.46696173,23,204559918.60681382,0.9884930206809285
2025-12-01,1998,0,0,0.0,0.0,136427265.58158186,707,395,833,84,378,7,50291,261791282.00000003,5205.529458551232,200.0,0.9642832427780319,0.7567078178124835,0.8917161666240762,48976,46291,1724,596,48567,10776629.251085898,1128,3694625.9724913156,506,14876508.335780203,65,17537189.682901748,25,214906328.75774086,0.9881489729772722
2025-12-02,1677,0,0,0.0,0.0,53697287.32715189,970,354,1096,66,720,5,49642,272784582.0,5495.03609846501,200.0,0.9661331426799253,0.7582239359008613,0.8941970654254888,48320,45615,1750,606,47892,10635576.556596614,1144,3764155.4606072106,509,14761677.265077509,71,19092658.16022862,26,224530514.55749002,0.9877925949800572
2025-12-03,1589,0,0,0.0,0.0,29339022.4610857,1002,285,1088,45,775,8,48920,277227412.0,5666.95445625511,200.0,0.9670874382534614,0.7560527961037248,0.8938857719276291,47609,44894,1779,619,47141,10486690.52499238,1160,3797337.8275785274,519,15133744.472310185,74,21281639.421867408,26,226527999.75325146,0.9873466884709731
2025-12-04,1682,0,0,0.0,0.0,121618371.16347453,905,336,993,53,605,7,48375,283548412.0,5861.465881136951,200.0,0.9682814206984357,0.7763372746556557,0.8999859892615721,47055,44307,1768,605,46607,10374442.263237223,1163,3789029.977840068,513,14995341.681554893,69,20331543.73502455,23,234058054.34234327,0.9874935400516796
2025-12-05,1841,1,0,285000000.0,0.0,74739099.50514665,1178,350,1276,51,881,12,47557,291919785.99999994,6138.31372878861,200.0,0.9696410495403295,0.7713004948813186,0.8997998472514084,46227,43475,1792,620,45765,10202247.355945213,1172,3819795.0948034558,522,15428364.696787525,73,20804876.17531389,25,241664502.6771499,0.9869630128056858
2025-12-06,1138,0,0,0.0,0.0,38426103.34054593,487,308,592,48,133,8,47480,295634156.0,6226.498652064027,200.0,0.9702235538410642,0.7754955419018258,0.9000729559216597,46142,43270,1793,627,45687,10161057.662207425,1166,3787836.995737699,525,15392951.661354534,78,21548732.785267483,24,244743576.8954329,0.9867944397641112
2025-12-07,1186,0,0,0.0,0.0,32850105.101384655,692,272,780,40,462,7,47065,299007060.0,6353.0661850632105,200.0,0.9708158131500105,0.774948354596059,0.9011982356555592,45718,42833,1806,631,45259,10068864.526964206,1175,3853971.653559189,530,15519588.602511069,75,19915554.050781846,26,249649081.1661837,0.9865930096674811
2025-12-08,1546,0,0,0.0,0.0,44539010.929443635,1026,292,1106,41,730,2,46378,305181536.0,6580.308249601104,200.0,0.9718605153563974,0.7824825848335599,0.9016190861483883,45023,42080,1819,637,44559,9916504.645971097,1182,3879785.2151874686,531,15626998.495145747,81,20949835.439728767,25,254808412.20396695,0.9862650394583639
2025-12-09,1806,0,0,0.0,0.0,37676435.538817175,1265,298,1368,31,842,8,45575,311293685.99999994,6830.360636313767,200.0,0.9731054858653172,0.7884737831486345,0.9031359438662283,44209,41066,1820,636,43755,9715292.124535408,1184,3881468.964463562,529,15846569.272970084,84,21772271.15207962,23,260078084.48595133,0.9860449808008777
2025-12-10,1732,0,0,0.0,0.0,50437480.27422475,1127,267,1194,25,525,8,45083,318591686.0,7066.780959563472,200.0,0.9743641393931418,0.7800379311655531,0.90416478277701,43716,40205,1826,645,43257,9543883.125157185,1181,3863249.692916199,533,15879527.92881843,86,21726948.451915316,26,267578076.80119285,0.9856930550318301
2025-12-11,2193,0,0,0.0,0.0,88206670.36118214,1279,317,1350,46,997,5,44137,326017766.0,7386.4958198337,200.0,0.9754482632963003,0.768841770740254,0.9063134174238346,42765,39247,1833,648,42304,9347819.306558242,1185,3868692.6141777765,532,15650759.885626286,88,22274696.66305473,28,274875797.53058296,0.9853184403108503
2025-12-12,1756,0,0,0.0,0.0,49528296.72128256,946,311,1018,33,673,9,43506,334103030.99999994,7679.470211005377,200.0,0.9763684387004252,0.7769229384876256,0.9092479792114281,42131,38603,1840,644,41666,9217350.548624009,1196,3933729.6489964547,528,15442683.153649842,87,23425698.54631338,29,282083569.10241634,0.9851974440307084
2025-12-13,1648,0,0,0.0,0.0,28834764.800795272,1239,219,1311,25,1051,7,42487,338318581.0,7962.872902299527,200.0,0.9771543816164336,0.7774404485219918,0.9092479362800618,41112,37576,1850,656,40637,9010794.203898955,1194,3914539.257684504,537,15726147.92855725,89,22973134.802162796,30,286693964.80769646,0.9845599830536399
2025-12-14,1250,0,0,0.0,0.0,44692575.390769996,748,291,834,48,512,11,42034,343164581.0,8163.976328686302,200.0,0.97770196836173,0.7801554910762019,0.9100879188251034,40645,37108,1869,657,40165,8914820.746509245,1212,3970609.121785564,537,15766108.988763336,91,23816634.807787932,29,290696407.33515394,0.9843697958795261
2025-12-15,2027,0,0,0.0,0.0,54458556.72158181,1204,321,1291,43,929,3,41151,348436685.0,8467.271390731696,200.0,0.9784552826098658,0.7734902766913677,0.9110181713828871,39757,36211,1880,665,39271,8732486.762694638,1215,3945065.854106472,545,16157865.219200723,91,24066659.4551165,29,295534607.7088816,0.9838400038881193
2025-12-16,2005,0,0,0.0,0.0,69383363.44845167,1325,319,1410,56,1056,5,40156,354930185.0,8838.783369857556,200.0,0.9793956759159195,0.779369296616934,0.9155541046705333,38754,35175,1868,651,38288,8531315.101616884,1217,3946331.993670663,533,15552149.837529335,90,26442207.893947307,28,300458180.1732358,0.9837882259189162
2025-12-17,1017,0,0,0.0,0.0,89625349.83269276,384,292,465,34,133,6,40063,361884185.0,9032.877842398222,200.0,0.9798145211669131,0.7757532918501164,0.9155883218272142,38652,35065,1868,654,38195,8511726.71456229,1214,3950179.3864096613,531,15464196.85443733,93,26799864.772058234,30,307158217.2725325,0.98367571075556
2025-12-18,1337,0,0,0.0,0.0,38198075.478007,840,277,916,27,599,9,39500,366763485.0,9285.151518987343,200.0,0.9803421767713969,0.7859275006144747,0.9165591586491711,38094,34504,1875,656,37625,8398445.201134719,1219,3965613.583877162,529,15145449.922621889,98,26622034.73562307,29,312631941.55674314,0.9833924050632912
2025-12-19,1496,0,0,0.0,0.0,75726903.42886066,731,334,815,34,449,16,39101,372378071.00000006,9523.492263624972,200.0,0.9808074114278231,0.7971268839112376,0.9172906007621692,37691,34097,1897,664,37204,8311448.731895275,1233,4035255.5856550476,538,15493502.166673645,98,27113260.283663277,28,317424604.2321128,0.9830183371269277
2025-12-20,1080,0,0,0.0,0.0,37407014.225165226,614,262,670,25,377,6,38755,374767071.00000006,9670.16052122307,200.0,0.981127863809206,0.793726719273179,0.9193496726668963,37335,33729,1885,655,36870,8239439.449211366,1230,4020585.6791415485,529,14969640.670797847,97,27427836.504899073,29,320109568.69595015,0.9830989549735518
2025-12-21,1111,0,0,0.0,0.0,53486348.7268847,515,273,571,21,263,16,38529,381532071.0,9902.464922525889,200.0,0.9815290538678108,0.7907174671697519,0.919185726959016,37096,33491,1901,659,36628,8189705.913694071,1242,4082749.1921986127,530,15187350.88480522,99,27162976.16703846,30,326909288.84226364,0.9828960004152716
2025-12-22,1435,0,0,0.0,0.0,43231790.49518394,937,271,1018,33,707,9,37864,386190832.0,10199.419818297063,200.0,0.9820169995375884,0.7946401240678372,0.9187959377318068,36423,32813,1913,672,35951,8051582.594883422,1241,4038117.603217086,541,15426364.77915075,102,28719702.7638993,29,329955064.2588494,0.9822522712867103
2025-12-23,1598,0,0,0.0,0.0,77974156.47761646,794,428,972,129,498,6,37501,391530831.99999994,10440.543772166075,200.0,0.9825079450737604,0.7969544621008825,0.9206650674468596,36059,32349,1912,669,35589,7958363.547124272,1243,4038350.8209650666,540,15540400.793074245,99,26813396.55220904,30,337180320.28662735,0.9821604757206475
2025-12-24,1452,0,0,0.0,0.0,45960980.04487462,720,404,872,83,423,12,37173,395840332.00000006,10648.59796088559,200.0,0.9828015681371389,0.7891591938036889,0.9200102347919139,35732,31978,1943,691,35230,7878064.8067937745,1252,4041746.4234192134,559,15781636.537737273,101,27809815.640424587,31,340329068.5916252,0.9814112393403814
2025-12-25,1476,0,0,0.0,0.0,58042600.48432847,737,346,844,47,436,6,36790,403085574.0,10956.38961674368,200.0,0.9833097136290146,0.7953741226752542,0.9219507677541094,35338,31568,1931,677,34859,7799463.167312593,1254,4040669.7656205692,542,15408925.437596533,105,28145240.20909018,30,347691275.4203801,0.9815982603968469
2025-12-26,1331,0,0,0.0,0.0,68986497.87847441,634,303,727,49,384,8,36463,412684436.0,11317.895839618242,200.0,0.9838393173348953,0.8062467824693113,0.9236810547380063,35003,31216,1940,679,34523,7728759.578048682,1261,4055552.704035378,543,15356849.848182978,108,29712006.371208984,28,355831267.49852407,0.9813783835669034
2025-12-27,829,0,0,0.0,0.0,20692786.25802541,330,277,400,45,81,3,36430,416184036.0,11424.211803458687,200.0,0.9840041663499078,0.8078491272808515,0.9254204226756384,34968,31167,1948,681,34482,7715976.59122395,1267,4079799.3031304637,547,15223864.917058706,105,28844716.11940284,29,360319679.06918406,0.981306615426846
2025-12-28,802,0,0,0.0,0.0,54655328.73873558,298,291,397,67,67,8,36438,421505536.0,11567.746199022999,200.0,0.9842256748761166,0.808495922828005,0.9258257351894134,34968,31123,1951,686,34487,7707493.402534829,1265,4060073.73440508,553,15594470.234407082,103,28248826.90284112,30,365894671.7258119,0.9811735001921071
2025-12-29,908,0,0,0.0,0.0,47499432.84689176,303,298,364,23,31,10,36440,428650126.0,11763.17579582876,200.0,0.98448253954064,0.8111461991189597,0.9270144663100851,34973,31120,1959,688,34481,7708211.80106086,1271,4094338.2239600606,554,15476071.07351833,105,27972947.65673697,29,373398557.2447238,0.9811196487376509
2025-12-30,773,0,0,0.0,0.0,42318109.944492735,307,245,353,20,71,4,36393,431453225.9999999,11855.390487181598,200.0,0.984591858158138,0.8023691593165497,0.927408149194155,34917,31065,1956,687,34437,7695562.384973723,1269,4097650.8509750883,552,15456838.40649905,103,27530167.896884672,32,376673006.4606675,0.9811227433847168
2025-12-31,849,0,0,0.0,0.0,127177533.83041474,276,259,360,31,74,14,36364,440482126.00000006,12113.137333626666,200.0,0.9848049734115055,0.7986072900926043,0.9242383223823091,34891,31042,1994,717,34370,7682679.455002544,1277,4115717.914894048,573,16060161.205638954,112,30359580.88764948,32,382263986.5368149,0.9802826971730283
2026-01-01,1118,0,0,0.0,0.0,52163555.72687129,582,229,642,20,369,7,36022,443548725.99999994,12313.27316639831,200.0,0.9850749569212881,0.8054905209127281,0.9271083359279928,34546,30694,1994,701,34028,7616278.080257772,1293,4171918.404346704,560,15588823.177528787,109,29941363.71041875,32,386230342.62744796,0.9805396702015435
2026-01-02,1040,0,0,0.0,0.0,35841242.4405889,574,217,625,21,371,5,35677,446595651.0000001,12517.746755612863,200.0,0.985323490746309,0.8096421555152918,0.9287608749492081,34202,30339,1995,697,33682,7543763.7974689845,1298,4177733.0945549197,561,15668979.677555615,105,30152191.66569458,31,389052982.7647259,0.9804636040025787
2026-01-03,661,0,0,0.0,0.0,44023182.397644095,292,231,362,34,103,3,35611,451989151.0,12692.402656482547,200.0,0.9855183165130192,0.8128907761514935,0.9293871909356197,34125,30268,2006,698,33605,7524179.461237662,1308,4204168.995614373,561,15653280.533549715,105,29549426.19558899,32,395058095.81400925,0.980399314818455
2026-01-04,699,0,0,0.0,0.0,32541314.178872,287,254,345,34,66,9,35588,456294551.00000006,12821.58455097224,200.0,0.985661141316581,0.8158371798356229,0.9303031290905868,34104,30240,2021,707,33567,7516198.671820646,1314,4189688.644317176,571,15760182.748764245,105,29141935.66296553,31,399686545.2721325,0.9801337529504327
2026-01-05,1153,0,0,0.0,0.0,102732174.81218813,352,414,479,35,36,13,35600,464374345.99999994,13044.223202247189,200.0,0.9858692950498668,0.8166545940797407,0.9300780499237782,34107,30244,2038,717,33562,7513156.531436829,1321,4194880.215141167,577,16010517.859397117,109,30938813.123118147,31,405716978.2709068,0.9798595505617977
2026-01-06,1024,0,0,0.0,0.0,82126078.26400769,355,367,434,38,44,13,35607,476583064.99999994,13384.532957002835,200.0,0.9862094716726573,0.8189480669958095,0.9312282243858256,34110,30245,2059,722,33548,7508956.3875854565,1337,4267242.467053625,583,16375185.445712432,111,31616293.06876081,28,416815387.6308877,0.9797230881568231
2026-01-07,1224,0,0,0.0,0.0,82134343.49642992,570,343,651,36,277,8,35374,487183048.9999999,13772.34830666591,200.0,0.9865683884950287,0.8152612425304951,0.9327867749755957,33861,29999,2071,723,33303,7457513.210757903,1348,4312771.490284601,585,16453355.729559785,109,31931096.704431195,29,427028311.86496663,0.9795612596822525
2026-01-08,1255,0,0,0.0,0.0,111948628.10365136,453,393,607,62,172,16,35280,502516046.99999994,14243.652125850338,200.0,0.9869476400074525,0.8155780706012005,0.9341745577842249,33764,29891,2108,763,33172,7427709.433167901,1345,4332286.606621636,621,16375042.425067656,110,31134043.856200803,32,443246964.6789421,0.9783730158730158
2026-01-09,921,0,0,0.0,0.0,58125754.36621177,409,297,508,60,180,12,35172,511743051.9999998,14549.72853406118,200.0,0.9871615478241895,0.8171911861842722,0.9330127934479465,33652,29769,2150,770,33022,7393023.586235546,1380,4410773.998027002,623,16878737.235656213,115,31582374.02193419,32,451478143.1581471,0.9781075855794382
2026-01-10,1075,0,0,0.0,0.0,44343850.39987782,553,276,624,24,306,4,34894,515315551.9999999,14768.027511893159,200.0,0.9873671571257525,0.8197986791252043,0.9350743742593567,33363,29483,2150,761,32744,7335365.683163709,1389,4411982.412310262,617,16385424.89098064,113,32868986.744215287,31,454313792.26933,0.9781910930245887
2026-01-11,1137,0,0,0.0,0.0,45745563.50418335,427,338,506,32,135,11,34802,519579552.0,14929.588874202633,200.0,0.9874890712711856,0.8235012610884881,0.9361498038747634,33267,29390,2179,768,32623,7310730.322073624,1411,4471644.72402836,628,16625513.014370758,109,30821005.39361859,31,460350658.54590863,0.9779323027412218
2026-01-12,992,0,0,0.0,0.0,74654727.42547303,329,321,412,43,70,8,34783,527141486.0000001,15155.1472270937,200.0,0.9876181698663038,0.8148326970143475,0.934971779654093,33251,29366,2193,777,32590,7306154.620511651,1416,4501306.766114559,630,16791846.956307765,115,31752146.49291455,32,466790031.16415155,0.9776615013081102
2026-01-13,1261,0,0,0.0,0.0,96113883.1660035,436,426,590,51,129,18,34723,538115603.0,15497.38222503816,200.0,0.9877477203622359,0.8024275631457981,0.9343934744223751,33182,29291,2275,853,32448,7270840.030523665,1422,4553793.711010582,708,17905705.03513336,109,30966052.288740084,36,477419211.9345923,0.9754341502750339
2026-01-14,1023,0,0,0.0,0.0,106469053.35660401,399,312,483,32,130,11,34636,550848103.0000001,15903.917975516806,200.0,0.9880628128341921,0.809596492994964,0.9357401027652729,33089,29204,2273,845,32363,7257766.804153055,1428,4556895.808361558,699,17920110.909930676,112,31766163.35258401,34,489347166.1249708,0.9756034184085922
2026-01-15,1816,0,0,0.0,0.0,113191397.96523064,490,939,1141,613,175,12,35086,567080102.9999999,16162.57490167018,200.0,0.9885717181089291,0.80939791118511,0.9367931586732282,32980,29087,2297,856,32789,7228588.577023919,1441,4607905.029337422,710,18220298.199482262,109,31424725.262722395,37,505598585.93143404,0.9756028045374223
2026-01-16,1156,0,0,0.0,0.0,128188459.0857539,482,302,560,36,197,10,34935,580707429.0,16622.511206526407,200.0,0.9888753646015018,0.8146895876830164,0.9385083654640313,32820,28927,2305,857,32630,7192754.401982793,1448,4642063.180657108,712,18303793.68980078,108,30945921.968922704,37,519622895.75863665,0.9754687276370402
2026-01-17,897,0,0,0.0,0.0,84815287.71062286,318,290,369,29,46,5,34923,589640929.0,16884.028548521033,200.0,0.9890230318476223,0.8178902521004082,0.9381678096661927,32805,28904,2315,867,32608,7186603.022941509,1448,4635158.048392613,720,18645354.40953669,112,34033299.16927938,35,525140514.3498498,0.9751739541276523
2026-01-18,840,0,0,0.0,0.0,49453991.96893319,290,282,361,34,45,9,34921,595359029.0000001,17048.739411815244,200.0,0.989073512768262,0.8125546301721015,0.9371692026081082,32801,28897,2342,884,32579,7180065.624773443,1458,4658246.078540666,732,18692270.062637515,114,34084715.21715304,38,530743732.01689535,0.9746857191947539
2026-01-19,1285,0,0,0.0,0.0,83437655.73288138,336,443,521,133,39,13,35028,607643029.0,17347.351518784973,200.0,0.9893148438481675,0.8097870916976738,0.9382406548785446,32897,28890,2350,884,32678,7174418.682266254,1466,4706596.674807521,732,18849945.19835213,114,33867888.99046328,38,543044179.4541109,0.9747630467054927
2026-01-20,1134,0,0,0.0,0.0,75074021.37898414,417,336,531,63,151,6,34946,616002536.0000001,17627.26881474275,200.0,0.9894827412377899,0.8196259710817634,0.9377843353760232,32814,28781,2355,881,32591,7153470.972144306,1474,4722280.274603649,725,18714812.64682642,118,36040745.86503379,38,549371226.241392,0.9747896754993418
2026-01-21,1220,0,0,0.0,0.0,96943208.34391068,371,336,470,66,91,11,34932,627807127.0,17972.26402725295,200.0,0.9897152956315503,0.8283322282256853,0.9392053387231889,32797,28727,2351,877,32581,7147009.864063855,1474,4728536.838065093,721,18564939.390060183,120,36891426.50824733,36,560475214.3995636,0.9748940799267147
2026-01-22,1016,1,0,345000000.0,0.0,74701298.4222657,306,344,416,66,32,11,34977,638071831.0,18242.611744860907,200.0,0.9899101687740312,0.8336767748329181,0.9416967511397782,32842,28732,2359,877,32618,7147532.163372491,1482,4714391.543466771,728,18774290.569766857,114,35538798.79935436,35,571896817.9240395,0.9749263801926981
2026-01-23,1778,0,0,0.0,0.0,204696820.13484558,506,488,625,107,99,12,34997,650401340.0,18584.48838471869,200.0,0.9900576565240827,0.8346947337088904,0.9420772052976086,32851,28728,2421,891,32576,7137628.823966985,1530,4784994.257426906,742,19283125.293917082,114,34964579.30096703,35,584231012.3237219,0.9745406749149927
2026-01-24,1239,0,0,0.0,0.0,71811062.36344971,522,390,653,84,201,11,34891,661289574.0,18953.012925969448,200.0,0.9902140738124464,0.8325955994883047,0.9424300449781031,32738,28603,2459,903,32432,7105200.160907192,1556,4842324.716748673,753,19660912.116100363,115,34243548.67783163,35,595437588.328412,0.974119400418446
2026-01-25,1379,0,0,0.0,0.0,130338563.49260549,366,377,478,74,29,8,34944,671872080.0000001,19227.10851648352,200.0,0.9903505635149472,0.8404260495981406,0.9424788833636273,32781,28627,2483,906,32461,7106177.219030634,1577,4939483.319177016,755,19715069.03412106,119,36711838.46014326,32,603399511.9675281,0.9740728021978022
2026-01-26,1211,0,0,0.0,0.0,101361102.51041232,351,347,432,46,35,11,34966,683992101.0,19561.634187496424,200.0,0.9905007861616132,0.8384251561050627,0.9427446218423303,32788,28629,2485,908,32481,7107399.418171669,1577,4941454.540625755,753,19498810.46252038,121,38140603.40640174,34,614303833.1722804,0.9740319167190985
2026-01-27,1449,0,0,0.0,0.0,123688492.96219634,357,371,447,48,36,13,34991,694590095.0,19850.53570918236,200.0,0.9906334281509557,0.8311271982031466,0.9431376890734327,32812,28626,2491,905,32500,7103532.33037965,1586,4962130.382557911,753,20032245.846799154,117,37360763.36331852,35,625131423.0769447,0.974136206453088
2026-01-28,1801,0,0,0.0,0.0,156738815.47737268,384,463,560,97,45,17,35060,708400838.0,20205.38613804906,200.0,0.9907820939206612,0.8337459441181825,0.9437841101959192,32872,28661,2509,916,32551,7121884.776516568,1593,4965285.242418274,763,20203200.393069927,117,38039916.80712531,36,638070550.78087,0.973873359954364
2026-01-29,1908,0,0,0.0,0.0,93221690.84231743,453,580,693,151,41,10,35180,719471020.0000001,20451.13757816942,200.0,0.9908799228516518,0.8319068094929551,0.9443263050327663,32982,28739,2533,914,32647,7146254.353138611,1619,5095235.440810779,761,20051490.01937264,116,39697787.228398636,37,647480252.9582793,0.9740193291642979
2026-01-30,1867,0,0,0.0,0.0,108782919.55417821,528,509,708,112,155,10,35147,732198676.0,20832.465815005547,200.0,0.9910315121592179,0.8361474026834699,0.9446059017397916,32954,28676,2550,925,32597,7142270.109225081,1625,5106447.899523717,768,19993015.42551114,121,40163265.478485554,36,659793677.0872546,0.9736819643212792
2026-01-31,1747,0,0,0.0,0.0,109680639.92240006,536,504,768,174,221,3,35103,743402694.0000001,21177.75386719084,200.0,0.991185715878014,0.8326332355072359,0.94406246031411,32907,28527,2558,925,32545,7118265.398878976,1633,5133390.914973705,761,19912544.429678354,125,39448048.285028525,39,671790444.9714404,0.9736489758710082
2026-02-01,2412,0,0,0.0,0.0,150952477.87225515,997,387,1104,61,686,12,34490,754516252.0000001,21876.37726877356,200.0,0.991401232315219,0.8339060936861372,0.9444931503625665,32292,27911,2578,934,31912,7001119.631292855,1644,5176668.237090247,767,19791325.138144657,128,39733646.758255795,39,682813492.2352164,0.9729196868657581
2026-02-02,2404,0,0,0.0,0.0,110230610.97486673,635,583,857,132,216,16,34422,765159251.9999998,22228.785427923995,200.0,0.9915202226035532,0.8319741416673829,0.9441832964287893,32223,27784,2594,929,31828,6977090.459303003,1665,5286768.418867238,759,19783906.87345275,128,40184537.56760837,42,692926948.6807686,0.9730114461681483
2026-02-03,2087,0,0,0.0,0.0,123275736.83314969,463,486,619,93,85,13,34443,781302867.9999999,22683.937752228318,200.0,0.9916512387806817,0.8322725688558317,0.9434057139479898,32245,27789,2618,933,31825,6985057.265500972,1685,5361153.054204516,755,19570700.154758647,135,41988034.39922881,43,707397923.126307,0.9729117672676596
2026-02-04,1997,0,0,0.0,0.0,107537346.95767672,542,402,671,73,225,19,34310,796086722.9999998,23202.760798600983,200.0,0.9917968541493375,0.8336730423965021,0.944279336311179,32106,27645,2647,944,31663,6954569.033208407,1703,5442760.692969821,765,19751337.070975445,135,41644894.97334458,44,722293161.2295017,0.9724861556397552
2026-02-05,1691,0,0,0.0,0.0,128627483.56852262,476,409,636,87,187,22,34232,809557328.9999999,23649.13908039261,200.0,0.991883502635606,0.8275278978907327,0.9428526736431467,32022,27552,2679,964,31553,6934045.232438713,1715,5475513.426317835,779,20370165.117207482,140,41397948.84991388,45,735379656.374122,0.9718392147698061
2026-02-06,1857,0,0,0.0,0.0,140343787.99676904,385,438,540,93,60,5,34270,829632829.0,24208.719842427778,200.0,0.9920651504073412,0.8253895264706863,0.9450061767883146,32062,27576,2710,962,31560,6938177.114208838,1748,5521512.078549234,780,20277222.06448423,136,40787645.68077469,46,756108272.061983,0.971928800700321
2026-02-07,1212,0,0,0.0,0.0,51656320.27210017,284,493,593,262,52,8,34488,835350929.0,24221.495273718396,200.0,0.9921804879556122,0.8277783435954704,0.9457078325474279,32119,27560,2709,960,31779,6940480.551907675,1749,5517722.439933507,778,20074443.656855393,137,41660078.96779448,45,761158203.3835088,0.9721642310368824
2026-02-08,1387,0,0,0.0,0.0,79253837.10436392,323,341,408,50,27,13,34524,843043929.0,24419.06873479319,200.0,0.9922503794611872,0.8303681792129931,0.9461792559810166,32146,27573,2713,962,31811,6948349.7767212195,1751,5512500.654981081,778,20033088.87682811,140,41009574.9179432,44,769540414.7735263,0.9721353261499247
2026-02-09,1320,0,0,0.0,0.0,99787852.3783872,299,311,409,70,63,10,34541,856447197.0,24795.08980631713,200.0,0.9923075520263516,0.8190477413225329,0.9450842266957029,32161,27585,2742,970,31799,6949867.3892140305,1772,5538267.4858111255,780,20252809.222620673,142,42253030.84314893,48,781453222.0592052,0.971917431458267
2026-02-10,1848,0,0,0.0,0.0,106571022.701876,633,476,779,75,251,11,34376,868210947.9999998,25256.31103095182,200.0,0.992346412391655,0.8092693405027569,0.9424267372815829,31994,27400,2773,994,31603,6910163.910194941,1779,5541809.176366111,798,21196320.657268517,145,43607963.41347005,51,790954690.8427004,0.9710844775424715
2026-02-11,1925,0,0,0.0,0.0,139151762.06239608,583,431,725,61,242,12,34207,877883447.9999998,25663.8538310872,200.0,0.9924584105683705,0.8125806076293819,0.9437252252082919,31818,27215,2784,998,31423,6880238.498834708,1786,5551489.3383051185,809,21663031.106482856,137,41082501.52799519,52,802706187.528382,0.970824685005993
2026-02-12,1733,0,0,0.0,0.0,104442931.64842299,377,407,477,50,33,11,34235,892196114.9999999,26060.935154082075,200.0,0.9925552772337674,0.8109782849047276,0.9431380408217453,31844,27230,2785,995,31450,6886099.3463176405,1790,5549066.0963618755,800,21520557.943515785,143,43314229.71895754,52,814926161.894847,0.9709361764276325
2026-02-13,2195,0,0,0.0,0.0,118261729.4209069,390,792,862,365,29,20,34591,904620774.9999999,26151.911624410972,200.0,0.9927044868344086,0.8132181859812104,0.9435810666186301,31895,27285,2789,997,31802,6902503.443671551,1792,5597428.426159706,802,21912434.687822632,143,43007975.46229477,52,827200432.9800512,0.9711774739093983
2026-02-14,1508,0,0,0.0,0.0,93242229.2919011,335,341,424,44,30,8,34613,912443574.9999998,26361.297056019408,200.0,0.9927962125480212,0.815771719537178,0.9454454600422029,31910,27295,2782,985,31831,6912595.377855344,1797,5629325.083258923,794,21470779.590428032,138,40906853.07778993,53,837524021.8706678,0.9715424840377893
2026-02-15,1539,0,0,0.0,0.0,106103339.16854519,309,326,400,38,26,14,34639,921877892.0,26613.871416611335,200.0,0.9928173498600642,0.8183113581519876,0.9437404451798637,31929,27317,2807,998,31832,6913681.3788976595,1809,5676840.043162951,800,22046329.813817896,146,43937519.87351222,52,843303520.8906093,0.9711885447039464
2026-02-16,1560,0,1,0.0,629304344.6760584,134618917.0758155,386,395,480,48,40,8,34655,308588984.3239415,8904.602058114026,200.0,0.9785326716524199,0.43744443335099353,0.8308908857731716,31950,27322,2816,1001,31839,6915276.0084471665,1815,5684250.058979238,802,22100527.14325586,144,43044259.146320984,55,230844671.96693826,0.9711152791804935
2026-02-17,1573,0,0,0.0,0.0,111514404.96042173,559,418,657,56,165,19,34565,318551459.3239415,9216.01213146077,200.0,0.9791983275352849,0.4647676201361874,0.8346721233614823,31851,27213,2823,1007,31742,6901616.114422246,1816,5765321.738201505,806,22406282.694735058,149,44564254.18043229,52,238913984.59615046,0.9708664834370028
2026-02-18,1693,0,0,0.0,0.0,82219670.83850664,628,412,716,42,245,8,34370,327836289.32394147,9538.443099329108,200.0,0.9799397292841652,0.49275689060990496,0.8432833763817393,31642,27000,2826,1012,31544,6854066.215312903,1814,5759176.968996132,813,22561472.198937595,149,43004683.24569979,50,249656890.6949951,0.9705557171952284
2026-02-19,1018,1,0,570000000.0,0.0,77955036.02389313,293,286,378,33,57,10,34356,335187289.3239415,9756.295532772778,200.0,0.9804250884683327,0.5004426917306687,0.8480148021895704,31627,26979,2821,1007,31535,6852434.686233433,1814,5749857.250484534,807,22230781.45312767,149,40736604.17986505,51,259617611.75423086,0.9706892536965886
2026-02-20,1527,0,0,0.0,0.0,125113651.63798027,406,416,506,54,47,17,34380,348369089.32394147,10132.899631295564,200.0,0.9809975472040646,0.5200746544970394,0.8476045085736128,31649,26995,2846,1026,31534,6856429.015293509,1820,5787529.199819112,817,22618795.513072528,155,40631624.078516014,54,272474711.51724035,0.9701570680628272
2026-02-21,1105,0,0,0.0,0.0,102951490.88137034,311,302,373,23,23,5,34385,354151218.3239416,10299.58465388808,200.0,0.98144252298835,0.5554409654417268,0.8539390403463807,31648,26985,2840,1016,31545,6856326.390368373,1824,5811997.517433887,812,22528633.557670105,155,41298474.63063933,49,277655786.2278299,0.970452232077941
2026-02-22,969,0,0,0.0,0.0,91343865.5346457,342,299,419,30,70,6,34351,362489814.3239416,10552.525816539302,200.0,0.9818355162740116,0.5500646569278327,0.8565782325380441,31613,26948,2848,1014,31503,6849076.533788793,1834,5842578.758335184,811,22576986.624485213,151,40337129.10287544,52,286884043.30445695,0.9704812086984367
2026-02-23,1405,0,0,0.0,0.0,119497257.0801446,405,366,479,36,79,10,34318,373138229.3239415,10872.959651609695,200.0,0.9823600650183048,0.5649224342376744,0.8603346788440012,31573,26910,2848,1016,31470,6846724.897873843,1832,5848518.7174282335,816,22945054.132449545,148,39927113.957657725,52,297570817.61853224,0.970394545136663
2026-02-24,1521,0,0,0.0,0.0,132890196.1568851,361,374,446,45,37,18,34344,386919692.32394147,11266.005483459745,200.0,0.9829484412498577,0.5793306345585533,0.8639169163761348,31586,26914,2852,1019,31492,6851763.685731515,1833,5867495.625219406,817,23274275.016468115,150,40656532.50221619,52,310269625.4943063,0.9703296063358956
2026-02-25,1791,0,0,0.0,0.0,155713451.4912038,462,496,561,48,31,14,34375,405419857.32394147,11794.032213060116,200.0,0.9836044607428017,0.5956171693716034,0.8647372925957093,31610,26938,2871,1034,31504,6855228.135792475,1837,5870833.104549583,825,23709014.82915849,159,44664220.242957175,50,324320561.0114838,0.96992
2026-02-26,1621,0,0,0.0,0.0,125060784.91820785,431,484,555,63,38,30,34430,416823536.3239416,12106.40535358529,200.0,0.9839188593163318,0.6059113784321891,0.8633285262207391,31655,26978,2892,1047,31538,6866970.575125289,1845,5908484.577084306,833,24571658.08602626,165,46740366.04187396,49,332736057.0438317,0.9695904734243392
2026-02-27,1547,0,0,0.0,0.0,101872420.46991013,404,432,531,65,46,14,34463,427361136.3239416,12400.578484866135,200.0,0.9842164937996553,0.6224710007113354,0.8646256202570577,31685,26999,2916,1069,31547,6873815.487298878,1847,5884002.567416165,856,25949876.198894914,168,49157806.63037668,45,339495635.4399549,0.968981226242637
2026-02-28,1498,0,0,0.0,0.0,106519012.4677216,398,407,481,35,35,10,34473,436658204.32394147,12666.67259373833,200.0,0.984565751137862,0.6256352850127145,0.867188289004916,31676,26984,2907,1064,31566,6874823.322899951,1843,5861273.518796541,848,26005597.990286272,168,45368471.22031243,48,352548038.2716464,0.9691352652800742
2026-03-01,1130,0,0,0.0,0.0,89489138.35862915,301,329,401,50,17,7,34513,447802306.3239415,12974.887906700129,200.0,0.9849422459175468,0.6287563673708648,0.8716943027649943,31702,27004,2921,1056,31592,6881658.564411813,1865,5935139.527450165,840,25680872.71424202,166,44433668.02201096,50,364870967.49582654,0.969402833714832
2026-03-02,1748,0,0,0.0,0.0,96243355.74626306,414,444,518,69,25,18,34575,460886381.3239415,13330.047182181968,200.0,0.9851641735603845,0.635873192549832,0.8696510731073572,31767,27060,2963,1083,31612,6892344.262855069,1880,5979240.284910618,861,27147272.86392474,172,45843051.17731643,50,375024472.7349346,0.9686767895878525
2026-03-03,1246,0,0,0.0,0.0,119415686.29594769,307,356,411,53,30,12,34610,474610122.3239415,13713.092237039627,200.0,0.9855188393788312,0.6487271251257084,0.8700115259313269,31799,27083,2976,1095,31634,6897278.714480638,1881,5991212.08078193,868,27551348.137342773,178,47169984.75156835,49,387000298.6397678,0.9683617451603582
2026-03-04,1327,0,0,0.0,0.0,131031791.83528052,315,376,449,42,47,11,34616,488215343.3239415,14103.748073836998,200.0,0.9857950866323711,0.6543614573420785,0.8698154140331492,31811,27105,3014,1108,31602,6891040.252541663,1906,6059169.488095755,876,28156786.008689385,185,50311367.63053083,47,396796979.9440839,0.9679916801479085
2026-03-05,1769,0,0,0.0,0.0,76623420.32750325,311,345,403,39,22,7,34640,499212278.32394147,14411.439905425563,200.0,0.9859960722322799,0.6514468214624809,0.8692522923323494,31822,27127,3031,1122,31609,6891899.89468534,1909,6065324.691068428,886,28695669.086941045,188,52673419.980474815,48,404885964.67077184,0.9676096997690531
2026-03-06,1475,0,0,0.0,0.0,112013895.4778025,323,338,400,33,31,8,34650,513058305.32394147,14806.87749852645,200.0,0.9862926185530507,0.653963071416745,0.8707121188831984,31839,27140,3043,1131,31607,6893401.346392319,1912,6072233.983595362,893,29278545.020973638,187,51163173.385539144,51,419650951.587441,0.9673593073593073
2026-03-07,1428,0,0,0.0,0.0,146456365.19189897,386,315,445,19,87,11,34593,519952075.3239416,15030.557492092088,200.0,0.9865316584827137,0.6526919612937138,0.874322063540241,31779,27081,3028,1121,31565,6888664.807251096,1907,6085967.903800726,889,28905357.92054536,179,50899792.50409794,53,427172292.18824637,0.9675946000635967
2026-03-08,786,0,0,0.0,0.0,75244751.13049509,252,274,336,34,38,18,34607,530186675.32394147,15320.214850288712,200.0,0.9866884505022316,0.6533899524493184,0.8725590211889632,31794,27094,3038,1133,31569,6889825.455123529,1905,6042320.308094006,894,29327469.41914324,186,54365736.775891334,53,433561323.3656894,0.9672609587655676
2026-03-09,1866,0,0,0.0,0.0,153548570.38145626,516,561,627,40,33,26,34640,544284850.3239416,15712.61115253873,200.0,0.9869309035472258,0.667959755282616,0.8731651989910387,31819,27123,3070,1159,31570,6891012.684795244,1911,6060649.740154339,919,30469886.30357966,189,54927522.7382111,51,445935778.8572013,0.9665415704387991
2026-03-10,1352,0,0,0.0,0.0,135048066.65980992,393,424,483,35,33,13,34655,558624452.3239416,16119.591756570238,200.0,0.9870843654003367,0.6678578431475025,0.8695527441219418,31835,27147,3092,1177,31563,6892491.341013505,1915,6059255.807742411,925,31633455.54619322,200,57589818.753000915,52,456449430.87599146,0.9660366469484922
2026-03-11,1097,0,0,0.0,0.0,103334345.70179644,306,353,408,47,22,19,34699,569475148.3239416,16411.860524048003,200.0,0.9872602043480393,0.6766777716849557,0.8712321211292554,31876,27193,3125,1193,31574,6898637.846383335,1932,6109597.451707546,940,32060616.80005244,202,57950446.97951675,51,466455849.2462814,0.9656186057235079
2026-03-12,1353,0,0,0.0,0.0,97514712.54304758,305,356,428,55,31,12,34735,575513554.3239416,16568.693085474064,200.0,0.9873196307897626,0.687766368235086,0.8721457406681361,31908,27221,3163,1208,31572,6896503.375115495,1955,6209472.082199398,954,33005896.800644565,206,57780707.71592316,48,471620974.3500589,0.965222398157478
2026-03-13,2498,0,0,0.0,0.0,135345647.07612097,464,519,579,58,32,10,34771,592284994.3239417,17033.878643810694,200.0,0.987504558278388,0.6895490019204177,0.8703297372446543,31942,27265,3204,1235,31567,6896610.493141113,1969,6229528.719029,974,33992904.9039432,209,57082974.90804954,52,488082975.29977864,0.9644818958327341
2026-03-14,1057,0,0,0.0,0.0,83392633.2176389,329,326,415,39,28,13,34795,598376794.3239416,17197.206332057525,200.0,0.9875914476332315,0.7043334319635758,0.8706562061528978,31966,27291,3223,1239,31572,6902616.731815762,1984,6282247.934305153,975,34377114.122803845,216,59650628.828329965,48,491164186.7066868,0.964391435551085
2026-03-15,905,0,0,0.0,0.0,45920975.441725716,291,326,391,45,34,19,34825,607445274.3239415,17442.793232561133,200.0,0.9876205617436498,0.6928388978909444,0.8685733364355148,31995,27326,3259,1257,31566,6902246.657243231,2002,6334931.952913389,985,34919188.02399457,220,59136046.144482225,52,500152861.5453081,0.9639052404881551
2026-03-16,1554,0,0,0.0,0.0,169684347.84276587,362,389,475,63,42,12,34858,619700024.3239415,17777.842226287838,200.0,0.9878476413786846,0.6950612511174195,0.872017707053717,32019,27341,3274,1264,31584,6902520.734788076,2010,6339294.768064866,994,35363867.297428414,221,59411733.5453837,49,511682607.97827643,0.9637385965918871
2026-03-17,1839,0,0,0.0,0.0,142130178.2180676,848,394,961,51,539,20,34390,633584916.3239416,18423.521847163174,200.0,0.988018792906854,0.6961929385757514,0.8697898949823198,31564,26880,3301,1287,31089,6804963.183350451,2014,6348588.320754594,1010,36649952.912994705,227,61736620.37997399,50,522044791.5268678,0.9625763303285839
2026-03-18,1526,0,0,0.0,0.0,130281598.29300559,760,359,852,52,456,17,34003,646142694.3239415,19002.520198921902,200.0,0.9882582575507478,0.6978605938394469,0.8701083695701723,31164,26481,3308,1289,30695,6729643.270897165,2019,6397058.253898385,1011,37148342.672264144,231,64741770.34706655,47,531125879.77981526,0.9620915801546922
2026-03-19,2623,0,0,0.0,0.0,145101844.51388246,990,459,1098,47,594,26,33482,657249895.3239417,19629.947294783517,200.0,0.988412595763733,0.7091422634513439,0.8698538118157754,30629,25946,3335,1313,30147,6617679.547345173,2022,6398342.0269821435,1032,38493312.17484219,233,64315857.35614915,48,541424704.2186229,0.9607848993489039
2026-03-20,1233,0,0,0.0,0.0,94284203.74686983,376,366,488,44,66,10,33470,665552720.3239417,19885.052892857537,200.0,0.9885537769945767,0.7139361481570828,0.8720925545349776,30613,25931,3346,1312,30124,6615955.4558503525,2034,6447903.639478195,1032,38595648.21872209,234,65205819.61219517,46,548687393.3976957,0.9608007170600538
2026-03-21,892,0,0,0.0,0.0,81117611.34570952,291,299,356,28,26,12,33484,673076980.3239416,20101.450851867805,200.0,0.9887647643333198,0.7176557864549369,0.8755604012891618,30616,25929,3333,1298,30151,6620197.467379534,2035,6442420.6834525475,1024,38318387.55071469,228,63673276.66987942,46,558022697.9525154,0.9612352168199737
2026-03-22,1114,0,0,0.0,0.0,81617385.25113483,311,435,488,48,28,22,33526,683872710.3239415,20398.279255620757,200.0,0.9887950037589408,0.7106178237686332,0.8738472709964423,30659,25972,3355,1308,30171,6641960.759009181,2047,6529948.204765829,1025,38243018.245465904,233,65212721.22258602,50,567245061.8921145,0.9609855037881048
2026-03-23,1871,0,0,0.0,0.0,159844362.4669254,441,371,534,40,127,21,33460,693786171.3239416,20734.79292659718,200.0,0.9896429418230112,0.7575469859559663,0.9006669761672812,30584,25899,3277,1216,30183,6645524.992764099,2061,6561310.537540919,1005,37178324.92337859,166,48113110.24738921,45,595287900.6228685,0.9636580992229528
2026-03-24,1155,0,0,0.0,0.0,92260762.20857939,342,354,421,43,35,16,33484,707912036.3239417,21141.800153026572,200.0,0.9897716724144194,0.7556394429559035,0.9001405941509901,30604,25918,3298,1223,30186,6644255.020381175,2075,6604421.425531668,1005,37287691.40459732,172,49581957.58783161,46,607793710.8855997,0.9634750925815315
2026-03-25,1214,0,0,0.0,0.0,120121065.74370965,325,352,406,33,35,22,33504,720138851.3239417,21494.11566750065,200.0,0.989889931004506,0.7574650866735312,0.9006873208219097,30625,25932,3310,1237,30194,6647941.309050668,2073,6598244.976634173,1019,37863261.9064617,170,49070346.196261436,48,619959056.9355336,0.963079035339064
2026-03-26,1198,0,0,0.0,0.0,86177979.76609828,337,336,406,26,37,19,33512,731410504.3239416,21825.331353662616,200.0,0.990072499505155,0.7623927913892041,0.9029398180981013,30627,25935,3305,1230,30207,6648457.6465522675,2075,6597417.783181116,1017,38039066.24810896,164,47698140.49257418,49,632427422.1535251,0.9632967295297207
2026-03-27,1314,0,0,0.0,0.0,112058869.20686565,331,346,416,35,29,17,33535,739281568.3239416,22045.074349901344,200.0,0.9902123832325491,0.7699253317582605,0.9057316154234585,30643,25944,3307,1228,30228,6653545.923427937,2079,6588022.740793011,1018,38032160.93594917,163,47305041.19359903,47,640702797.5301722,0.963381541672879
2026-03-28,1157,0,0,0.0,0.0,153477200.08605483,316,324,388,34,33,11,33547,749188717.3239415,22332.510129786315,200.0,0.9903395712816312,0.7730917566279728,0.9070688958648171,30662,25954,3310,1231,30237,6657673.106402146,2079,6584922.890756082,1016,37770241.23278485,169,46128492.95791291,46,652047387.1360854,0.9633052135809461
2026-03-29,1108,0,0,0.0,0.0,73012278.0874676,442,333,530,31,158,16,33436,756804993.3239417,22634.4357376463,200.0,0.99038353831895,0.766854158507182,0.9050652412054065,30552,25842,3309,1233,30127,6636338.350020995,2076,6577746.636248417,1009,37760753.32226816,176,48548061.24848314,48,657282093.7669209,0.9631235793755234
2026-03-30,1302,0,0,0.0,0.0,96951599.97253035,559,326,633,30,291,24,33199,767779893.3239416,23126.596985570097,200.0,0.9904152682874074,0.7611891664621593,0.9017433800618664,30317,25608,3330,1248,29869,6587213.29874281,2082,6606898.704743981,1013,38051698.84914616,182,51227519.273410514,53,665306563.197898,0.9624085062803096
2026-03-31,1807,0,0,0.0,0.0,186894149.0432185,759,466,882,43,392,21,32871,784576086.3239416,23868.33641580547,200.0,0.990656243102721,0.7641037361868502,0.9054462563892222,29992,25276,3344,1255,29527,6525525.817258844,2089,6646861.408757528,1025,38274670.015835464,178,49531490.64432378,52,683597538.4377658,0.9618204496364576
2026-04-01,1319,0,0,0.0,0.0,152569528.8831698,463,385,552,19,137,24,32777,802449543.3239418,24482.092422245532,200.0,0.9907818082903271,0.7603060298487946,0.9048850661041116,29898,25187,3361,1268,29416,6503408.5428360645,2093,6656213.398706126,1025,38340882.747335285,193,53022160.89430043,50,697926877.7407637,0.9613143362723862
2026-04-02,1100,0,0,0.0,0.0,142885666.830136,350,346,413,27,27,24,32801,818174573.3239416,24943.586272489913,200.0,0.9909118519676059,0.7605099265438129,0.9040640401954482,29914,25197,3363,1273,29438,6504830.467226199,2090,6639248.000845402,1025,38206600.556145,196,55791473.40617289,52,711032420.893552,0.9611902076156215
2026-04-03,1158,0,0,0.0,0.0,129333166.11129051,487,369,583,27,181,31,32678,829863873.3239417,25395.185547583747,200.0,0.9917681313824183,0.7819943395243899,0.9255315392966731,29790,25065,3229,1122,29449,6505802.530577022,2107,6687418.654192621,896,25420258.19669624,173,49823908.59475709,53,741426485.3477184,0.9656649733765836
2026-04-04,904,0,0,0.0,0.0,94658183.85713845,278,346,405,23,25,14,32690,839609273.3239412,25683.97899430839,200.0,0.9918394773226692,0.780979967491046,0.9249485600674648,29791,25070,3231,1121,29459,6508988.250500041,2110,6693570.333191443,893,25520530.942718677,174,51131090.76827805,54,749755093.0292532,0.9657081676353625
2026-04-05,1041,0,0,0.0,0.0,118012269.68593608,309,316,384,31,30,19,32710,850171316.3239416,25991.174451970088,200.0,0.9919119452882061,0.7811638476937013,0.9250750336296225,29807,25084,3242,1126,29468,6509922.214788582,2116,6721871.08795483,899,25981567.331585214,172,51220243.71651851,55,759737711.9730943,0.9655762763680832
2026-04-06,1226,0,0,0.0,0.0,154938233.965982,335,400,466,45,29,41,32767,860818431.3239413,26270.89545347274,200.0,0.9919256262725831,0.7809167912350472,0.9227100228027548,29856,25127,3268,1142,29499,6518107.622251077,2126,6727102.787836093,907,27141763.20281934,184,55414385.91147232,51,765017071.7995626,0.9651478621784112
2026-04-07,1194,0,0,0.0,0.0,98754515.59293558,358,374,462,77,37,23,32830,868714142.3239416,26460.985145414,200.0,0.9919754386479815,0.7871165272092189,0.9240319978094308,29908,25161,3307,1149,29523,6517892.825386333,2158,6845971.619167756,919,27884506.808202237,181,55648542.60548989,49,771817228.4656951,0.9650015229972586
2026-04-08,10963,1,0,1300000000.0,0.0,141953246.88882804,409,9837,9955,831,38,456,34079,882868842.3239417,25906.536058098587,200.0,0.9922533198885135,0.7902783343268072,0.9242476995168444,31175,25247,3342,1159,30737,6616733.8632333595,2183,6923569.845194501,924,27862568.366426285,183,54351057.23937892,52,787114913.0097085,0.9659907861146161
2026-04-09,1117,0,0,0.0,0.0,153818061.46890485,325,357,423,36,38,13,34090,894225781.3239413,26231.32242076683,200.0,0.9923327065836737,0.792615528689321,0.9251300646200106,31191,25265,3347,1163,30743,6622974.936600335,2184,6933121.717386838,930,28359186.70001883,181,54040314.61200711,52,798270183.3579283,0.9658844235846289
2026-04-10,1429,0,0,0.0,0.0,101867627.06488042,379,438,527,51,55,29,34115,904957081.3239417,26526.662210873274,200.0,0.9923759070332494,0.7966522080296266,0.9246236868709155,31212,25283,3366,1180,30749,6629978.14281329,2186,6939762.694109123,945,28948317.197801754,186,57317049.36765684,49,805121973.9215605,0.9654111094826323
2026-04-11,1045,0,0,0.0,0.0,95847697.59195918,318,334,413,50,28,12,34149,913827281.3239415,26760.001210106926,200.0,0.9924585120146528,0.8020617249815065,0.9258686042056584,31228,25305,3374,1178,30775,6640093.940430773,2196,6969889.018078771,942,28855062.247998472,190,58433845.69745616,46,812928390.4199773,0.9655041143225277
2026-04-12,926,0,0,0.0,0.0,50669405.76722058,290,350,419,43,16,21,34197,921014640.3239415,26932.6151511519,200.0,0.9924090039629516,0.796984463639375,0.9238528680415721,31278,25355,3421,1206,30776,6643049.755236417,2215,7036614.567888573,966,29907849.3905046,193,59647789.18972639,47,817779337.4205854,0.9647337485744364
2026-04-13,1284,0,0,0.0,0.0,127091629.65481137,385,406,486,42,34,31,34236,934389740.3239416,27292.608374925272,200.0,0.9925033678112202,0.7981826319427253,0.9244867153158226,31302,25376,3428,1208,30808,6651751.073938236,2220,7056662.10986528,969,29953468.963648412,193,62439234.13142698,46,828288624.0450627,0.9647155041476808
2026-04-14,1360,0,0,0.0,0.0,132179173.93095471,462,440,596,52,98,41,34231,949174345.3239416,27728.5018060805,200.0,0.9927350414112392,0.8085923175888355,0.929610879194192,31291,25364,3405,1181,30826,6653484.435725313,2224,7091072.640634458,955,28628063.905176137,179,58604682.247594655,47,848197042.0948111,0.9654991089947709
2026-04-15,10689,0,0,0.0,0.0,111094358.0521761,328,9919,10003,162,39,73,34427,959054578.3239417,27857.628556770607,200.0,0.9926910926546585,0.8097667491281075,0.9290731553694653,31486,25539,3445,1205,30982,6755599.753993055,2240,7133206.059124949,981,30216108.50197179,175,55901796.702030264,49,859047867.3068215,0.9649984024167079
2026-04-16,1199,0,0,0.0,0.0,102082056.93564722,345,420,500,78,41,35,34499,973577166.3239416,28220.445993331447,200.0,0.9926729757409927,0.8075419066622556,0.9245818321850602,31558,25615,3476,1226,31023,6773043.551669129,2250,7147743.567701563,985,30729708.117240354,192,61001959.84608438,49,867924711.241246,0.9644627380503783
2026-04-17,1701,0,0,0.0,0.0,130369934.71285649,384,492,585,118,52,27,34592,985970266.3239417,28502.84072398074,200.0,0.9927051711096837,0.8057440006408464,0.9247425415363711,31643,25707,3505,1246,31087,6788594.156933273,2259,7221347.40124624,1008,31870483.76500295,192,62541247.08419573,46,877548593.9165634,0.9639801110083256
2026-04-18,1251,0,0,0.0,0.0,78884216.09463291,387,392,498,55,55,17,34609,993319025.3239416,28701.17672639896,200.0,0.9927333398417006,0.805664696740927,0.9236143400059283,31658,25721,3509,1247,31100,6792604.348621375,2262,7245965.407447649,1007,31935943.558988184,193,63391968.40236425,47,883952543.60652,0.9639689098211448
2026-04-19,1229,0,0,0.0,0.0,91667163.3973179,361,372,454,34,44,23,34622,1004026140.3239415,28999.657452600703,200.0,0.9927882214892272,0.8064151556163134,0.9239722837960398,31662,25731,3517,1252,31105,6790497.999849804,2265,7257542.063374742,1003,31696546.760921706,204,65372909.101266906,45,892908644.3985282,0.9638380220668938
2026-04-20,1488,0,0,0.0,0.0,128702719.48513319,397,466,574,82,41,23,34686,1015679980.3239415,29282.13055192128,200.0,0.9927903252155554,0.8088434320632386,0.9208317212310773,31675,25751,3543,1270,31143,6790809.401775161,2273,7284312.729261383,1009,32366909.69026497,217,69323123.68183687,44,899914824.8208032,0.9633858040708067
2026-04-21,1224,0,0,0.0,0.0,93655864.72163536,352,376,476,43,37,31,34723,1026964753.3239415,29575.922395067864,200.0,0.9927905382427904,0.8091729391410546,0.9182451277111524,31704,25774,3565,1289,31158,6792396.996986939,2276,7294567.205996664,1026,33586043.61339216,220,73422914.46125363,43,905868831.046312,0.9628776315410534
2026-04-22,11092,0,0,0.0,0.0,102053356.48156598,342,9811,9883,96,37,74,34856,1038348911.3239417,29789.674986342143,200.0,0.9927669381055872,0.8103455338401312,0.9160336948945413,31843,25807,3589,1293,31267,6879666.372552572,2296,7347572.703450633,1022,33977805.23502241,228,75902159.0667207,43,914241707.9461954,0.9629045214597199
2026-04-23,1533,0,0,0.0,0.0,115345564.88395405,330,370,437,49,37,23,34891,1051849048.3239413,30146.715437331728,200.0,0.9927405406608313,0.8078737715308786,0.9132230133228828,31878,25840,3618,1322,31273,6881060.247752786,2296,7360470.52695742,1041,35174556.177496225,238,79911629.61716384,43,922521331.7545712,0.9621105729271159
2026-04-24,1959,0,0,0.0,0.0,164022280.35619983,586,459,702,56,186,30,34791,1063902128.3239415,30579.8088104378,200.0,0.9934000555020611,0.8383564142505845,0.9369220607046891,31776,25738,3494,1196,31297,6894534.247331431,2298,7314516.317304393,958,26396005.294098757,194,58788887.81817341,44,964508184.6470336,0.9656232933804719
2026-04-25,1834,0,0,0.0,0.0,105436942.96119055,459,490,578,84,40,34,34869,1074150843.3239415,30805.324022023615,200.0,0.9933979395911257,0.8373555755482655,0.935144235965729,31844,25804,3515,1209,31354,6914255.899551804,2306,7304153.184662443,966,27113595.237571225,199,61546420.26482564,44,971272418.7373303,0.965327368149359
2026-04-26,1764,0,0,0.0,0.0,138317594.45345357,336,370,448,42,23,26,34914,1088024507.3239415,31162.98640442062,200.0,0.993372688910121,0.8299845642616759,0.9308575891514572,31888,25855,3550,1219,31364,6923030.387975667,2331,7391858.46861971,963,27508907.116790704,209,65561736.140576184,47,980638975.2099792,0.9650856389986825
2026-04-27,2051,0,0,0.0,0.0,135665332.60421038,384,401,500,40,59,23,34918,1097911729.3239412,31442.572006527902,200.0,0.9935671040526526,0.8393241315928182,0.9380906785597265,31878,25841,3528,1191,31390,6924491.911407329,2337,7415542.556269277,954,26375244.48700501,191,58928426.48875356,46,998268023.8805063,0.9658915172690303
2026-04-28,11402,0,0,0.0,0.0,340229694.48392975,352,9879,9961,105,38,73,35058,1108901697.3239417,31630.48939825266,200.0,0.9935181850370799,0.8318708254722519,0.9358733530927753,32031,25896,3555,1199,31503,7023986.442541796,2356,7491469.27634724,954,26708246.474813133,198,61733721.18641636,47,1005944273.943823,0.9657995322037766
2026-04-29,1814,0,0,0.0,0.0,1038332816.4104823,334,374,456,55,37,24,35100,1118326233.3239417,31861.14624854535,200.0,0.9935034804858922,0.8329269661375801,0.9347680229843726,32067,25947,3591,1221,31509,7030593.362486233,2370,7540449.8262847345,970,27620567.68191263,205,62938596.387227125,46,1013196026.0660307,0.9652136752136752
2026-04-30,2792,0,0,0.0,0.0,1130393036.9661243,511,530,659,77,67,37,35147,1141380711.3239415,32474.484630948344,200.0,0.9936032320237382,0.8301525079594299,0.9344080136104238,32114,25995,3598,1210,31549,7042857.769758943,2388,7577006.012439758,949,26270108.918357942,207,63265280.17609912,54,1037225458.4472858,0.9655731641391868
2026-05-01,2140,0,0,0.0,0.0,1155250353.9205852,416,473,586,83,52,40,35218,1169948516.3239415,33220.18616400538,200.0,0.993695083202731,0.8250816253410308,0.9344502062227779,32189,26080,3633,1220,31585,7062245.088412787,2413,7656327.732217079,955,26509779.985634685,211,64717744.17287647,54,1064002419.3448005,0.9653586234311999
2026-05-02,1369,0,0,0.0,0.0,1153897725.1714246,267,316,396,64,31,15,35266,1181569917.3239415,33504.50624748884,200.0,0.9937418405491311,0.8277832475239683,0.9351500664026253,32248,26134,3645,1225,31621,7081956.313521243,2420,7656314.928285177,960,26520183.217060924,210,63667886.99378821,55,1076643575.871286,0.9652639936482731
2026-05-03,1338,0,0,0.0,0.0,1133159053.379826,262,285,364,51,29,18,35306,1187988407.3239412,33648.34326527902,200.0,0.993738400335659,0.8238856796935411,0.9344746996238044,32290,26179,3663,1237,31643,7088681.087104129,2426,7661793.931804226,969,26634667.327029772,213,64804363.66981521,55,1081798901.308188,0.9649634623010254
2026-05-04,1488,0,0,0.0,0.0,1094294534.4169517,306,332,421,62,29,8,35347,1194585907.3239415,33795.9630894826,200.0,0.9937811532671745,0.8268784517007663,0.9356283880215838,32331,26215,3669,1236,31678,7100516.844868372,2433,7697828.144049254,979,27042086.97949931,201,63521110.37217986,56,1089224364.9833448,0.9650323931309588
2026-05-05,1112,0,0,0.0,0.0,198242401.1852881,294,296,387,45,46,9,35355,1199335199.3239415,33922.64741405576,200.0,0.9938890018570338,0.832047217379178,0.939355594481322,32342,26219,3648,1205,31707,7108601.78806047,2443,7740284.280671483,960,26078604.415045917,189,60435343.28107366,56,1097972365.55909,0.9659171262904822
2026-05-06,1379,0,0,0.0,0.0,153576463.66854298,338,367,454,48,46,30,35387,1209044056.3239415,34166.333860568615,200.0,0.993883969450443,0.8308768766047304,0.9377245850149909,32378,26250,3674,1228,31713,7109366.628389992,2446,7727649.791358277,980,26756624.377725184,190,60901424.03949434,58,1106548991.4869738,0.9652979907875774
2026-05-07,1305,0,0,0.0,0.0,149355013.55910164,324,357,438,54,33,19,35427,1227196214.3239417,34640.139281450356,200.0,0.993941769454837,0.8395754473034918,0.937556725745771,32424,26283,3693,1232,31734,7116089.610797226,2461,7835824.553241188,973,26667645.51302492,202,62615075.09933627,57,1122961579.5475419,0.9652242639794507
2026-05-08,11433,0,0,0.0,0.0,729120574.1825339,364,9761,9850,107,42,89,35581,1242069850.3239412,34908.23333587986,200.0,0.9939930508501232,0.8467603452193084,0.9392607881283626,32581,26311,3704,1230,31877,7220092.0455609765,2474,7889055.099265812,973,26418798.663694154,201,61279808.46925154,56,1139262096.046169,0.9654309884488913
2026-05-09,1408,0,0,0.0,0.0,865730588.5690111,283,307,391,47,34,17,35611,1253432550.3239412,35197.90374670583,200.0,0.9940376234991745,0.8449982132078426,0.9393274519510258,32604,26327,3715,1229,31896,7223307.434689201,2486,7894136.798478955,972,26576416.364172734,200,60596091.98545001,57,1151142597.7411506,0.9654881918508326
2026-05-10,1360,0,0,0.0,0.0,1068830503.7793176,238,242,315,29,16,10,35634,1261757646.3239415,35408.813108939255,200.0,0.9940590281912606,0.8490020761771296,0.9383478891893033,32626,26341,3721,1236,31913,7228260.640569001,2485,7860204.0489677265,972,26593381.388033878,208,62957913.9332154,56,1157117886.3131557,0.9653140259302913
2026-05-11,1939,0,0,0.0,0.0,1202915380.018378,314,348,439,36,38,28,35660,1274381091.3239415,35736.99078306061,200.0,0.994119444425041,0.8535937986647532,0.9388522613241812,32647,26362,3735,1233,31925,7229108.835916188,2502,7893325.458098313,967,26117706.336625762,209,62890204.46441865,57,1170250746.2288826,0.9654234436343242
2026-05-12,1423,0,0,0.0,0.0,199504418.78496656,335,339,461,44,57,17,35664,1289656372.3239412,36161.29352635546,200.0,0.9942462918011565,0.862874906697869,0.9423200201732191,32653,26350,3728,1223,31936,7230835.510862741,2505,7906751.415782923,970,26147047.490992792,202,62810922.95727739,51,1185560814.9490256,0.9657077164647824
2026-05-13,10953,0,0,0.0,0.0,108992802.59914152,296,9755,9837,105,39,65,35795,1301342355.3239415,36355.42269378241,200.0,0.9942320924522549,0.8610229548639415,0.9420290506415567,32789,26376,3752,1231,32043,7322073.668035665,2521,7940688.376715262,973,26077087.715785224,204,63743847.378031135,54,1196258658.1853743,0.9656097220282163
2026-05-14,1755,0,0,0.0,0.0,150647228.50161308,314,357,429,28,33,21,35811,1319027255.323941,36833.01933271735,200.0,0.9942755108330309,0.8629926659559717,0.9420317573752408,32805,26396,3771,1246,32040,7322818.349484226,2525,7940947.048380733,983,26342743.92330544,206,61885484.540998384,57,1215535261.4617727,0.9652062215520371
2026-05-15,1158,0,0,0.0,0.0,129465517.4278903,326,336,428,31,35,23,35830,1337909317.3239417,37340.477737201836,200.0,0.994318550051194,0.8624891846548604,0.941252839094371,32830,26419,3785,1253,32045,7327357.069833049,2532,7962322.449492111,987,26883626.667574905,212,66122144.0993481,54,1229613867.037693,0.9650293050516328
2026-05-16,976,0,0,0.0,0.0,136768151.96256566,264,269,346,26,32,14,35838,1349992163.3239417,37669.29413817573,200.0,0.9943887015116513,0.8654513703916142,0.9433836881353771,32831,26434,3780,1250,32058,7333224.36736886,2530,7968403.22077895,988,26870932.799323723,208,63419625.28780183,54,1244399977.648668,0.9651208214744126
2026-05-17,766,0,0,0.0,0.0,65880885.680547096,225,212,287,21,23,10,35846,1356814883.3239417,37851.22142844227,200.0,0.9944059832954539,0.8675619708009091,0.9428607773729057,32840,26440,3780,1254,32066,7334413.108025467,2526,7936128.77986625,990,27323219.259210132,211,63851456.04398487,53,1250369666.1328545,0.9650170172404173
2026-05-18,1093,0,0,0.0,0.0,106932236.77322921,298,303,382,23,33,21,35857,1370428669.3239417,38219.27850416771,200.0,0.9944449400406076,0.8672894966150002,0.9429346408645991,32847,26446,3795,1255,32062,7330028.891094833,2540,7972188.251707224,990,27567301.60130567,211,64665870.391383976,54,1262893280.18845,0.9649998605572134
2026-05-19,1031,0,0,0.0,0.0,111823003.64534235,293,305,374,28,29,18,35874,1385257651.3239415,38614.53005864809,200.0,0.9944656839500791,0.866450008361489,0.942302992061643,32864,26464,3816,1264,32058,7329560.289919894,2552,8031703.022564862,999,28225986.390680853,209,64500840.63929722,56,1277169560.981479,0.9647655683782126
2026-05-20,10604,0,0,0.0,0.0,108741233.48735154,314,9751,9817,102,28,84,36032,1400494527.3239415,38868.07635779145,200.0,0.994462703864461,0.8679843333806383,0.9417932690163022,33016,26509,3841,1271,32191,7429508.291765643,2570,8115885.98409096,997,27979642.978935994,219,65845533.8898132,55,1291123956.1793356,0.9647257992895204
2026-05-21,1351,0,0,0.0,0.0,216419968.27354643,360,338,454,25,65,22,36014,1430387197.3239417,39717.53199655528,200.0,0.9946639838476554,0.8794401597730335,0.9467643871387887,32996,26491,3818,1250,32196,7428510.628126143,2568,8099945.341879932,990,27204657.582384367,206,60451365.86725846,54,1327202717.9042928,0.9652912756150386
2026-05-22,1051,0,0,0.0,0.0,122608151.21629447,324,362,444,67,43,21,36059,1448462277.3239412,40169.230353696476,200.0,0.9946973682723971,0.8759092329633519,0.9461455481915847,33027,26515,3833,1259,32226,7430824.313146973,2574,8119365.478375869,996,27457845.779109202,209,63661588.25535666,54,1341792653.4979532,0.9650849995840151
2026-05-23,793,0,0,0.0,0.0,47828449.567614645,224,244,322,46,20,11,36096,1452234821.3239415,40232.56929643011,200.0,0.9947311056770781,0.8797478847414236,0.9476425591124554,33060,26547,3836,1255,32260,7442008.3471793905,2581,8158872.412022768,995,27147064.452947915,206,60894709.09699202,54,1348592167.0147996,0.9652316046099291
2026-05-24,1038,0,0,0.0,0.0,100527704.68265888,285,307,372,27,23,12,36112,1463559041.3239415,40528.329677778616,200.0,0.9947467635674031,0.8808343925279937,0.9472088809513335,33076,26565,3847,1259,32265,7451511.9613800105,2588,8205415.978858947,995,27385105.807108387,210,62342355.51738015,54,1358174652.059214,0.9651362428001772
2026-05-25,1812,0,0,0.0,0.0,177339528.039089,365,396,484,42,24,31,36161,1485699052.3239417,41085.67385647359,200.0,0.9947483879456251,0.8768303246340314,0.9447001520810288,33119,26603,3873,1282,32288,7460079.8771965,2591,8201440.05511138,1007,27739163.618244573,215,65319609.10276012,60,1376978759.6706288,0.9645474406128149
2026-05-26,1155,0,0,0.0,0.0,198790417.2705426,295,327,394,40,39,17,36179,1514822895.3239415,41870.22569236135,200.0,0.9948096159509316,0.8724307414578414,0.9440976708622191,33139,26618,3880,1291,32299,7461082.024056221,2589,8203502.463385284,1010,28257602.36857196,221,67383109.22607964,60,1403517599.2418485,0.9643163160949723
2026-05-27,10652,0,0,0.0,0.0,149437015.08221492,312,9758,9814,92,26,69,36314,1538065481.3239422,42354.61478559074,200.0,0.9948406483105642,0.8716272035189915,0.9447882292646478,33278,26660,3895,1295,32419,7565182.333661608,2600,8245201.688976936,1015,28532317.739095494,218,65293619.861019805,62,1428429159.7011876,0.9643388224927025
2026-05-28,1416,0,0,0.0,0.0,187240288.34480804,334,358,429,37,39,21,36333,1563398697.3239415,43029.716712738875,200.0,0.9948908247483628,0.8673324569183161,0.9440737159192165,33292,26678,3900,1301,32433,7569096.7274371805,2599,8256192.375453595,1019,28761657.89349164,216,64855377.204754785,66,1453956373.1228044,0.9641923320397435
2026-05-29,1488,0,0,0.0,0.0,171480287.3159035,357,381,464,42,33,22,36364,1588492729.3239417,43683.113225276145,200.0,0.9949547830251407,0.8665091893881993,0.9439375865187013,33315,26700,3906,1299,32458,7578595.609794151,2607,8314847.961935903,1015,28765764.51188253,221,68333677.75464275,63,1475499843.485686,0.9642778572214278
2026-05-30,971,0,0,0.0,0.0,153470914.5424272,278,294,366,28,32,19,36379,1606464055.3239417,44159.10429984171,200.0,0.9949921883526508,0.8700966281900533,0.9439333786731201,33334,26727,3908,1304,32471,7584931.387486097,2604,8272019.420444709,1013,28716225.94993455,224,67557345.39385912,67,1494333533.172217,0.9641551444514692
2026-05-31,979,0,0,0.0,0.0,132752917.02313797,323,303,415,36,55,16,36376,1621777540.3239415,44583.723892784845,200.0,0.9950988237656363,0.8741727879822307,0.9467330873163408,33316,26713,3892,1283,32484,7588085.627435926,2609,8271723.255465073,1004,27711391.90872366,212,64594083.48582416,67,1513612256.0464928,0.9647294919727293
2026-06-01,1289,0,0,0.0,0.0,99811313.72952205,435,438,566,76,48,15,36419,1633941319.3239417,44865.07919832894,200.0,0.9951537523223972,0.8813731139644204,0.9483554628228941,33326,26725,3912,1290,32507,7582019.807221685,2622,8291519.449038108,1014,28107235.18245188,216,65680690.36854455,60,1524279854.5166852,0.9645789285812351
2026-06-02,1430,0,0,0.0,0.0,113926055.68246506,516,524,681,30,81,34,36402,1651496914.3239417,45368.30158573545,200.0,0.9952649605127621,0.8824729658063101,0.9512016899422584,33276,26697,3873,1256,32529,7594643.047723736,2617,8272017.000423085,989,27317146.326705262,210,65678367.217846416,57,1542634740.7312431,0.9654964012966321
2026-06-03,10936,0,0,0.0,0.0,194449704.05573428,464,9812,9905,90,39,66,36519,1683140619.3239412,46089.449856894804,200.0,0.9953343117619596,0.8868590091477546,0.9521088450692177,33394,26690,3862,1257,32657,7686210.117168037,2605,8274949.732456259,992,27780520.529941775,209,64472106.01234402,56,1574926832.9320314,0.9655795613242422
2026-06-04,1309,0,0,0.0,0.0,139091429.6881911,445,424,537,32,54,15,36512,1704078542.3239412,46671.739217899354,200.0,0.9954242095466039,0.8884265089051918,0.9538232216829147,33362,26666,3846,1245,32666,7682844.909086884,2601,8283093.626773287,990,27590134.88272229,198,61916189.55473202,57,1598606279.350627,0.9659016213847502
2026-06-05,1345,0,0,0.0,0.0,148857254.74360803,393,387,487,31,38,12,36517,1724036655.3239412,47211.89186745738,200.0,0.9954852722006984,0.8911463136350061,0.9549912363039307,33353,26656,3837,1253,32680,7683874.073977953,2584,8180257.149770396,999,27951080.98749195,196,59837832.29002185,58,1620383610.8226795,0.9656872141742202
2026-06-06,991,0,0,0.0,0.0,79029862.65802985,280,282,359,27,28,12,36528,1738389855.3239412,47590.61145761994,200.0,0.9955368561962002,0.8927558528671535,0.9558641574362646,33353,26655,3836,1248,32692,7682036.558985859,2588,8193652.225569557,996,27720599.35254037,195,59202358.799566716,57,1635591208.3872788,0.9658344283837057
2026-06-07,757,0,0,0.0,0.0,67119885.22965814,232,268,329,36,21,14,36557,1747924565.3239417,47813.676322563166,200.0,0.9955505063350218,0.8921523059841521,0.9559216110813739,33378,26684,3844,1252,32713,7686332.6720709,2592,8239246.440562679,1001,28059478.86938513,195,60430918.752134174,56,1643508588.589789,0.9657521131383866
2026-06-08,1017,0,0,0.0,0.0,118431639.22736286,346,334,433,37,54,18,36558,1761254269.3239412,48176.98641402542,200.0,0.9955850347578614,0.8935601883502652,0.9553276016835951,33366,26680,3837,1246,32721,7690398.951574729,2591,8229492.517239688,990,27273370.14389521,201,64302648.571575046,55,1653758359.139657,0.9659171727118552
2026-06-09,1048,0,0,0.0,0.0,122373967.62581833,336,330,412,26,44,20,36560,1775323268.3239415,48559.170358969954,200.0,0.9956364920827986,0.8954493891166878,0.956024664924526,33356,26671,3826,1234,32734,7694688.508058467,2592,8250318.222015193,981,26857154.475062735,198,64319871.20559364,55,1668201235.913211,0.9662472647702407
2026-06-10,12322,0,0,0.0,0.0,113014910.96055369,331,11535,11610,1306,51,819,38634,1796175344.3239415,46492.08842791172,200.0,0.9958310991242562,0.8941164996990904,0.9553112471814125,35476,27381,3863,1255,34771,7784667.899174122,2608,8289523.547226427,992,27146826.744878016,208,66726390.99971493,55,1686227935.1329482,0.9675156597815395
2026-06-11,1094,0,0,0.0,0.0,137010999.1147516,322,332,420,29,36,19,38646,1809933001.3239417,46833.643878381765,200.0,0.995863579211408,0.8931101844979822,0.9559523509395368,35481,27392,3872,1251,34774,7785430.835090384,2621,8347149.291344054,989,26887924.814219285,209,68244118.31171343,53,1698668378.0715744,0.9676292501164415
2026-06-12,915,0,0,0.0,0.0,86398363.6209915,303,310,398,21,41,20,38646,1825022177.3239422,47224.089875380174,200.0,0.9958873750309291,0.8914447612700643,0.9557483842290853,35471,27392,3875,1251,34771,7785217.72149249,2624,8344606.450522242,989,27155936.391388245,206,66951461.62477218,56,1714784955.1357667,0.9676292501164415
2026-06-13,591,0,0,0.0,0.0,46282083.682578936,218,221,283,20,25,11,38652,1830869177.3239422,47368.0321153871,200.0,0.9959152622331786,0.8936976703161164,0.9558185041017023,35463,27383,3863,1241,34789,7789069.006050458,2622,8320943.315660287,983,27069213.805268772,205,69822473.94430996,53,1717867477.2526526,0.9678929938942358
2026-06-14,658,0,0,0.0,0.0,65572336.45774461,220,228,288,18,25,9,38654,1839200553.3239422,47581.11846960062,200.0,0.995935288133618,0.8932901733673085,0.9561492157781916,35455,27376,3860,1245,34794,7790786.5545016285,2615,8279824.798285422,987,27052766.421857033,203,68040302.39384973,55,1728036873.155448,0.9677911729704558
2026-06-15,1176,0,0,0.0,0.0,132261345.12115492,348,375,444,33,34,24,38677,1860314739.323942,48098.73411391633,200.0,0.9959409089996807,0.8920456758615645,0.9550969101729371,35463,27392,3884,1267,34793,7785847.318346461,2617,8262854.476757513,996,27602634.055540778,218,72637533.58798356,53,1744025869.885313,0.9672415130439279
2026-06-16,930,0,0,0.0,0.0,78233259.26492274,285,320,383,33,41,16,38685,1872159735.3239417,48394.978294531255,200.0,0.9959513976748054,0.8912002714443258,0.9545045087320595,35472,27395,3886,1270,34799,7786349.109856015,2616,8259561.651947906,996,27717793.080766622,219,73873140.40815534,55,1754522891.0732155,0.9671707380121494
2026-06-17,10724,0,0,0.0,0.0,109055006.69581175,351,9756,9835,94,38,91,38832,1886434942.3239417,48579.39179861819,200.0,0.9959334145937929,0.8947376668395113,0.9550778052323154,35642,27661,3952,1281,34880,7893454.716487974,2671,8400566.701052198,1007,27762893.117568184,218,71348939.93658453,56,1771029087.8522484,0.9670117428924598
2026-06-18,1093,0,0,0.0,0.0,123892261.03536782,284,281,355,18,42,8,38816,1901431442.3239415,48985.76469301168,200.0,0.9959730244757224,0.8955634836344556,0.9553144481887066,35621,27649,3935,1270,34881,7894830.913283288,2665,8388479.899920781,993,27142979.322516903,220,71520067.56191699,57,1786485084.6263034,0.9672815333882935
2026-06-19,1308,0,0,0.0,0.0,172113740.8132135,370,352,459,27,72,16,38787,1919606293.3239415,49490.97102957025,200.0,0.9960448363283579,0.8971826467481132,0.9565976246312393,35584,27613,3906,1254,34881,7893566.112933898,2652,8329250.477363079,982,26440559.284876198,214,68945492.86725509,58,1807997424.5815127,0.9676695800139222
2026-06-20,873,0,0,0.0,0.0,74795372.55867572,265,255,337,19,37,9,38778,1927056848.3239412,49694.59096198724,200.0,0.9960999910624415,0.9007495688412898,0.9586091446170584,35561,27597,3894,1235,34884,7889075.036850648,2659,8344349.777111039,974,26180131.373454504,205,66943930.65103631,56,1817699361.4854887,0.9681520449739544
2026-06-21,774,0,0,0.0,0.0,62352825.25211054,228,240,305,18,30,17,38783,1936739778.3239417,49937.85365556923,200.0,0.9961112564784647,0.9000237395171957,0.9576668530990579,35554,27592,3892,1232,34891,7886155.550720081,2660,8308838.777705908,966,26003410.53947178,207,67683500.0214602,59,1826857873.4345834,0.9682335043704716
2026-06-22,1190,0,0,0.0,0.0,116485796.14443602,304,325,393,26,26,20,38803,1949432924.3239417,50239.23212957611,200.0,0.9961125559615475,0.9005986106974814,0.9572512818721043,35563,27604,3905,1250,34898,7883067.959180363,2655,8278089.995722124,976,26790038.166341007,217,69729933.60536283,57,1836751794.5973353,0.9677859959281498
2026-06-23,1036,0,0,0.0,0.0,131532227.8105493,264,291,350,21,16,23,38831,1967622421.3239417,50671.43316741628,200.0,0.9961109211739895,0.8984051159560636,0.9551553108131942,35582,27619,3916,1259,34915,7884503.349526253,2657,8309476.0238288,972,26883708.54543948,232,76102484.21763287,55,1848442249.1875143,0.9675774510056399
2026-06-24,10686,0,0,0.0,0.0,134986008.82541367,324,9750,9824,126,48,74,38983,1985153103.3239417,50923.559072517295,200.0,0.9961648787732567,0.8999889733272712,0.9574797401844626,35773,27691,3906,1246,35077,7976582.4316177685,2660,8330395.945731392,974,26708062.406603247,216,71595476.04052064,56,1870542586.4994683,0.9680373496139343
2026-06-25,1163,0,0,0.0,0.0,92806422.80813609,337,350,418,17,35,20,38985,1997611055.3239415,51240.504176579234,200.0,0.9961625558959116,0.8992203984790872,0.9565161870704801,35769,27696,3911,1260,35074,7977648.752020358,2651,8299545.783427965,982,27298676.50881558,221,73259654.04942249,57,1880775530.2302551,0.9676798768757214
2026-06-26,1347,0,0,0.0,0.0,90374398.4974546,343,362,440,26,32,17,38996,2010547512.3239415,51557.78829428509,200.0,0.9961852632397824,0.9000465155920905,0.9563139692395014,35764,27685,3899,1261,35097,7982328.971522149,2638,8265746.650065938,984,27672067.224132903,216,70341259.28898251,61,1896286110.1892378,0.9676633500871884
2026-06-27,1021,0,0,0.0,0.0,54130167.271874845,254,272,331,11,34,7,38980,2017010319.3239415,51744.74908475991,200.0,0.9962273695473309,0.902770085120282,0.9574963303457201,35736,27664,3889,1243,35091,7976572.682586727,2646,8303274.386012243,969,27055287.019005194,217,70280108.89279468,57,1903395076.3435426,0.9681118522319138
2026-06-28,918,0,0,0.0,0.0,78254617.82964538,237,253,305,18,16,15,38997,2025054249.3239415,51928.462428492996,200.0,0.9962445052628004,0.9044529550916731,0.9580832107956081,35752,27671,3903,1244,35094,7973097.437853891,2659,8355497.445645978,973,27273063.32249161,216,70097418.7051959,55,1911355172.4127543,0.9681001102648922
2026-06-29,1068,1,0,800000000.0,0.0,89530195.91626756,299,325,401,26,51,21,38993,2036415006.323941,52225.14313656146,200.0,0.996279008955862,0.9043199406121685,0.9587144010134266,35729,27657,3890,1236,35103,7973810.856942848,2654,8319921.110423131,967,27071057.89558008,214,69415538.15500298,55,1923634678.3059926,0.9683020029236017
2026-06-30,1397,0,0,0.0,0.0,198439187.1797677,343,387,452,34,38,17,39006,2056335262.3239417,52718.43465938424,200.0,0.9962750882356785,0.8993800407237589,0.9577817983720905,35734,27663,3903,1250,35103,7969373.174786401,2653,8347649.715929443,974,27678819.88253758,212,66939557.26851711,64,1945399862.2821708,0.9679536481566938
2026-07-01,10646,0,0,0.0,0.0,182068023.9872557,380,9738,9803,70,35,61,39102,2083045671.323942,53272.10043793008,200.0,0.9962728594221455,0.898141122246668,0.9572091658868321,35856,27760,3928,1265,35174,8058230.493071357,2663,8358663.835883658,981,27888514.17425236,219,68523572.80178879,65,1970216690.0189452,0.9676487136207866
2026-07-02,1062,0,0,0.0,0.0,159897637.2331147,277,289,365,17,33,21,39107,2106350971.3239417,53861.22615705479,200.0,0.9963078351889381,0.8962185369733516,0.9572053568621013,35854,27762,3920,1261,35187,8062413.868736927,2659,8354454.761587659,974,27613818.56916914,222,69917873.84464669,65,1992402410.279801,0.9677551333520853
2026-07-03,1166,0,0,0.0,0.0,186186544.99846295,310,335,411,18,30,17,39112,2126953317.3239417,54381.0932021871,200.0,0.9963437352948414,0.8979023038580065,0.9575920569558577,35847,27764,3924,1262,35188,8056384.456744036,2662,8351993.172017474,974,27708836.594059445,225,71208598.95073101,63,2011627504.1503894,0.9677336878707302
2026-07-04,870,0,0,0.0,0.0,129577354.47956432,251,277,344,16,32,23,39119,2142918977.3239422,54779.49276116317,200.0,0.9963764142083826,0.9009004466834378,0.9583059336891777,35843,27770,3922,1266,35197,8059086.374681713,2656,8321463.421230415,978,27839910.035675503,229,73038153.52045697,59,2025660363.971897,0.9676372095401212
2026-07-05,770,0,0,0.0,0.0,92940341.8215515,262,262,341,27,38,15,39123,2154843037.3239417,55078.6759022555,200.0,0.9964223180589235,0.9013178637936164,0.9599580749381388,35835,27758,3916,1261,35207,8056119.364515461,2655,8314363.248562019,981,27556490.20422896,221,69879884.29261485,59,2041036180.2140203,0.9677683204253252
2026-07-06,1145,0,0,0.0,0.0,169552260.12571222,317,364,434,22,45,19,39119,2184052897.3239417,55831.00021278513,200.0,0.9964549493426131,0.899638751063981,0.9594289445076557,35819,27753,3910,1262,35209,8059134.268948068,2648,8288226.641667808,976,27172494.16735043,226,74004224.87929955,60,2066528817.3666756,0.96773946164268
2026-07-07,1074,0,0,0.0,0.0,143676036.72024345,316,346,427,28,28,18,39137,2210923297.323941,56491.89506921689,200.0,0.996492534344476,0.8984145010759899,0.9597468716859135,35823,27758,3911,1261,35226,8057832.270313725,2650,8336697.1311368905,975,27166970.304572955,225,73488436.57476607,61,2093873361.043152,0.9677798502695659
2026-07-08,10125,0,0,0.0,0.0,120392909.28779037,289,9534,9600,58,35,57,39217,2226593153.3239417,56776.223406276404,200.0,0.9965042452325928,0.9005021892667514,0.9609191282595861,35929,27806,3926,1261,35291,8150315.645027368,2665,8366763.47775391,976,27037078.414434128,225,71180105.54948553,60,2111858890.2372403,0.9678455771731647
